ISO-10303-21;
HEADER;
/* Generated by software containing ST-Developer
 * from STEP Tools, Inc. (www.steptools.com) 
 */
/* OPTION: strings as raw bytes, not using required /X/ escapes */

FILE_DESCRIPTION(
/* description */ ('Unknown'),
/* implementation_level */ '2;1');

FILE_NAME(
/* name */ 'QPA0001',
/* time_stamp */ '2025-01-15T14:32:34+02:00',
/* author */ ('Unknown'),
/* organization */ ('Unknown'),
/* preprocessor_version */ 'ST-DEVELOPER v19.4',
/* originating_system */ 'Solid Edge',
/* authorisation */ 'Unknown');

FILE_SCHEMA (('AUTOMOTIVE_DESIGN {1 0 10303 214 3 1 1}'));
ENDSEC;

DATA;
#10=PROPERTY_DEFINITION_REPRESENTATION(#14,#12);
#11=PROPERTY_DEFINITION_REPRESENTATION(#15,#13);
#12=REPRESENTATION('',(#16),#9252);
#13=REPRESENTATION('',(#17),#9252);
#14=PROPERTY_DEFINITION('pmi validation property','',#9257);
#15=PROPERTY_DEFINITION('pmi validation property','',#9257);
#16=VALUE_REPRESENTATION_ITEM('number of annotations',COUNT_MEASURE(0.));
#17=VALUE_REPRESENTATION_ITEM('number of views',COUNT_MEASURE(0.));
#18=SHAPE_REPRESENTATION_RELATIONSHIP('','',#6388,#19);
#19=ADVANCED_BREP_SHAPE_REPRESENTATION('',(#6386),#9252);
#20=CYLINDRICAL_SURFACE('',#6531,0.0969889747493041);
#21=CYLINDRICAL_SURFACE('',#6534,0.0921545296985705);
#22=CYLINDRICAL_SURFACE('',#6539,0.0921545296985705);
#23=CYLINDRICAL_SURFACE('',#6542,0.0969889747493041);
#24=CYLINDRICAL_SURFACE('',#6546,0.0921545296985705);
#25=CYLINDRICAL_SURFACE('',#6549,0.0969889747493041);
#26=CYLINDRICAL_SURFACE('',#6555,0.0921545296985705);
#27=CYLINDRICAL_SURFACE('',#6558,0.0969889747493041);
#28=CYLINDRICAL_SURFACE('',#6560,0.0921545296985705);
#29=CYLINDRICAL_SURFACE('',#6565,0.0969889747493041);
#30=CYLINDRICAL_SURFACE('',#6568,0.0921545296985705);
#31=CYLINDRICAL_SURFACE('',#6573,0.0969889747493041);
#32=CYLINDRICAL_SURFACE('',#6576,0.0887471063211753);
#33=CYLINDRICAL_SURFACE('',#6581,0.0974614140087399);
#34=CYLINDRICAL_SURFACE('',#6585,0.0887471063211753);
#35=CYLINDRICAL_SURFACE('',#6590,0.0974614140087399);
#36=CYLINDRICAL_SURFACE('',#6592,0.0887471063211753);
#37=CYLINDRICAL_SURFACE('',#6595,0.0974614140087399);
#38=CYLINDRICAL_SURFACE('',#6602,0.0887471063211753);
#39=CYLINDRICAL_SURFACE('',#6605,0.0974614140087399);
#40=CYLINDRICAL_SURFACE('',#6615,0.0887471063211753);
#41=CYLINDRICAL_SURFACE('',#6618,0.0974614140087399);
#42=CYLINDRICAL_SURFACE('',#6624,0.0887471063211753);
#43=CYLINDRICAL_SURFACE('',#6627,0.0974614140087399);
#44=CYLINDRICAL_SURFACE('',#6632,0.0887471063211753);
#45=CYLINDRICAL_SURFACE('',#6635,0.0974614140087399);
#46=CYLINDRICAL_SURFACE('',#6639,0.0887471063211753);
#47=CYLINDRICAL_SURFACE('',#6644,0.0974614140087399);
#48=CYLINDRICAL_SURFACE('',#6647,0.0887471063211753);
#49=CYLINDRICAL_SURFACE('',#6652,0.0974614140087399);
#50=CYLINDRICAL_SURFACE('',#6654,0.0887471063211753);
#51=CYLINDRICAL_SURFACE('',#6659,0.0974614140087399);
#52=CYLINDRICAL_SURFACE('',#6663,0.0887471063211753);
#53=CYLINDRICAL_SURFACE('',#6668,0.0974614140087399);
#54=CYLINDRICAL_SURFACE('',#6671,0.0974614140087399);
#55=CYLINDRICAL_SURFACE('',#6676,0.0887471063211753);
#56=CYLINDRICAL_SURFACE('',#6681,0.0921545296985705);
#57=CYLINDRICAL_SURFACE('',#6684,0.0969889747493041);
#58=CYLINDRICAL_SURFACE('',#6686,0.0921545296985705);
#59=CYLINDRICAL_SURFACE('',#6691,0.0969889747493041);
#60=CYLINDRICAL_SURFACE('',#6723,0.156094309167066);
#61=CIRCLE('',#6452,0.0969889747493041);
#62=CIRCLE('',#6453,0.0921545296985705);
#63=CIRCLE('',#6455,0.0969889747493041);
#64=CIRCLE('',#6456,0.0921545296985705);
#65=CIRCLE('',#6458,0.0969889747493041);
#66=CIRCLE('',#6459,0.0921545296985705);
#67=CIRCLE('',#6461,0.0969889747493041);
#68=CIRCLE('',#6462,0.0921545296985705);
#69=CIRCLE('',#6464,0.0969889747493041);
#70=CIRCLE('',#6465,0.0921545296985705);
#71=CIRCLE('',#6467,0.0969889747493041);
#72=CIRCLE('',#6468,0.0921545296985705);
#73=CIRCLE('',#6470,0.0974614140087399);
#74=CIRCLE('',#6471,0.0887471063211753);
#75=CIRCLE('',#6473,0.0974614140087399);
#76=CIRCLE('',#6474,0.0887471063211753);
#77=CIRCLE('',#6476,0.0974614140087399);
#78=CIRCLE('',#6477,0.0887471063211753);
#79=CIRCLE('',#6479,0.0974614140087399);
#80=CIRCLE('',#6480,0.0887471063211753);
#81=CIRCLE('',#6483,0.0974614140087399);
#82=CIRCLE('',#6484,0.0887471063211753);
#83=CIRCLE('',#6502,0.0974614140087399);
#84=CIRCLE('',#6503,0.0887471063211753);
#85=CIRCLE('',#6505,0.0974614140087399);
#86=CIRCLE('',#6506,0.0887471063211753);
#87=CIRCLE('',#6508,0.0974614140087399);
#88=CIRCLE('',#6509,0.0887471063211753);
#89=CIRCLE('',#6511,0.0974614140087399);
#90=CIRCLE('',#6512,0.0887471063211753);
#91=CIRCLE('',#6514,0.0974614140087399);
#92=CIRCLE('',#6515,0.0887471063211753);
#93=CIRCLE('',#6517,0.0974614140087399);
#94=CIRCLE('',#6518,0.0887471063211753);
#95=CIRCLE('',#6520,0.0974614140087399);
#96=CIRCLE('',#6521,0.0887471063211753);
#97=CIRCLE('',#6523,0.0969889747493041);
#98=CIRCLE('',#6524,0.0921545296985705);
#99=CIRCLE('',#6526,0.0969889747493041);
#100=CIRCLE('',#6527,0.0921545296985705);
#101=CIRCLE('',#6532,0.0969889747493041);
#102=CIRCLE('',#6535,0.0921545296985705);
#103=CIRCLE('',#6540,0.0921545296985705);
#104=CIRCLE('',#6543,0.0969889747493041);
#105=CIRCLE('',#6547,0.0921545296985705);
#106=CIRCLE('',#6550,0.0969889747493041);
#107=CIRCLE('',#6556,0.0921545296985705);
#108=CIRCLE('',#6559,0.0969889747493041);
#109=CIRCLE('',#6561,0.0921545296985705);
#110=CIRCLE('',#6566,0.0969889747493041);
#111=CIRCLE('',#6569,0.0921545296985705);
#112=CIRCLE('',#6574,0.0969889747493041);
#113=CIRCLE('',#6577,0.0887471063211753);
#114=CIRCLE('',#6582,0.0974614140087399);
#115=CIRCLE('',#6586,0.0887471063211753);
#116=CIRCLE('',#6591,0.0974614140087399);
#117=CIRCLE('',#6593,0.0887471063211753);
#118=CIRCLE('',#6596,0.0974614140087399);
#119=CIRCLE('',#6603,0.0887471063211753);
#120=CIRCLE('',#6606,0.0974614140087399);
#121=CIRCLE('',#6616,0.0887471063211753);
#122=CIRCLE('',#6619,0.0974614140087399);
#123=CIRCLE('',#6625,0.0887471063211753);
#124=CIRCLE('',#6628,0.0974614140087399);
#125=CIRCLE('',#6633,0.0887471063211753);
#126=CIRCLE('',#6636,0.0974614140087399);
#127=CIRCLE('',#6640,0.0887471063211753);
#128=CIRCLE('',#6645,0.0974614140087399);
#129=CIRCLE('',#6648,0.0887471063211753);
#130=CIRCLE('',#6653,0.0974614140087399);
#131=CIRCLE('',#6655,0.0887471063211753);
#132=CIRCLE('',#6660,0.0974614140087399);
#133=CIRCLE('',#6664,0.0887471063211753);
#134=CIRCLE('',#6669,0.0974614140087399);
#135=CIRCLE('',#6672,0.0974614140087399);
#136=CIRCLE('',#6677,0.0887471063211753);
#137=CIRCLE('',#6682,0.0921545296985705);
#138=CIRCLE('',#6685,0.0969889747493041);
#139=CIRCLE('',#6687,0.0921545296985705);
#140=CIRCLE('',#6692,0.0969889747493041);
#141=CIRCLE('',#6698,0.156094309167066);
#142=CIRCLE('',#6724,0.156094309167066);
#143=ORIENTED_EDGE('',*,*,#1401,.T.);
#144=ORIENTED_EDGE('',*,*,#1402,.F.);
#145=ORIENTED_EDGE('',*,*,#1403,.T.);
#146=ORIENTED_EDGE('',*,*,#1404,.T.);
#147=ORIENTED_EDGE('',*,*,#1405,.T.);
#148=ORIENTED_EDGE('',*,*,#1404,.F.);
#149=ORIENTED_EDGE('',*,*,#1406,.T.);
#150=ORIENTED_EDGE('',*,*,#1407,.T.);
#151=ORIENTED_EDGE('',*,*,#1408,.T.);
#152=ORIENTED_EDGE('',*,*,#1409,.F.);
#153=ORIENTED_EDGE('',*,*,#1410,.T.);
#154=ORIENTED_EDGE('',*,*,#1402,.T.);
#155=ORIENTED_EDGE('',*,*,#1411,.F.);
#156=ORIENTED_EDGE('',*,*,#1406,.F.);
#157=ORIENTED_EDGE('',*,*,#1403,.F.);
#158=ORIENTED_EDGE('',*,*,#1410,.F.);
#159=ORIENTED_EDGE('',*,*,#1412,.T.);
#160=ORIENTED_EDGE('',*,*,#1407,.F.);
#161=ORIENTED_EDGE('',*,*,#1411,.T.);
#162=ORIENTED_EDGE('',*,*,#1409,.T.);
#163=ORIENTED_EDGE('',*,*,#1413,.F.);
#164=ORIENTED_EDGE('',*,*,#1414,.F.);
#165=ORIENTED_EDGE('',*,*,#1415,.F.);
#166=ORIENTED_EDGE('',*,*,#1416,.F.);
#167=ORIENTED_EDGE('',*,*,#1417,.F.);
#168=ORIENTED_EDGE('',*,*,#1418,.T.);
#169=ORIENTED_EDGE('',*,*,#1419,.F.);
#170=ORIENTED_EDGE('',*,*,#1420,.F.);
#171=ORIENTED_EDGE('',*,*,#1421,.F.);
#172=ORIENTED_EDGE('',*,*,#1422,.F.);
#173=ORIENTED_EDGE('',*,*,#1423,.F.);
#174=ORIENTED_EDGE('',*,*,#1424,.F.);
#175=ORIENTED_EDGE('',*,*,#1425,.T.);
#176=ORIENTED_EDGE('',*,*,#1426,.F.);
#177=ORIENTED_EDGE('',*,*,#1427,.F.);
#178=ORIENTED_EDGE('',*,*,#1428,.T.);
#179=ORIENTED_EDGE('',*,*,#1429,.F.);
#180=ORIENTED_EDGE('',*,*,#1430,.T.);
#181=ORIENTED_EDGE('',*,*,#1431,.F.);
#182=ORIENTED_EDGE('',*,*,#1432,.F.);
#183=ORIENTED_EDGE('',*,*,#1433,.F.);
#184=ORIENTED_EDGE('',*,*,#1434,.F.);
#185=ORIENTED_EDGE('',*,*,#1435,.F.);
#186=ORIENTED_EDGE('',*,*,#1436,.F.);
#187=ORIENTED_EDGE('',*,*,#1401,.F.);
#188=ORIENTED_EDGE('',*,*,#1405,.F.);
#189=ORIENTED_EDGE('',*,*,#1412,.F.);
#190=ORIENTED_EDGE('',*,*,#1408,.F.);
#191=ORIENTED_EDGE('',*,*,#1413,.T.);
#192=ORIENTED_EDGE('',*,*,#1437,.F.);
#193=ORIENTED_EDGE('',*,*,#1438,.T.);
#194=ORIENTED_EDGE('',*,*,#1439,.T.);
#195=ORIENTED_EDGE('',*,*,#1414,.T.);
#196=ORIENTED_EDGE('',*,*,#1439,.F.);
#197=ORIENTED_EDGE('',*,*,#1440,.T.);
#198=ORIENTED_EDGE('',*,*,#1441,.T.);
#199=ORIENTED_EDGE('',*,*,#1415,.T.);
#200=ORIENTED_EDGE('',*,*,#1441,.F.);
#201=ORIENTED_EDGE('',*,*,#1442,.T.);
#202=ORIENTED_EDGE('',*,*,#1443,.T.);
#203=ORIENTED_EDGE('',*,*,#1416,.T.);
#204=ORIENTED_EDGE('',*,*,#1443,.F.);
#205=ORIENTED_EDGE('',*,*,#1444,.T.);
#206=ORIENTED_EDGE('',*,*,#1437,.T.);
#207=ORIENTED_EDGE('',*,*,#1438,.F.);
#208=ORIENTED_EDGE('',*,*,#1444,.F.);
#209=ORIENTED_EDGE('',*,*,#1442,.F.);
#210=ORIENTED_EDGE('',*,*,#1440,.F.);
#211=ORIENTED_EDGE('',*,*,#1419,.T.);
#212=ORIENTED_EDGE('',*,*,#1445,.F.);
#213=ORIENTED_EDGE('',*,*,#1446,.T.);
#214=ORIENTED_EDGE('',*,*,#1447,.T.);
#215=ORIENTED_EDGE('',*,*,#1417,.T.);
#216=ORIENTED_EDGE('',*,*,#1448,.F.);
#217=ORIENTED_EDGE('',*,*,#1449,.T.);
#218=ORIENTED_EDGE('',*,*,#1450,.T.);
#219=ORIENTED_EDGE('',*,*,#1451,.F.);
#220=ORIENTED_EDGE('',*,*,#1446,.F.);
#221=ORIENTED_EDGE('',*,*,#1452,.F.);
#222=ORIENTED_EDGE('',*,*,#1449,.F.);
#223=ORIENTED_EDGE('',*,*,#1418,.F.);
#224=ORIENTED_EDGE('',*,*,#1450,.F.);
#225=ORIENTED_EDGE('',*,*,#1452,.T.);
#226=ORIENTED_EDGE('',*,*,#1445,.T.);
#227=ORIENTED_EDGE('',*,*,#1420,.T.);
#228=ORIENTED_EDGE('',*,*,#1447,.F.);
#229=ORIENTED_EDGE('',*,*,#1451,.T.);
#230=ORIENTED_EDGE('',*,*,#1448,.T.);
#231=ORIENTED_EDGE('',*,*,#1453,.F.);
#232=ORIENTED_EDGE('',*,*,#1454,.F.);
#233=ORIENTED_EDGE('',*,*,#1455,.F.);
#234=ORIENTED_EDGE('',*,*,#1456,.F.);
#235=ORIENTED_EDGE('',*,*,#1433,.T.);
#236=ORIENTED_EDGE('',*,*,#1457,.F.);
#237=ORIENTED_EDGE('',*,*,#1456,.T.);
#238=ORIENTED_EDGE('',*,*,#1458,.T.);
#239=ORIENTED_EDGE('',*,*,#1434,.T.);
#240=ORIENTED_EDGE('',*,*,#1458,.F.);
#241=ORIENTED_EDGE('',*,*,#1455,.T.);
#242=ORIENTED_EDGE('',*,*,#1459,.T.);
#243=ORIENTED_EDGE('',*,*,#1435,.T.);
#244=ORIENTED_EDGE('',*,*,#1459,.F.);
#245=ORIENTED_EDGE('',*,*,#1454,.T.);
#246=ORIENTED_EDGE('',*,*,#1460,.T.);
#247=ORIENTED_EDGE('',*,*,#1436,.T.);
#248=ORIENTED_EDGE('',*,*,#1460,.F.);
#249=ORIENTED_EDGE('',*,*,#1453,.T.);
#250=ORIENTED_EDGE('',*,*,#1457,.T.);
#251=ORIENTED_EDGE('',*,*,#1429,.T.);
#252=ORIENTED_EDGE('',*,*,#1461,.F.);
#253=ORIENTED_EDGE('',*,*,#1462,.T.);
#254=ORIENTED_EDGE('',*,*,#1463,.T.);
#255=ORIENTED_EDGE('',*,*,#1431,.T.);
#256=ORIENTED_EDGE('',*,*,#1464,.F.);
#257=ORIENTED_EDGE('',*,*,#1465,.T.);
#258=ORIENTED_EDGE('',*,*,#1466,.T.);
#259=ORIENTED_EDGE('',*,*,#1467,.F.);
#260=ORIENTED_EDGE('',*,*,#1465,.F.);
#261=ORIENTED_EDGE('',*,*,#1468,.F.);
#262=ORIENTED_EDGE('',*,*,#1462,.F.);
#263=ORIENTED_EDGE('',*,*,#1430,.F.);
#264=ORIENTED_EDGE('',*,*,#1463,.F.);
#265=ORIENTED_EDGE('',*,*,#1468,.T.);
#266=ORIENTED_EDGE('',*,*,#1464,.T.);
#267=ORIENTED_EDGE('',*,*,#1432,.T.);
#268=ORIENTED_EDGE('',*,*,#1466,.F.);
#269=ORIENTED_EDGE('',*,*,#1467,.T.);
#270=ORIENTED_EDGE('',*,*,#1461,.T.);
#271=ORIENTED_EDGE('',*,*,#1469,.F.);
#272=ORIENTED_EDGE('',*,*,#1470,.F.);
#273=ORIENTED_EDGE('',*,*,#1471,.F.);
#274=ORIENTED_EDGE('',*,*,#1472,.F.);
#275=ORIENTED_EDGE('',*,*,#1421,.T.);
#276=ORIENTED_EDGE('',*,*,#1473,.F.);
#277=ORIENTED_EDGE('',*,*,#1470,.T.);
#278=ORIENTED_EDGE('',*,*,#1474,.T.);
#279=ORIENTED_EDGE('',*,*,#1424,.T.);
#280=ORIENTED_EDGE('',*,*,#1475,.F.);
#281=ORIENTED_EDGE('',*,*,#1471,.T.);
#282=ORIENTED_EDGE('',*,*,#1473,.T.);
#283=ORIENTED_EDGE('',*,*,#1423,.T.);
#284=ORIENTED_EDGE('',*,*,#1476,.F.);
#285=ORIENTED_EDGE('',*,*,#1472,.T.);
#286=ORIENTED_EDGE('',*,*,#1475,.T.);
#287=ORIENTED_EDGE('',*,*,#1422,.T.);
#288=ORIENTED_EDGE('',*,*,#1474,.F.);
#289=ORIENTED_EDGE('',*,*,#1469,.T.);
#290=ORIENTED_EDGE('',*,*,#1476,.T.);
#291=ORIENTED_EDGE('',*,*,#1477,.T.);
#292=ORIENTED_EDGE('',*,*,#1478,.F.);
#293=ORIENTED_EDGE('',*,*,#1479,.F.);
#294=ORIENTED_EDGE('',*,*,#1480,.T.);
#295=ORIENTED_EDGE('',*,*,#1481,.T.);
#296=ORIENTED_EDGE('',*,*,#1480,.F.);
#297=ORIENTED_EDGE('',*,*,#1482,.F.);
#298=ORIENTED_EDGE('',*,*,#1483,.T.);
#299=ORIENTED_EDGE('',*,*,#1484,.T.);
#300=ORIENTED_EDGE('',*,*,#1483,.F.);
#301=ORIENTED_EDGE('',*,*,#1485,.F.);
#302=ORIENTED_EDGE('',*,*,#1486,.T.);
#303=ORIENTED_EDGE('',*,*,#1487,.T.);
#304=ORIENTED_EDGE('',*,*,#1486,.F.);
#305=ORIENTED_EDGE('',*,*,#1488,.F.);
#306=ORIENTED_EDGE('',*,*,#1478,.T.);
#307=ORIENTED_EDGE('',*,*,#1479,.T.);
#308=ORIENTED_EDGE('',*,*,#1488,.T.);
#309=ORIENTED_EDGE('',*,*,#1485,.T.);
#310=ORIENTED_EDGE('',*,*,#1482,.T.);
#311=ORIENTED_EDGE('',*,*,#1489,.F.);
#312=ORIENTED_EDGE('',*,*,#1490,.F.);
#313=ORIENTED_EDGE('',*,*,#1491,.F.);
#314=ORIENTED_EDGE('',*,*,#1492,.F.);
#315=ORIENTED_EDGE('',*,*,#1493,.F.);
#316=ORIENTED_EDGE('',*,*,#1494,.F.);
#317=ORIENTED_EDGE('',*,*,#1495,.F.);
#318=ORIENTED_EDGE('',*,*,#1496,.F.);
#319=ORIENTED_EDGE('',*,*,#1497,.F.);
#320=ORIENTED_EDGE('',*,*,#1498,.F.);
#321=ORIENTED_EDGE('',*,*,#1499,.F.);
#322=ORIENTED_EDGE('',*,*,#1500,.F.);
#323=ORIENTED_EDGE('',*,*,#1501,.T.);
#324=ORIENTED_EDGE('',*,*,#1502,.F.);
#325=ORIENTED_EDGE('',*,*,#1503,.F.);
#326=ORIENTED_EDGE('',*,*,#1504,.T.);
#327=ORIENTED_EDGE('',*,*,#1505,.F.);
#328=ORIENTED_EDGE('',*,*,#1506,.F.);
#329=ORIENTED_EDGE('',*,*,#1507,.F.);
#330=ORIENTED_EDGE('',*,*,#1508,.F.);
#331=ORIENTED_EDGE('',*,*,#1509,.F.);
#332=ORIENTED_EDGE('',*,*,#1510,.F.);
#333=ORIENTED_EDGE('',*,*,#1511,.F.);
#334=ORIENTED_EDGE('',*,*,#1512,.F.);
#335=ORIENTED_EDGE('',*,*,#1477,.F.);
#336=ORIENTED_EDGE('',*,*,#1481,.F.);
#337=ORIENTED_EDGE('',*,*,#1484,.F.);
#338=ORIENTED_EDGE('',*,*,#1487,.F.);
#339=ORIENTED_EDGE('',*,*,#1490,.T.);
#340=ORIENTED_EDGE('',*,*,#1513,.F.);
#341=ORIENTED_EDGE('',*,*,#1514,.F.);
#342=ORIENTED_EDGE('',*,*,#1515,.T.);
#343=ORIENTED_EDGE('',*,*,#1492,.T.);
#344=ORIENTED_EDGE('',*,*,#1516,.F.);
#345=ORIENTED_EDGE('',*,*,#1517,.F.);
#346=ORIENTED_EDGE('',*,*,#1518,.T.);
#347=ORIENTED_EDGE('',*,*,#1514,.T.);
#348=ORIENTED_EDGE('',*,*,#1519,.T.);
#349=ORIENTED_EDGE('',*,*,#1517,.T.);
#350=ORIENTED_EDGE('',*,*,#1520,.T.);
#351=ORIENTED_EDGE('',*,*,#1489,.T.);
#352=ORIENTED_EDGE('',*,*,#1518,.F.);
#353=ORIENTED_EDGE('',*,*,#1519,.F.);
#354=ORIENTED_EDGE('',*,*,#1513,.T.);
#355=ORIENTED_EDGE('',*,*,#1491,.T.);
#356=ORIENTED_EDGE('',*,*,#1515,.F.);
#357=ORIENTED_EDGE('',*,*,#1520,.F.);
#358=ORIENTED_EDGE('',*,*,#1516,.T.);
#359=ORIENTED_EDGE('',*,*,#1512,.T.);
#360=ORIENTED_EDGE('',*,*,#1521,.F.);
#361=ORIENTED_EDGE('',*,*,#1522,.F.);
#362=ORIENTED_EDGE('',*,*,#1523,.T.);
#363=ORIENTED_EDGE('',*,*,#1510,.T.);
#364=ORIENTED_EDGE('',*,*,#1524,.F.);
#365=ORIENTED_EDGE('',*,*,#1525,.F.);
#366=ORIENTED_EDGE('',*,*,#1526,.T.);
#367=ORIENTED_EDGE('',*,*,#1522,.T.);
#368=ORIENTED_EDGE('',*,*,#1527,.T.);
#369=ORIENTED_EDGE('',*,*,#1525,.T.);
#370=ORIENTED_EDGE('',*,*,#1528,.T.);
#371=ORIENTED_EDGE('',*,*,#1509,.T.);
#372=ORIENTED_EDGE('',*,*,#1523,.F.);
#373=ORIENTED_EDGE('',*,*,#1528,.F.);
#374=ORIENTED_EDGE('',*,*,#1524,.T.);
#375=ORIENTED_EDGE('',*,*,#1511,.T.);
#376=ORIENTED_EDGE('',*,*,#1526,.F.);
#377=ORIENTED_EDGE('',*,*,#1527,.F.);
#378=ORIENTED_EDGE('',*,*,#1521,.T.);
#379=ORIENTED_EDGE('',*,*,#1493,.T.);
#380=ORIENTED_EDGE('',*,*,#1529,.F.);
#381=ORIENTED_EDGE('',*,*,#1530,.F.);
#382=ORIENTED_EDGE('',*,*,#1531,.T.);
#383=ORIENTED_EDGE('',*,*,#1530,.T.);
#384=ORIENTED_EDGE('',*,*,#1532,.T.);
#385=ORIENTED_EDGE('',*,*,#1533,.T.);
#386=ORIENTED_EDGE('',*,*,#1534,.T.);
#387=ORIENTED_EDGE('',*,*,#1496,.T.);
#388=ORIENTED_EDGE('',*,*,#1535,.F.);
#389=ORIENTED_EDGE('',*,*,#1532,.F.);
#390=ORIENTED_EDGE('',*,*,#1529,.T.);
#391=ORIENTED_EDGE('',*,*,#1494,.T.);
#392=ORIENTED_EDGE('',*,*,#1531,.F.);
#393=ORIENTED_EDGE('',*,*,#1534,.F.);
#394=ORIENTED_EDGE('',*,*,#1536,.T.);
#395=ORIENTED_EDGE('',*,*,#1495,.T.);
#396=ORIENTED_EDGE('',*,*,#1536,.F.);
#397=ORIENTED_EDGE('',*,*,#1533,.F.);
#398=ORIENTED_EDGE('',*,*,#1535,.T.);
#399=ORIENTED_EDGE('',*,*,#1505,.T.);
#400=ORIENTED_EDGE('',*,*,#1537,.F.);
#401=ORIENTED_EDGE('',*,*,#1538,.F.);
#402=ORIENTED_EDGE('',*,*,#1539,.T.);
#403=ORIENTED_EDGE('',*,*,#1508,.T.);
#404=ORIENTED_EDGE('',*,*,#1540,.F.);
#405=ORIENTED_EDGE('',*,*,#1541,.F.);
#406=ORIENTED_EDGE('',*,*,#1537,.T.);
#407=ORIENTED_EDGE('',*,*,#1507,.T.);
#408=ORIENTED_EDGE('',*,*,#1542,.F.);
#409=ORIENTED_EDGE('',*,*,#1543,.F.);
#410=ORIENTED_EDGE('',*,*,#1540,.T.);
#411=ORIENTED_EDGE('',*,*,#1506,.T.);
#412=ORIENTED_EDGE('',*,*,#1539,.F.);
#413=ORIENTED_EDGE('',*,*,#1544,.F.);
#414=ORIENTED_EDGE('',*,*,#1542,.T.);
#415=ORIENTED_EDGE('',*,*,#1538,.T.);
#416=ORIENTED_EDGE('',*,*,#1541,.T.);
#417=ORIENTED_EDGE('',*,*,#1543,.T.);
#418=ORIENTED_EDGE('',*,*,#1544,.T.);
#419=ORIENTED_EDGE('',*,*,#1545,.F.);
#420=ORIENTED_EDGE('',*,*,#1546,.F.);
#421=ORIENTED_EDGE('',*,*,#1547,.F.);
#422=ORIENTED_EDGE('',*,*,#1548,.F.);
#423=ORIENTED_EDGE('',*,*,#1549,.F.);
#424=ORIENTED_EDGE('',*,*,#1550,.F.);
#425=ORIENTED_EDGE('',*,*,#1551,.F.);
#426=ORIENTED_EDGE('',*,*,#1552,.F.);
#427=ORIENTED_EDGE('',*,*,#1553,.F.);
#428=ORIENTED_EDGE('',*,*,#1554,.F.);
#429=ORIENTED_EDGE('',*,*,#1555,.F.);
#430=ORIENTED_EDGE('',*,*,#1556,.F.);
#431=ORIENTED_EDGE('',*,*,#1557,.F.);
#432=ORIENTED_EDGE('',*,*,#1558,.F.);
#433=ORIENTED_EDGE('',*,*,#1559,.F.);
#434=ORIENTED_EDGE('',*,*,#1560,.F.);
#435=ORIENTED_EDGE('',*,*,#1561,.F.);
#436=ORIENTED_EDGE('',*,*,#1562,.F.);
#437=ORIENTED_EDGE('',*,*,#1563,.F.);
#438=ORIENTED_EDGE('',*,*,#1564,.F.);
#439=ORIENTED_EDGE('',*,*,#1565,.F.);
#440=ORIENTED_EDGE('',*,*,#1566,.F.);
#441=ORIENTED_EDGE('',*,*,#1567,.T.);
#442=ORIENTED_EDGE('',*,*,#1568,.T.);
#443=ORIENTED_EDGE('',*,*,#1569,.T.);
#444=ORIENTED_EDGE('',*,*,#1570,.T.);
#445=ORIENTED_EDGE('',*,*,#1571,.T.);
#446=ORIENTED_EDGE('',*,*,#1572,.T.);
#447=ORIENTED_EDGE('',*,*,#1573,.T.);
#448=ORIENTED_EDGE('',*,*,#1574,.T.);
#449=ORIENTED_EDGE('',*,*,#1575,.T.);
#450=ORIENTED_EDGE('',*,*,#1576,.T.);
#451=ORIENTED_EDGE('',*,*,#1577,.T.);
#452=ORIENTED_EDGE('',*,*,#1578,.T.);
#453=ORIENTED_EDGE('',*,*,#1579,.T.);
#454=ORIENTED_EDGE('',*,*,#1580,.T.);
#455=ORIENTED_EDGE('',*,*,#1581,.T.);
#456=ORIENTED_EDGE('',*,*,#1582,.T.);
#457=ORIENTED_EDGE('',*,*,#1583,.T.);
#458=ORIENTED_EDGE('',*,*,#1584,.T.);
#459=ORIENTED_EDGE('',*,*,#1585,.F.);
#460=ORIENTED_EDGE('',*,*,#1586,.F.);
#461=ORIENTED_EDGE('',*,*,#1587,.F.);
#462=ORIENTED_EDGE('',*,*,#1588,.F.);
#463=ORIENTED_EDGE('',*,*,#1589,.F.);
#464=ORIENTED_EDGE('',*,*,#1590,.F.);
#465=ORIENTED_EDGE('',*,*,#1591,.F.);
#466=ORIENTED_EDGE('',*,*,#1592,.F.);
#467=ORIENTED_EDGE('',*,*,#1593,.F.);
#468=ORIENTED_EDGE('',*,*,#1594,.F.);
#469=ORIENTED_EDGE('',*,*,#1595,.F.);
#470=ORIENTED_EDGE('',*,*,#1596,.F.);
#471=ORIENTED_EDGE('',*,*,#1597,.T.);
#472=ORIENTED_EDGE('',*,*,#1598,.T.);
#473=ORIENTED_EDGE('',*,*,#1599,.T.);
#474=ORIENTED_EDGE('',*,*,#1600,.T.);
#475=ORIENTED_EDGE('',*,*,#1601,.T.);
#476=ORIENTED_EDGE('',*,*,#1602,.T.);
#477=ORIENTED_EDGE('',*,*,#1603,.T.);
#478=ORIENTED_EDGE('',*,*,#1604,.T.);
#479=ORIENTED_EDGE('',*,*,#1605,.T.);
#480=ORIENTED_EDGE('',*,*,#1606,.T.);
#481=ORIENTED_EDGE('',*,*,#1607,.T.);
#482=ORIENTED_EDGE('',*,*,#1608,.T.);
#483=ORIENTED_EDGE('',*,*,#1609,.F.);
#484=ORIENTED_EDGE('',*,*,#1610,.F.);
#485=ORIENTED_EDGE('',*,*,#1611,.F.);
#486=ORIENTED_EDGE('',*,*,#1612,.F.);
#487=ORIENTED_EDGE('',*,*,#1613,.F.);
#488=ORIENTED_EDGE('',*,*,#1614,.F.);
#489=ORIENTED_EDGE('',*,*,#1615,.F.);
#490=ORIENTED_EDGE('',*,*,#1616,.F.);
#491=ORIENTED_EDGE('',*,*,#1617,.F.);
#492=ORIENTED_EDGE('',*,*,#1618,.F.);
#493=ORIENTED_EDGE('',*,*,#1619,.F.);
#494=ORIENTED_EDGE('',*,*,#1620,.F.);
#495=ORIENTED_EDGE('',*,*,#1621,.T.);
#496=ORIENTED_EDGE('',*,*,#1622,.T.);
#497=ORIENTED_EDGE('',*,*,#1623,.T.);
#498=ORIENTED_EDGE('',*,*,#1624,.T.);
#499=ORIENTED_EDGE('',*,*,#1625,.T.);
#500=ORIENTED_EDGE('',*,*,#1626,.F.);
#501=ORIENTED_EDGE('',*,*,#1627,.F.);
#502=ORIENTED_EDGE('',*,*,#1628,.F.);
#503=ORIENTED_EDGE('',*,*,#1629,.F.);
#504=ORIENTED_EDGE('',*,*,#1630,.F.);
#505=ORIENTED_EDGE('',*,*,#1631,.F.);
#506=ORIENTED_EDGE('',*,*,#1632,.F.);
#507=ORIENTED_EDGE('',*,*,#1633,.F.);
#508=ORIENTED_EDGE('',*,*,#1547,.T.);
#509=ORIENTED_EDGE('',*,*,#1634,.T.);
#510=ORIENTED_EDGE('',*,*,#1635,.F.);
#511=ORIENTED_EDGE('',*,*,#1636,.F.);
#512=ORIENTED_EDGE('',*,*,#1548,.T.);
#513=ORIENTED_EDGE('',*,*,#1633,.T.);
#514=ORIENTED_EDGE('',*,*,#1637,.F.);
#515=ORIENTED_EDGE('',*,*,#1638,.F.);
#516=ORIENTED_EDGE('',*,*,#1545,.T.);
#517=ORIENTED_EDGE('',*,*,#1636,.T.);
#518=ORIENTED_EDGE('',*,*,#1639,.F.);
#519=ORIENTED_EDGE('',*,*,#1634,.F.);
#520=ORIENTED_EDGE('',*,*,#1546,.T.);
#521=ORIENTED_EDGE('',*,*,#1638,.T.);
#522=ORIENTED_EDGE('',*,*,#1640,.F.);
#523=ORIENTED_EDGE('',*,*,#1641,.F.);
#524=ORIENTED_EDGE('',*,*,#1551,.T.);
#525=ORIENTED_EDGE('',*,*,#1642,.T.);
#526=ORIENTED_EDGE('',*,*,#1643,.F.);
#527=ORIENTED_EDGE('',*,*,#1644,.F.);
#528=ORIENTED_EDGE('',*,*,#1552,.T.);
#529=ORIENTED_EDGE('',*,*,#1641,.T.);
#530=ORIENTED_EDGE('',*,*,#1645,.F.);
#531=ORIENTED_EDGE('',*,*,#1646,.F.);
#532=ORIENTED_EDGE('',*,*,#1549,.T.);
#533=ORIENTED_EDGE('',*,*,#1644,.T.);
#534=ORIENTED_EDGE('',*,*,#1647,.F.);
#535=ORIENTED_EDGE('',*,*,#1642,.F.);
#536=ORIENTED_EDGE('',*,*,#1550,.T.);
#537=ORIENTED_EDGE('',*,*,#1646,.T.);
#538=ORIENTED_EDGE('',*,*,#1648,.F.);
#539=ORIENTED_EDGE('',*,*,#1649,.F.);
#540=ORIENTED_EDGE('',*,*,#1555,.T.);
#541=ORIENTED_EDGE('',*,*,#1650,.T.);
#542=ORIENTED_EDGE('',*,*,#1651,.F.);
#543=ORIENTED_EDGE('',*,*,#1652,.F.);
#544=ORIENTED_EDGE('',*,*,#1556,.T.);
#545=ORIENTED_EDGE('',*,*,#1649,.T.);
#546=ORIENTED_EDGE('',*,*,#1653,.F.);
#547=ORIENTED_EDGE('',*,*,#1654,.F.);
#548=ORIENTED_EDGE('',*,*,#1553,.T.);
#549=ORIENTED_EDGE('',*,*,#1652,.T.);
#550=ORIENTED_EDGE('',*,*,#1655,.F.);
#551=ORIENTED_EDGE('',*,*,#1650,.F.);
#552=ORIENTED_EDGE('',*,*,#1554,.T.);
#553=ORIENTED_EDGE('',*,*,#1654,.T.);
#554=ORIENTED_EDGE('',*,*,#1656,.F.);
#555=ORIENTED_EDGE('',*,*,#1657,.F.);
#556=ORIENTED_EDGE('',*,*,#1559,.T.);
#557=ORIENTED_EDGE('',*,*,#1658,.T.);
#558=ORIENTED_EDGE('',*,*,#1659,.F.);
#559=ORIENTED_EDGE('',*,*,#1660,.F.);
#560=ORIENTED_EDGE('',*,*,#1560,.T.);
#561=ORIENTED_EDGE('',*,*,#1657,.T.);
#562=ORIENTED_EDGE('',*,*,#1661,.F.);
#563=ORIENTED_EDGE('',*,*,#1662,.F.);
#564=ORIENTED_EDGE('',*,*,#1557,.T.);
#565=ORIENTED_EDGE('',*,*,#1660,.T.);
#566=ORIENTED_EDGE('',*,*,#1663,.F.);
#567=ORIENTED_EDGE('',*,*,#1658,.F.);
#568=ORIENTED_EDGE('',*,*,#1558,.T.);
#569=ORIENTED_EDGE('',*,*,#1662,.T.);
#570=ORIENTED_EDGE('',*,*,#1664,.F.);
#571=ORIENTED_EDGE('',*,*,#1665,.F.);
#572=ORIENTED_EDGE('',*,*,#1666,.F.);
#573=ORIENTED_EDGE('',*,*,#1667,.F.);
#574=ORIENTED_EDGE('',*,*,#1668,.F.);
#575=ORIENTED_EDGE('',*,*,#1669,.F.);
#576=ORIENTED_EDGE('',*,*,#1670,.F.);
#577=ORIENTED_EDGE('',*,*,#1671,.F.);
#578=ORIENTED_EDGE('',*,*,#1672,.F.);
#579=ORIENTED_EDGE('',*,*,#1673,.F.);
#580=ORIENTED_EDGE('',*,*,#1674,.F.);
#581=ORIENTED_EDGE('',*,*,#1675,.F.);
#582=ORIENTED_EDGE('',*,*,#1676,.T.);
#583=ORIENTED_EDGE('',*,*,#1677,.T.);
#584=ORIENTED_EDGE('',*,*,#1678,.T.);
#585=ORIENTED_EDGE('',*,*,#1679,.T.);
#586=ORIENTED_EDGE('',*,*,#1680,.T.);
#587=ORIENTED_EDGE('',*,*,#1681,.T.);
#588=ORIENTED_EDGE('',*,*,#1682,.T.);
#589=ORIENTED_EDGE('',*,*,#1683,.T.);
#590=ORIENTED_EDGE('',*,*,#1684,.T.);
#591=ORIENTED_EDGE('',*,*,#1685,.T.);
#592=ORIENTED_EDGE('',*,*,#1686,.T.);
#593=ORIENTED_EDGE('',*,*,#1687,.T.);
#594=ORIENTED_EDGE('',*,*,#1688,.T.);
#595=ORIENTED_EDGE('',*,*,#1689,.T.);
#596=ORIENTED_EDGE('',*,*,#1690,.T.);
#597=ORIENTED_EDGE('',*,*,#1691,.T.);
#598=ORIENTED_EDGE('',*,*,#1692,.T.);
#599=ORIENTED_EDGE('',*,*,#1693,.T.);
#600=ORIENTED_EDGE('',*,*,#1694,.T.);
#601=ORIENTED_EDGE('',*,*,#1695,.T.);
#602=ORIENTED_EDGE('',*,*,#1696,.T.);
#603=ORIENTED_EDGE('',*,*,#1697,.T.);
#604=ORIENTED_EDGE('',*,*,#1698,.T.);
#605=ORIENTED_EDGE('',*,*,#1699,.T.);
#606=ORIENTED_EDGE('',*,*,#1700,.F.);
#607=ORIENTED_EDGE('',*,*,#1701,.F.);
#608=ORIENTED_EDGE('',*,*,#1702,.F.);
#609=ORIENTED_EDGE('',*,*,#1703,.F.);
#610=ORIENTED_EDGE('',*,*,#1704,.F.);
#611=ORIENTED_EDGE('',*,*,#1705,.F.);
#612=ORIENTED_EDGE('',*,*,#1706,.T.);
#613=ORIENTED_EDGE('',*,*,#1707,.T.);
#614=ORIENTED_EDGE('',*,*,#1708,.T.);
#615=ORIENTED_EDGE('',*,*,#1709,.T.);
#616=ORIENTED_EDGE('',*,*,#1710,.T.);
#617=ORIENTED_EDGE('',*,*,#1711,.T.);
#618=ORIENTED_EDGE('',*,*,#1712,.F.);
#619=ORIENTED_EDGE('',*,*,#1713,.F.);
#620=ORIENTED_EDGE('',*,*,#1714,.F.);
#621=ORIENTED_EDGE('',*,*,#1715,.F.);
#622=ORIENTED_EDGE('',*,*,#1716,.F.);
#623=ORIENTED_EDGE('',*,*,#1717,.F.);
#624=ORIENTED_EDGE('',*,*,#1718,.F.);
#625=ORIENTED_EDGE('',*,*,#1719,.F.);
#626=ORIENTED_EDGE('',*,*,#1564,.T.);
#627=ORIENTED_EDGE('',*,*,#1720,.T.);
#628=ORIENTED_EDGE('',*,*,#1721,.F.);
#629=ORIENTED_EDGE('',*,*,#1722,.F.);
#630=ORIENTED_EDGE('',*,*,#1565,.T.);
#631=ORIENTED_EDGE('',*,*,#1719,.T.);
#632=ORIENTED_EDGE('',*,*,#1723,.F.);
#633=ORIENTED_EDGE('',*,*,#1724,.F.);
#634=ORIENTED_EDGE('',*,*,#1566,.T.);
#635=ORIENTED_EDGE('',*,*,#1722,.T.);
#636=ORIENTED_EDGE('',*,*,#1725,.F.);
#637=ORIENTED_EDGE('',*,*,#1726,.F.);
#638=ORIENTED_EDGE('',*,*,#1561,.T.);
#639=ORIENTED_EDGE('',*,*,#1724,.T.);
#640=ORIENTED_EDGE('',*,*,#1727,.F.);
#641=ORIENTED_EDGE('',*,*,#1728,.F.);
#642=ORIENTED_EDGE('',*,*,#1562,.T.);
#643=ORIENTED_EDGE('',*,*,#1726,.T.);
#644=ORIENTED_EDGE('',*,*,#1729,.T.);
#645=ORIENTED_EDGE('',*,*,#1720,.F.);
#646=ORIENTED_EDGE('',*,*,#1563,.T.);
#647=ORIENTED_EDGE('',*,*,#1728,.T.);
#648=ORIENTED_EDGE('',*,*,#1730,.F.);
#649=ORIENTED_EDGE('',*,*,#1731,.F.);
#650=ORIENTED_EDGE('',*,*,#1568,.F.);
#651=ORIENTED_EDGE('',*,*,#1732,.T.);
#652=ORIENTED_EDGE('',*,*,#1733,.F.);
#653=ORIENTED_EDGE('',*,*,#1734,.F.);
#654=ORIENTED_EDGE('',*,*,#1569,.F.);
#655=ORIENTED_EDGE('',*,*,#1731,.T.);
#656=ORIENTED_EDGE('',*,*,#1735,.F.);
#657=ORIENTED_EDGE('',*,*,#1736,.F.);
#658=ORIENTED_EDGE('',*,*,#1570,.F.);
#659=ORIENTED_EDGE('',*,*,#1734,.T.);
#660=ORIENTED_EDGE('',*,*,#1737,.F.);
#661=ORIENTED_EDGE('',*,*,#1738,.F.);
#662=ORIENTED_EDGE('',*,*,#1571,.F.);
#663=ORIENTED_EDGE('',*,*,#1736,.T.);
#664=ORIENTED_EDGE('',*,*,#1739,.F.);
#665=ORIENTED_EDGE('',*,*,#1740,.F.);
#666=ORIENTED_EDGE('',*,*,#1572,.F.);
#667=ORIENTED_EDGE('',*,*,#1738,.T.);
#668=ORIENTED_EDGE('',*,*,#1741,.F.);
#669=ORIENTED_EDGE('',*,*,#1732,.F.);
#670=ORIENTED_EDGE('',*,*,#1567,.F.);
#671=ORIENTED_EDGE('',*,*,#1740,.T.);
#672=ORIENTED_EDGE('',*,*,#1742,.F.);
#673=ORIENTED_EDGE('',*,*,#1743,.F.);
#674=ORIENTED_EDGE('',*,*,#1575,.F.);
#675=ORIENTED_EDGE('',*,*,#1744,.T.);
#676=ORIENTED_EDGE('',*,*,#1745,.F.);
#677=ORIENTED_EDGE('',*,*,#1746,.F.);
#678=ORIENTED_EDGE('',*,*,#1576,.F.);
#679=ORIENTED_EDGE('',*,*,#1743,.T.);
#680=ORIENTED_EDGE('',*,*,#1747,.F.);
#681=ORIENTED_EDGE('',*,*,#1748,.F.);
#682=ORIENTED_EDGE('',*,*,#1577,.F.);
#683=ORIENTED_EDGE('',*,*,#1746,.T.);
#684=ORIENTED_EDGE('',*,*,#1749,.F.);
#685=ORIENTED_EDGE('',*,*,#1750,.F.);
#686=ORIENTED_EDGE('',*,*,#1578,.F.);
#687=ORIENTED_EDGE('',*,*,#1748,.T.);
#688=ORIENTED_EDGE('',*,*,#1751,.F.);
#689=ORIENTED_EDGE('',*,*,#1752,.F.);
#690=ORIENTED_EDGE('',*,*,#1573,.F.);
#691=ORIENTED_EDGE('',*,*,#1750,.T.);
#692=ORIENTED_EDGE('',*,*,#1753,.F.);
#693=ORIENTED_EDGE('',*,*,#1744,.F.);
#694=ORIENTED_EDGE('',*,*,#1574,.F.);
#695=ORIENTED_EDGE('',*,*,#1752,.T.);
#696=ORIENTED_EDGE('',*,*,#1754,.F.);
#697=ORIENTED_EDGE('',*,*,#1755,.F.);
#698=ORIENTED_EDGE('',*,*,#1580,.F.);
#699=ORIENTED_EDGE('',*,*,#1756,.T.);
#700=ORIENTED_EDGE('',*,*,#1757,.F.);
#701=ORIENTED_EDGE('',*,*,#1758,.F.);
#702=ORIENTED_EDGE('',*,*,#1581,.F.);
#703=ORIENTED_EDGE('',*,*,#1755,.T.);
#704=ORIENTED_EDGE('',*,*,#1759,.F.);
#705=ORIENTED_EDGE('',*,*,#1760,.F.);
#706=ORIENTED_EDGE('',*,*,#1582,.F.);
#707=ORIENTED_EDGE('',*,*,#1758,.T.);
#708=ORIENTED_EDGE('',*,*,#1761,.F.);
#709=ORIENTED_EDGE('',*,*,#1762,.F.);
#710=ORIENTED_EDGE('',*,*,#1583,.F.);
#711=ORIENTED_EDGE('',*,*,#1760,.T.);
#712=ORIENTED_EDGE('',*,*,#1763,.F.);
#713=ORIENTED_EDGE('',*,*,#1764,.F.);
#714=ORIENTED_EDGE('',*,*,#1584,.F.);
#715=ORIENTED_EDGE('',*,*,#1762,.T.);
#716=ORIENTED_EDGE('',*,*,#1765,.F.);
#717=ORIENTED_EDGE('',*,*,#1756,.F.);
#718=ORIENTED_EDGE('',*,*,#1579,.F.);
#719=ORIENTED_EDGE('',*,*,#1764,.T.);
#720=ORIENTED_EDGE('',*,*,#1766,.F.);
#721=ORIENTED_EDGE('',*,*,#1767,.F.);
#722=ORIENTED_EDGE('',*,*,#1587,.T.);
#723=ORIENTED_EDGE('',*,*,#1768,.T.);
#724=ORIENTED_EDGE('',*,*,#1769,.F.);
#725=ORIENTED_EDGE('',*,*,#1770,.F.);
#726=ORIENTED_EDGE('',*,*,#1588,.T.);
#727=ORIENTED_EDGE('',*,*,#1767,.T.);
#728=ORIENTED_EDGE('',*,*,#1771,.F.);
#729=ORIENTED_EDGE('',*,*,#1772,.F.);
#730=ORIENTED_EDGE('',*,*,#1589,.T.);
#731=ORIENTED_EDGE('',*,*,#1770,.T.);
#732=ORIENTED_EDGE('',*,*,#1773,.F.);
#733=ORIENTED_EDGE('',*,*,#1774,.F.);
#734=ORIENTED_EDGE('',*,*,#1590,.T.);
#735=ORIENTED_EDGE('',*,*,#1772,.T.);
#736=ORIENTED_EDGE('',*,*,#1775,.F.);
#737=ORIENTED_EDGE('',*,*,#1776,.F.);
#738=ORIENTED_EDGE('',*,*,#1585,.T.);
#739=ORIENTED_EDGE('',*,*,#1774,.T.);
#740=ORIENTED_EDGE('',*,*,#1777,.F.);
#741=ORIENTED_EDGE('',*,*,#1768,.F.);
#742=ORIENTED_EDGE('',*,*,#1586,.T.);
#743=ORIENTED_EDGE('',*,*,#1776,.T.);
#744=ORIENTED_EDGE('',*,*,#1778,.F.);
#745=ORIENTED_EDGE('',*,*,#1779,.F.);
#746=ORIENTED_EDGE('',*,*,#1593,.T.);
#747=ORIENTED_EDGE('',*,*,#1780,.T.);
#748=ORIENTED_EDGE('',*,*,#1781,.F.);
#749=ORIENTED_EDGE('',*,*,#1782,.F.);
#750=ORIENTED_EDGE('',*,*,#1594,.T.);
#751=ORIENTED_EDGE('',*,*,#1779,.T.);
#752=ORIENTED_EDGE('',*,*,#1783,.F.);
#753=ORIENTED_EDGE('',*,*,#1784,.F.);
#754=ORIENTED_EDGE('',*,*,#1595,.T.);
#755=ORIENTED_EDGE('',*,*,#1782,.T.);
#756=ORIENTED_EDGE('',*,*,#1785,.F.);
#757=ORIENTED_EDGE('',*,*,#1786,.F.);
#758=ORIENTED_EDGE('',*,*,#1596,.T.);
#759=ORIENTED_EDGE('',*,*,#1784,.T.);
#760=ORIENTED_EDGE('',*,*,#1787,.F.);
#761=ORIENTED_EDGE('',*,*,#1788,.F.);
#762=ORIENTED_EDGE('',*,*,#1591,.T.);
#763=ORIENTED_EDGE('',*,*,#1786,.T.);
#764=ORIENTED_EDGE('',*,*,#1789,.F.);
#765=ORIENTED_EDGE('',*,*,#1780,.F.);
#766=ORIENTED_EDGE('',*,*,#1592,.T.);
#767=ORIENTED_EDGE('',*,*,#1788,.T.);
#768=ORIENTED_EDGE('',*,*,#1790,.F.);
#769=ORIENTED_EDGE('',*,*,#1791,.F.);
#770=ORIENTED_EDGE('',*,*,#1599,.F.);
#771=ORIENTED_EDGE('',*,*,#1792,.T.);
#772=ORIENTED_EDGE('',*,*,#1793,.F.);
#773=ORIENTED_EDGE('',*,*,#1794,.F.);
#774=ORIENTED_EDGE('',*,*,#1600,.F.);
#775=ORIENTED_EDGE('',*,*,#1791,.T.);
#776=ORIENTED_EDGE('',*,*,#1795,.F.);
#777=ORIENTED_EDGE('',*,*,#1796,.F.);
#778=ORIENTED_EDGE('',*,*,#1601,.F.);
#779=ORIENTED_EDGE('',*,*,#1794,.T.);
#780=ORIENTED_EDGE('',*,*,#1797,.F.);
#781=ORIENTED_EDGE('',*,*,#1798,.F.);
#782=ORIENTED_EDGE('',*,*,#1602,.F.);
#783=ORIENTED_EDGE('',*,*,#1796,.T.);
#784=ORIENTED_EDGE('',*,*,#1799,.F.);
#785=ORIENTED_EDGE('',*,*,#1800,.F.);
#786=ORIENTED_EDGE('',*,*,#1597,.F.);
#787=ORIENTED_EDGE('',*,*,#1798,.T.);
#788=ORIENTED_EDGE('',*,*,#1801,.F.);
#789=ORIENTED_EDGE('',*,*,#1792,.F.);
#790=ORIENTED_EDGE('',*,*,#1598,.F.);
#791=ORIENTED_EDGE('',*,*,#1800,.T.);
#792=ORIENTED_EDGE('',*,*,#1802,.F.);
#793=ORIENTED_EDGE('',*,*,#1803,.F.);
#794=ORIENTED_EDGE('',*,*,#1604,.F.);
#795=ORIENTED_EDGE('',*,*,#1804,.T.);
#796=ORIENTED_EDGE('',*,*,#1805,.F.);
#797=ORIENTED_EDGE('',*,*,#1806,.F.);
#798=ORIENTED_EDGE('',*,*,#1605,.F.);
#799=ORIENTED_EDGE('',*,*,#1803,.T.);
#800=ORIENTED_EDGE('',*,*,#1807,.F.);
#801=ORIENTED_EDGE('',*,*,#1808,.F.);
#802=ORIENTED_EDGE('',*,*,#1606,.F.);
#803=ORIENTED_EDGE('',*,*,#1806,.T.);
#804=ORIENTED_EDGE('',*,*,#1809,.F.);
#805=ORIENTED_EDGE('',*,*,#1810,.F.);
#806=ORIENTED_EDGE('',*,*,#1607,.F.);
#807=ORIENTED_EDGE('',*,*,#1808,.T.);
#808=ORIENTED_EDGE('',*,*,#1811,.F.);
#809=ORIENTED_EDGE('',*,*,#1812,.F.);
#810=ORIENTED_EDGE('',*,*,#1608,.F.);
#811=ORIENTED_EDGE('',*,*,#1810,.T.);
#812=ORIENTED_EDGE('',*,*,#1813,.F.);
#813=ORIENTED_EDGE('',*,*,#1804,.F.);
#814=ORIENTED_EDGE('',*,*,#1603,.F.);
#815=ORIENTED_EDGE('',*,*,#1812,.T.);
#816=ORIENTED_EDGE('',*,*,#1814,.F.);
#817=ORIENTED_EDGE('',*,*,#1815,.F.);
#818=ORIENTED_EDGE('',*,*,#1613,.T.);
#819=ORIENTED_EDGE('',*,*,#1816,.T.);
#820=ORIENTED_EDGE('',*,*,#1817,.F.);
#821=ORIENTED_EDGE('',*,*,#1818,.F.);
#822=ORIENTED_EDGE('',*,*,#1614,.T.);
#823=ORIENTED_EDGE('',*,*,#1815,.T.);
#824=ORIENTED_EDGE('',*,*,#1819,.F.);
#825=ORIENTED_EDGE('',*,*,#1820,.F.);
#826=ORIENTED_EDGE('',*,*,#1609,.T.);
#827=ORIENTED_EDGE('',*,*,#1818,.T.);
#828=ORIENTED_EDGE('',*,*,#1821,.F.);
#829=ORIENTED_EDGE('',*,*,#1822,.F.);
#830=ORIENTED_EDGE('',*,*,#1610,.T.);
#831=ORIENTED_EDGE('',*,*,#1820,.T.);
#832=ORIENTED_EDGE('',*,*,#1823,.F.);
#833=ORIENTED_EDGE('',*,*,#1824,.F.);
#834=ORIENTED_EDGE('',*,*,#1611,.T.);
#835=ORIENTED_EDGE('',*,*,#1822,.T.);
#836=ORIENTED_EDGE('',*,*,#1825,.F.);
#837=ORIENTED_EDGE('',*,*,#1816,.F.);
#838=ORIENTED_EDGE('',*,*,#1612,.T.);
#839=ORIENTED_EDGE('',*,*,#1824,.T.);
#840=ORIENTED_EDGE('',*,*,#1826,.F.);
#841=ORIENTED_EDGE('',*,*,#1827,.F.);
#842=ORIENTED_EDGE('',*,*,#1617,.T.);
#843=ORIENTED_EDGE('',*,*,#1828,.T.);
#844=ORIENTED_EDGE('',*,*,#1829,.F.);
#845=ORIENTED_EDGE('',*,*,#1830,.F.);
#846=ORIENTED_EDGE('',*,*,#1618,.T.);
#847=ORIENTED_EDGE('',*,*,#1827,.T.);
#848=ORIENTED_EDGE('',*,*,#1831,.F.);
#849=ORIENTED_EDGE('',*,*,#1832,.F.);
#850=ORIENTED_EDGE('',*,*,#1619,.T.);
#851=ORIENTED_EDGE('',*,*,#1830,.T.);
#852=ORIENTED_EDGE('',*,*,#1833,.F.);
#853=ORIENTED_EDGE('',*,*,#1834,.F.);
#854=ORIENTED_EDGE('',*,*,#1620,.T.);
#855=ORIENTED_EDGE('',*,*,#1832,.T.);
#856=ORIENTED_EDGE('',*,*,#1835,.F.);
#857=ORIENTED_EDGE('',*,*,#1836,.F.);
#858=ORIENTED_EDGE('',*,*,#1615,.T.);
#859=ORIENTED_EDGE('',*,*,#1834,.T.);
#860=ORIENTED_EDGE('',*,*,#1837,.F.);
#861=ORIENTED_EDGE('',*,*,#1828,.F.);
#862=ORIENTED_EDGE('',*,*,#1616,.T.);
#863=ORIENTED_EDGE('',*,*,#1836,.T.);
#864=ORIENTED_EDGE('',*,*,#1838,.T.);
#865=ORIENTED_EDGE('',*,*,#1839,.F.);
#866=ORIENTED_EDGE('',*,*,#1622,.F.);
#867=ORIENTED_EDGE('',*,*,#1840,.T.);
#868=ORIENTED_EDGE('',*,*,#1841,.T.);
#869=ORIENTED_EDGE('',*,*,#1842,.F.);
#870=ORIENTED_EDGE('',*,*,#1623,.F.);
#871=ORIENTED_EDGE('',*,*,#1839,.T.);
#872=ORIENTED_EDGE('',*,*,#1843,.T.);
#873=ORIENTED_EDGE('',*,*,#1844,.F.);
#874=ORIENTED_EDGE('',*,*,#1624,.F.);
#875=ORIENTED_EDGE('',*,*,#1842,.T.);
#876=ORIENTED_EDGE('',*,*,#1845,.T.);
#877=ORIENTED_EDGE('',*,*,#1846,.F.);
#878=ORIENTED_EDGE('',*,*,#1625,.F.);
#879=ORIENTED_EDGE('',*,*,#1844,.T.);
#880=ORIENTED_EDGE('',*,*,#1847,.T.);
#881=ORIENTED_EDGE('',*,*,#1840,.F.);
#882=ORIENTED_EDGE('',*,*,#1621,.F.);
#883=ORIENTED_EDGE('',*,*,#1846,.T.);
#884=ORIENTED_EDGE('',*,*,#1848,.F.);
#885=ORIENTED_EDGE('',*,*,#1849,.F.);
#886=ORIENTED_EDGE('',*,*,#1628,.T.);
#887=ORIENTED_EDGE('',*,*,#1850,.T.);
#888=ORIENTED_EDGE('',*,*,#1851,.F.);
#889=ORIENTED_EDGE('',*,*,#1852,.F.);
#890=ORIENTED_EDGE('',*,*,#1629,.T.);
#891=ORIENTED_EDGE('',*,*,#1849,.T.);
#892=ORIENTED_EDGE('',*,*,#1853,.F.);
#893=ORIENTED_EDGE('',*,*,#1854,.F.);
#894=ORIENTED_EDGE('',*,*,#1630,.T.);
#895=ORIENTED_EDGE('',*,*,#1852,.T.);
#896=ORIENTED_EDGE('',*,*,#1855,.F.);
#897=ORIENTED_EDGE('',*,*,#1856,.F.);
#898=ORIENTED_EDGE('',*,*,#1631,.T.);
#899=ORIENTED_EDGE('',*,*,#1854,.T.);
#900=ORIENTED_EDGE('',*,*,#1857,.F.);
#901=ORIENTED_EDGE('',*,*,#1858,.F.);
#902=ORIENTED_EDGE('',*,*,#1626,.T.);
#903=ORIENTED_EDGE('',*,*,#1856,.T.);
#904=ORIENTED_EDGE('',*,*,#1859,.F.);
#905=ORIENTED_EDGE('',*,*,#1850,.F.);
#906=ORIENTED_EDGE('',*,*,#1627,.T.);
#907=ORIENTED_EDGE('',*,*,#1858,.T.);
#908=ORIENTED_EDGE('',*,*,#1663,.T.);
#909=ORIENTED_EDGE('',*,*,#1661,.T.);
#910=ORIENTED_EDGE('',*,*,#1659,.T.);
#911=ORIENTED_EDGE('',*,*,#1656,.T.);
#912=ORIENTED_EDGE('',*,*,#1655,.T.);
#913=ORIENTED_EDGE('',*,*,#1653,.T.);
#914=ORIENTED_EDGE('',*,*,#1651,.T.);
#915=ORIENTED_EDGE('',*,*,#1648,.T.);
#916=ORIENTED_EDGE('',*,*,#1647,.T.);
#917=ORIENTED_EDGE('',*,*,#1645,.T.);
#918=ORIENTED_EDGE('',*,*,#1643,.T.);
#919=ORIENTED_EDGE('',*,*,#1640,.T.);
#920=ORIENTED_EDGE('',*,*,#1639,.T.);
#921=ORIENTED_EDGE('',*,*,#1637,.T.);
#922=ORIENTED_EDGE('',*,*,#1635,.T.);
#923=ORIENTED_EDGE('',*,*,#1632,.T.);
#924=ORIENTED_EDGE('',*,*,#1860,.T.);
#925=ORIENTED_EDGE('',*,*,#1428,.F.);
#926=ORIENTED_EDGE('',*,*,#1861,.F.);
#927=ORIENTED_EDGE('',*,*,#1502,.T.);
#928=ORIENTED_EDGE('',*,*,#1862,.F.);
#929=ORIENTED_EDGE('',*,*,#1863,.F.);
#930=ORIENTED_EDGE('',*,*,#1666,.T.);
#931=ORIENTED_EDGE('',*,*,#1864,.T.);
#932=ORIENTED_EDGE('',*,*,#1865,.F.);
#933=ORIENTED_EDGE('',*,*,#1866,.F.);
#934=ORIENTED_EDGE('',*,*,#1667,.T.);
#935=ORIENTED_EDGE('',*,*,#1863,.T.);
#936=ORIENTED_EDGE('',*,*,#1867,.F.);
#937=ORIENTED_EDGE('',*,*,#1868,.F.);
#938=ORIENTED_EDGE('',*,*,#1668,.T.);
#939=ORIENTED_EDGE('',*,*,#1866,.T.);
#940=ORIENTED_EDGE('',*,*,#1869,.F.);
#941=ORIENTED_EDGE('',*,*,#1870,.F.);
#942=ORIENTED_EDGE('',*,*,#1669,.T.);
#943=ORIENTED_EDGE('',*,*,#1868,.T.);
#944=ORIENTED_EDGE('',*,*,#1871,.F.);
#945=ORIENTED_EDGE('',*,*,#1872,.F.);
#946=ORIENTED_EDGE('',*,*,#1664,.T.);
#947=ORIENTED_EDGE('',*,*,#1870,.T.);
#948=ORIENTED_EDGE('',*,*,#1873,.F.);
#949=ORIENTED_EDGE('',*,*,#1864,.F.);
#950=ORIENTED_EDGE('',*,*,#1665,.T.);
#951=ORIENTED_EDGE('',*,*,#1872,.T.);
#952=ORIENTED_EDGE('',*,*,#1874,.F.);
#953=ORIENTED_EDGE('',*,*,#1875,.F.);
#954=ORIENTED_EDGE('',*,*,#1672,.T.);
#955=ORIENTED_EDGE('',*,*,#1876,.T.);
#956=ORIENTED_EDGE('',*,*,#1877,.F.);
#957=ORIENTED_EDGE('',*,*,#1878,.F.);
#958=ORIENTED_EDGE('',*,*,#1673,.T.);
#959=ORIENTED_EDGE('',*,*,#1875,.T.);
#960=ORIENTED_EDGE('',*,*,#1879,.F.);
#961=ORIENTED_EDGE('',*,*,#1880,.F.);
#962=ORIENTED_EDGE('',*,*,#1674,.T.);
#963=ORIENTED_EDGE('',*,*,#1878,.T.);
#964=ORIENTED_EDGE('',*,*,#1881,.F.);
#965=ORIENTED_EDGE('',*,*,#1882,.F.);
#966=ORIENTED_EDGE('',*,*,#1675,.T.);
#967=ORIENTED_EDGE('',*,*,#1880,.T.);
#968=ORIENTED_EDGE('',*,*,#1883,.F.);
#969=ORIENTED_EDGE('',*,*,#1884,.F.);
#970=ORIENTED_EDGE('',*,*,#1670,.T.);
#971=ORIENTED_EDGE('',*,*,#1882,.T.);
#972=ORIENTED_EDGE('',*,*,#1885,.F.);
#973=ORIENTED_EDGE('',*,*,#1876,.F.);
#974=ORIENTED_EDGE('',*,*,#1671,.T.);
#975=ORIENTED_EDGE('',*,*,#1884,.T.);
#976=ORIENTED_EDGE('',*,*,#1886,.F.);
#977=ORIENTED_EDGE('',*,*,#1887,.F.);
#978=ORIENTED_EDGE('',*,*,#1677,.F.);
#979=ORIENTED_EDGE('',*,*,#1888,.T.);
#980=ORIENTED_EDGE('',*,*,#1889,.F.);
#981=ORIENTED_EDGE('',*,*,#1890,.F.);
#982=ORIENTED_EDGE('',*,*,#1678,.F.);
#983=ORIENTED_EDGE('',*,*,#1887,.T.);
#984=ORIENTED_EDGE('',*,*,#1891,.F.);
#985=ORIENTED_EDGE('',*,*,#1892,.F.);
#986=ORIENTED_EDGE('',*,*,#1679,.F.);
#987=ORIENTED_EDGE('',*,*,#1890,.T.);
#988=ORIENTED_EDGE('',*,*,#1893,.F.);
#989=ORIENTED_EDGE('',*,*,#1894,.F.);
#990=ORIENTED_EDGE('',*,*,#1680,.F.);
#991=ORIENTED_EDGE('',*,*,#1892,.T.);
#992=ORIENTED_EDGE('',*,*,#1895,.F.);
#993=ORIENTED_EDGE('',*,*,#1896,.F.);
#994=ORIENTED_EDGE('',*,*,#1681,.F.);
#995=ORIENTED_EDGE('',*,*,#1894,.T.);
#996=ORIENTED_EDGE('',*,*,#1897,.F.);
#997=ORIENTED_EDGE('',*,*,#1888,.F.);
#998=ORIENTED_EDGE('',*,*,#1676,.F.);
#999=ORIENTED_EDGE('',*,*,#1896,.T.);
#1000=ORIENTED_EDGE('',*,*,#1898,.F.);
#1001=ORIENTED_EDGE('',*,*,#1899,.F.);
#1002=ORIENTED_EDGE('',*,*,#1683,.F.);
#1003=ORIENTED_EDGE('',*,*,#1900,.T.);
#1004=ORIENTED_EDGE('',*,*,#1901,.F.);
#1005=ORIENTED_EDGE('',*,*,#1902,.F.);
#1006=ORIENTED_EDGE('',*,*,#1684,.F.);
#1007=ORIENTED_EDGE('',*,*,#1899,.T.);
#1008=ORIENTED_EDGE('',*,*,#1903,.F.);
#1009=ORIENTED_EDGE('',*,*,#1904,.F.);
#1010=ORIENTED_EDGE('',*,*,#1685,.F.);
#1011=ORIENTED_EDGE('',*,*,#1902,.T.);
#1012=ORIENTED_EDGE('',*,*,#1905,.F.);
#1013=ORIENTED_EDGE('',*,*,#1906,.F.);
#1014=ORIENTED_EDGE('',*,*,#1686,.F.);
#1015=ORIENTED_EDGE('',*,*,#1904,.T.);
#1016=ORIENTED_EDGE('',*,*,#1907,.F.);
#1017=ORIENTED_EDGE('',*,*,#1908,.F.);
#1018=ORIENTED_EDGE('',*,*,#1687,.F.);
#1019=ORIENTED_EDGE('',*,*,#1906,.T.);
#1020=ORIENTED_EDGE('',*,*,#1909,.F.);
#1021=ORIENTED_EDGE('',*,*,#1900,.F.);
#1022=ORIENTED_EDGE('',*,*,#1682,.F.);
#1023=ORIENTED_EDGE('',*,*,#1908,.T.);
#1024=ORIENTED_EDGE('',*,*,#1910,.F.);
#1025=ORIENTED_EDGE('',*,*,#1911,.F.);
#1026=ORIENTED_EDGE('',*,*,#1690,.F.);
#1027=ORIENTED_EDGE('',*,*,#1912,.T.);
#1028=ORIENTED_EDGE('',*,*,#1913,.F.);
#1029=ORIENTED_EDGE('',*,*,#1914,.F.);
#1030=ORIENTED_EDGE('',*,*,#1691,.F.);
#1031=ORIENTED_EDGE('',*,*,#1911,.T.);
#1032=ORIENTED_EDGE('',*,*,#1915,.F.);
#1033=ORIENTED_EDGE('',*,*,#1916,.F.);
#1034=ORIENTED_EDGE('',*,*,#1692,.F.);
#1035=ORIENTED_EDGE('',*,*,#1914,.T.);
#1036=ORIENTED_EDGE('',*,*,#1917,.F.);
#1037=ORIENTED_EDGE('',*,*,#1918,.F.);
#1038=ORIENTED_EDGE('',*,*,#1693,.F.);
#1039=ORIENTED_EDGE('',*,*,#1916,.T.);
#1040=ORIENTED_EDGE('',*,*,#1919,.F.);
#1041=ORIENTED_EDGE('',*,*,#1920,.F.);
#1042=ORIENTED_EDGE('',*,*,#1688,.F.);
#1043=ORIENTED_EDGE('',*,*,#1918,.T.);
#1044=ORIENTED_EDGE('',*,*,#1921,.F.);
#1045=ORIENTED_EDGE('',*,*,#1912,.F.);
#1046=ORIENTED_EDGE('',*,*,#1689,.F.);
#1047=ORIENTED_EDGE('',*,*,#1920,.T.);
#1048=ORIENTED_EDGE('',*,*,#1922,.F.);
#1049=ORIENTED_EDGE('',*,*,#1923,.F.);
#1050=ORIENTED_EDGE('',*,*,#1695,.F.);
#1051=ORIENTED_EDGE('',*,*,#1924,.T.);
#1052=ORIENTED_EDGE('',*,*,#1925,.F.);
#1053=ORIENTED_EDGE('',*,*,#1926,.F.);
#1054=ORIENTED_EDGE('',*,*,#1696,.F.);
#1055=ORIENTED_EDGE('',*,*,#1923,.T.);
#1056=ORIENTED_EDGE('',*,*,#1927,.F.);
#1057=ORIENTED_EDGE('',*,*,#1928,.F.);
#1058=ORIENTED_EDGE('',*,*,#1697,.F.);
#1059=ORIENTED_EDGE('',*,*,#1926,.T.);
#1060=ORIENTED_EDGE('',*,*,#1929,.F.);
#1061=ORIENTED_EDGE('',*,*,#1930,.F.);
#1062=ORIENTED_EDGE('',*,*,#1698,.F.);
#1063=ORIENTED_EDGE('',*,*,#1928,.T.);
#1064=ORIENTED_EDGE('',*,*,#1931,.F.);
#1065=ORIENTED_EDGE('',*,*,#1932,.F.);
#1066=ORIENTED_EDGE('',*,*,#1699,.F.);
#1067=ORIENTED_EDGE('',*,*,#1930,.T.);
#1068=ORIENTED_EDGE('',*,*,#1933,.F.);
#1069=ORIENTED_EDGE('',*,*,#1924,.F.);
#1070=ORIENTED_EDGE('',*,*,#1694,.F.);
#1071=ORIENTED_EDGE('',*,*,#1932,.T.);
#1072=ORIENTED_EDGE('',*,*,#1934,.T.);
#1073=ORIENTED_EDGE('',*,*,#1935,.F.);
#1074=ORIENTED_EDGE('',*,*,#1705,.T.);
#1075=ORIENTED_EDGE('',*,*,#1936,.T.);
#1076=ORIENTED_EDGE('',*,*,#1937,.F.);
#1077=ORIENTED_EDGE('',*,*,#1938,.F.);
#1078=ORIENTED_EDGE('',*,*,#1700,.T.);
#1079=ORIENTED_EDGE('',*,*,#1935,.T.);
#1080=ORIENTED_EDGE('',*,*,#1939,.F.);
#1081=ORIENTED_EDGE('',*,*,#1940,.F.);
#1082=ORIENTED_EDGE('',*,*,#1701,.T.);
#1083=ORIENTED_EDGE('',*,*,#1938,.T.);
#1084=ORIENTED_EDGE('',*,*,#1941,.F.);
#1085=ORIENTED_EDGE('',*,*,#1942,.F.);
#1086=ORIENTED_EDGE('',*,*,#1702,.T.);
#1087=ORIENTED_EDGE('',*,*,#1940,.T.);
#1088=ORIENTED_EDGE('',*,*,#1943,.F.);
#1089=ORIENTED_EDGE('',*,*,#1944,.F.);
#1090=ORIENTED_EDGE('',*,*,#1703,.T.);
#1091=ORIENTED_EDGE('',*,*,#1942,.T.);
#1092=ORIENTED_EDGE('',*,*,#1945,.T.);
#1093=ORIENTED_EDGE('',*,*,#1936,.F.);
#1094=ORIENTED_EDGE('',*,*,#1704,.T.);
#1095=ORIENTED_EDGE('',*,*,#1944,.T.);
#1096=ORIENTED_EDGE('',*,*,#1946,.F.);
#1097=ORIENTED_EDGE('',*,*,#1947,.F.);
#1098=ORIENTED_EDGE('',*,*,#1707,.F.);
#1099=ORIENTED_EDGE('',*,*,#1948,.T.);
#1100=ORIENTED_EDGE('',*,*,#1949,.F.);
#1101=ORIENTED_EDGE('',*,*,#1950,.F.);
#1102=ORIENTED_EDGE('',*,*,#1708,.F.);
#1103=ORIENTED_EDGE('',*,*,#1947,.T.);
#1104=ORIENTED_EDGE('',*,*,#1951,.F.);
#1105=ORIENTED_EDGE('',*,*,#1952,.F.);
#1106=ORIENTED_EDGE('',*,*,#1709,.F.);
#1107=ORIENTED_EDGE('',*,*,#1950,.T.);
#1108=ORIENTED_EDGE('',*,*,#1953,.F.);
#1109=ORIENTED_EDGE('',*,*,#1954,.F.);
#1110=ORIENTED_EDGE('',*,*,#1710,.F.);
#1111=ORIENTED_EDGE('',*,*,#1952,.T.);
#1112=ORIENTED_EDGE('',*,*,#1955,.F.);
#1113=ORIENTED_EDGE('',*,*,#1956,.F.);
#1114=ORIENTED_EDGE('',*,*,#1711,.F.);
#1115=ORIENTED_EDGE('',*,*,#1954,.T.);
#1116=ORIENTED_EDGE('',*,*,#1957,.F.);
#1117=ORIENTED_EDGE('',*,*,#1948,.F.);
#1118=ORIENTED_EDGE('',*,*,#1706,.F.);
#1119=ORIENTED_EDGE('',*,*,#1956,.T.);
#1120=ORIENTED_EDGE('',*,*,#1958,.F.);
#1121=ORIENTED_EDGE('',*,*,#1959,.F.);
#1122=ORIENTED_EDGE('',*,*,#1714,.T.);
#1123=ORIENTED_EDGE('',*,*,#1960,.T.);
#1124=ORIENTED_EDGE('',*,*,#1961,.F.);
#1125=ORIENTED_EDGE('',*,*,#1962,.F.);
#1126=ORIENTED_EDGE('',*,*,#1715,.T.);
#1127=ORIENTED_EDGE('',*,*,#1959,.T.);
#1128=ORIENTED_EDGE('',*,*,#1963,.F.);
#1129=ORIENTED_EDGE('',*,*,#1964,.F.);
#1130=ORIENTED_EDGE('',*,*,#1716,.T.);
#1131=ORIENTED_EDGE('',*,*,#1962,.T.);
#1132=ORIENTED_EDGE('',*,*,#1965,.F.);
#1133=ORIENTED_EDGE('',*,*,#1966,.F.);
#1134=ORIENTED_EDGE('',*,*,#1717,.T.);
#1135=ORIENTED_EDGE('',*,*,#1964,.T.);
#1136=ORIENTED_EDGE('',*,*,#1967,.F.);
#1137=ORIENTED_EDGE('',*,*,#1968,.F.);
#1138=ORIENTED_EDGE('',*,*,#1712,.T.);
#1139=ORIENTED_EDGE('',*,*,#1966,.T.);
#1140=ORIENTED_EDGE('',*,*,#1969,.F.);
#1141=ORIENTED_EDGE('',*,*,#1960,.F.);
#1142=ORIENTED_EDGE('',*,*,#1713,.T.);
#1143=ORIENTED_EDGE('',*,*,#1968,.T.);
#1144=ORIENTED_EDGE('',*,*,#1970,.T.);
#1145=ORIENTED_EDGE('',*,*,#1971,.T.);
#1146=ORIENTED_EDGE('',*,*,#1972,.T.);
#1147=ORIENTED_EDGE('',*,*,#1973,.T.);
#1148=ORIENTED_EDGE('',*,*,#1974,.T.);
#1149=ORIENTED_EDGE('',*,*,#1975,.T.);
#1150=ORIENTED_EDGE('',*,*,#1976,.T.);
#1151=ORIENTED_EDGE('',*,*,#1977,.T.);
#1152=ORIENTED_EDGE('',*,*,#1978,.T.);
#1153=ORIENTED_EDGE('',*,*,#1979,.T.);
#1154=ORIENTED_EDGE('',*,*,#1980,.T.);
#1155=ORIENTED_EDGE('',*,*,#1981,.T.);
#1156=ORIENTED_EDGE('',*,*,#1982,.T.);
#1157=ORIENTED_EDGE('',*,*,#1503,.T.);
#1158=ORIENTED_EDGE('',*,*,#1861,.T.);
#1159=ORIENTED_EDGE('',*,*,#1427,.T.);
#1160=ORIENTED_EDGE('',*,*,#1983,.T.);
#1161=ORIENTED_EDGE('',*,*,#1969,.T.);
#1162=ORIENTED_EDGE('',*,*,#1967,.T.);
#1163=ORIENTED_EDGE('',*,*,#1965,.T.);
#1164=ORIENTED_EDGE('',*,*,#1963,.T.);
#1165=ORIENTED_EDGE('',*,*,#1961,.T.);
#1166=ORIENTED_EDGE('',*,*,#1958,.T.);
#1167=ORIENTED_EDGE('',*,*,#1957,.T.);
#1168=ORIENTED_EDGE('',*,*,#1955,.T.);
#1169=ORIENTED_EDGE('',*,*,#1953,.T.);
#1170=ORIENTED_EDGE('',*,*,#1951,.T.);
#1171=ORIENTED_EDGE('',*,*,#1949,.T.);
#1172=ORIENTED_EDGE('',*,*,#1946,.T.);
#1173=ORIENTED_EDGE('',*,*,#1945,.F.);
#1174=ORIENTED_EDGE('',*,*,#1943,.T.);
#1175=ORIENTED_EDGE('',*,*,#1941,.T.);
#1176=ORIENTED_EDGE('',*,*,#1939,.T.);
#1177=ORIENTED_EDGE('',*,*,#1937,.T.);
#1178=ORIENTED_EDGE('',*,*,#1934,.F.);
#1179=ORIENTED_EDGE('',*,*,#1933,.T.);
#1180=ORIENTED_EDGE('',*,*,#1931,.T.);
#1181=ORIENTED_EDGE('',*,*,#1929,.T.);
#1182=ORIENTED_EDGE('',*,*,#1927,.T.);
#1183=ORIENTED_EDGE('',*,*,#1925,.T.);
#1184=ORIENTED_EDGE('',*,*,#1922,.T.);
#1185=ORIENTED_EDGE('',*,*,#1921,.T.);
#1186=ORIENTED_EDGE('',*,*,#1919,.T.);
#1187=ORIENTED_EDGE('',*,*,#1917,.T.);
#1188=ORIENTED_EDGE('',*,*,#1915,.T.);
#1189=ORIENTED_EDGE('',*,*,#1913,.T.);
#1190=ORIENTED_EDGE('',*,*,#1910,.T.);
#1191=ORIENTED_EDGE('',*,*,#1909,.T.);
#1192=ORIENTED_EDGE('',*,*,#1907,.T.);
#1193=ORIENTED_EDGE('',*,*,#1905,.T.);
#1194=ORIENTED_EDGE('',*,*,#1903,.T.);
#1195=ORIENTED_EDGE('',*,*,#1901,.T.);
#1196=ORIENTED_EDGE('',*,*,#1898,.T.);
#1197=ORIENTED_EDGE('',*,*,#1897,.T.);
#1198=ORIENTED_EDGE('',*,*,#1895,.T.);
#1199=ORIENTED_EDGE('',*,*,#1893,.T.);
#1200=ORIENTED_EDGE('',*,*,#1891,.T.);
#1201=ORIENTED_EDGE('',*,*,#1889,.T.);
#1202=ORIENTED_EDGE('',*,*,#1886,.T.);
#1203=ORIENTED_EDGE('',*,*,#1885,.T.);
#1204=ORIENTED_EDGE('',*,*,#1883,.T.);
#1205=ORIENTED_EDGE('',*,*,#1881,.T.);
#1206=ORIENTED_EDGE('',*,*,#1879,.T.);
#1207=ORIENTED_EDGE('',*,*,#1877,.T.);
#1208=ORIENTED_EDGE('',*,*,#1874,.T.);
#1209=ORIENTED_EDGE('',*,*,#1873,.T.);
#1210=ORIENTED_EDGE('',*,*,#1871,.T.);
#1211=ORIENTED_EDGE('',*,*,#1869,.T.);
#1212=ORIENTED_EDGE('',*,*,#1867,.T.);
#1213=ORIENTED_EDGE('',*,*,#1865,.T.);
#1214=ORIENTED_EDGE('',*,*,#1862,.T.);
#1215=ORIENTED_EDGE('',*,*,#1501,.F.);
#1216=ORIENTED_EDGE('',*,*,#1984,.F.);
#1217=ORIENTED_EDGE('',*,*,#1425,.F.);
#1218=ORIENTED_EDGE('',*,*,#1860,.F.);
#1219=ORIENTED_EDGE('',*,*,#1859,.T.);
#1220=ORIENTED_EDGE('',*,*,#1857,.T.);
#1221=ORIENTED_EDGE('',*,*,#1855,.T.);
#1222=ORIENTED_EDGE('',*,*,#1853,.T.);
#1223=ORIENTED_EDGE('',*,*,#1851,.T.);
#1224=ORIENTED_EDGE('',*,*,#1848,.T.);
#1225=ORIENTED_EDGE('',*,*,#1847,.F.);
#1226=ORIENTED_EDGE('',*,*,#1845,.F.);
#1227=ORIENTED_EDGE('',*,*,#1843,.F.);
#1228=ORIENTED_EDGE('',*,*,#1841,.F.);
#1229=ORIENTED_EDGE('',*,*,#1838,.F.);
#1230=ORIENTED_EDGE('',*,*,#1837,.T.);
#1231=ORIENTED_EDGE('',*,*,#1835,.T.);
#1232=ORIENTED_EDGE('',*,*,#1833,.T.);
#1233=ORIENTED_EDGE('',*,*,#1831,.T.);
#1234=ORIENTED_EDGE('',*,*,#1829,.T.);
#1235=ORIENTED_EDGE('',*,*,#1826,.T.);
#1236=ORIENTED_EDGE('',*,*,#1825,.T.);
#1237=ORIENTED_EDGE('',*,*,#1823,.T.);
#1238=ORIENTED_EDGE('',*,*,#1821,.T.);
#1239=ORIENTED_EDGE('',*,*,#1819,.T.);
#1240=ORIENTED_EDGE('',*,*,#1817,.T.);
#1241=ORIENTED_EDGE('',*,*,#1814,.T.);
#1242=ORIENTED_EDGE('',*,*,#1813,.T.);
#1243=ORIENTED_EDGE('',*,*,#1811,.T.);
#1244=ORIENTED_EDGE('',*,*,#1809,.T.);
#1245=ORIENTED_EDGE('',*,*,#1807,.T.);
#1246=ORIENTED_EDGE('',*,*,#1805,.T.);
#1247=ORIENTED_EDGE('',*,*,#1802,.T.);
#1248=ORIENTED_EDGE('',*,*,#1801,.T.);
#1249=ORIENTED_EDGE('',*,*,#1799,.T.);
#1250=ORIENTED_EDGE('',*,*,#1797,.T.);
#1251=ORIENTED_EDGE('',*,*,#1795,.T.);
#1252=ORIENTED_EDGE('',*,*,#1793,.T.);
#1253=ORIENTED_EDGE('',*,*,#1790,.T.);
#1254=ORIENTED_EDGE('',*,*,#1789,.T.);
#1255=ORIENTED_EDGE('',*,*,#1787,.T.);
#1256=ORIENTED_EDGE('',*,*,#1785,.T.);
#1257=ORIENTED_EDGE('',*,*,#1783,.T.);
#1258=ORIENTED_EDGE('',*,*,#1781,.T.);
#1259=ORIENTED_EDGE('',*,*,#1778,.T.);
#1260=ORIENTED_EDGE('',*,*,#1777,.T.);
#1261=ORIENTED_EDGE('',*,*,#1775,.T.);
#1262=ORIENTED_EDGE('',*,*,#1773,.T.);
#1263=ORIENTED_EDGE('',*,*,#1771,.T.);
#1264=ORIENTED_EDGE('',*,*,#1769,.T.);
#1265=ORIENTED_EDGE('',*,*,#1766,.T.);
#1266=ORIENTED_EDGE('',*,*,#1765,.T.);
#1267=ORIENTED_EDGE('',*,*,#1763,.T.);
#1268=ORIENTED_EDGE('',*,*,#1761,.T.);
#1269=ORIENTED_EDGE('',*,*,#1759,.T.);
#1270=ORIENTED_EDGE('',*,*,#1757,.T.);
#1271=ORIENTED_EDGE('',*,*,#1754,.T.);
#1272=ORIENTED_EDGE('',*,*,#1753,.T.);
#1273=ORIENTED_EDGE('',*,*,#1751,.T.);
#1274=ORIENTED_EDGE('',*,*,#1749,.T.);
#1275=ORIENTED_EDGE('',*,*,#1747,.T.);
#1276=ORIENTED_EDGE('',*,*,#1745,.T.);
#1277=ORIENTED_EDGE('',*,*,#1742,.T.);
#1278=ORIENTED_EDGE('',*,*,#1741,.T.);
#1279=ORIENTED_EDGE('',*,*,#1739,.T.);
#1280=ORIENTED_EDGE('',*,*,#1737,.T.);
#1281=ORIENTED_EDGE('',*,*,#1735,.T.);
#1282=ORIENTED_EDGE('',*,*,#1733,.T.);
#1283=ORIENTED_EDGE('',*,*,#1730,.T.);
#1284=ORIENTED_EDGE('',*,*,#1729,.F.);
#1285=ORIENTED_EDGE('',*,*,#1727,.T.);
#1286=ORIENTED_EDGE('',*,*,#1725,.T.);
#1287=ORIENTED_EDGE('',*,*,#1723,.T.);
#1288=ORIENTED_EDGE('',*,*,#1721,.T.);
#1289=ORIENTED_EDGE('',*,*,#1718,.T.);
#1290=ORIENTED_EDGE('',*,*,#1985,.F.);
#1291=ORIENTED_EDGE('',*,*,#1986,.F.);
#1292=ORIENTED_EDGE('',*,*,#1971,.F.);
#1293=ORIENTED_EDGE('',*,*,#1987,.T.);
#1294=ORIENTED_EDGE('',*,*,#1988,.F.);
#1295=ORIENTED_EDGE('',*,*,#1989,.F.);
#1296=ORIENTED_EDGE('',*,*,#1972,.F.);
#1297=ORIENTED_EDGE('',*,*,#1986,.T.);
#1298=ORIENTED_EDGE('',*,*,#1990,.F.);
#1299=ORIENTED_EDGE('',*,*,#1991,.F.);
#1300=ORIENTED_EDGE('',*,*,#1973,.F.);
#1301=ORIENTED_EDGE('',*,*,#1989,.T.);
#1302=ORIENTED_EDGE('',*,*,#1992,.F.);
#1303=ORIENTED_EDGE('',*,*,#1987,.F.);
#1304=ORIENTED_EDGE('',*,*,#1970,.F.);
#1305=ORIENTED_EDGE('',*,*,#1991,.T.);
#1306=ORIENTED_EDGE('',*,*,#1993,.F.);
#1307=ORIENTED_EDGE('',*,*,#1994,.F.);
#1308=ORIENTED_EDGE('',*,*,#1975,.F.);
#1309=ORIENTED_EDGE('',*,*,#1995,.T.);
#1310=ORIENTED_EDGE('',*,*,#1996,.F.);
#1311=ORIENTED_EDGE('',*,*,#1997,.F.);
#1312=ORIENTED_EDGE('',*,*,#1976,.F.);
#1313=ORIENTED_EDGE('',*,*,#1994,.T.);
#1314=ORIENTED_EDGE('',*,*,#1998,.F.);
#1315=ORIENTED_EDGE('',*,*,#1999,.F.);
#1316=ORIENTED_EDGE('',*,*,#1977,.F.);
#1317=ORIENTED_EDGE('',*,*,#1997,.T.);
#1318=ORIENTED_EDGE('',*,*,#2000,.F.);
#1319=ORIENTED_EDGE('',*,*,#1995,.F.);
#1320=ORIENTED_EDGE('',*,*,#1974,.F.);
#1321=ORIENTED_EDGE('',*,*,#1999,.T.);
#1322=ORIENTED_EDGE('',*,*,#2001,.F.);
#1323=ORIENTED_EDGE('',*,*,#2002,.F.);
#1324=ORIENTED_EDGE('',*,*,#1980,.F.);
#1325=ORIENTED_EDGE('',*,*,#2003,.T.);
#1326=ORIENTED_EDGE('',*,*,#2004,.F.);
#1327=ORIENTED_EDGE('',*,*,#2005,.F.);
#1328=ORIENTED_EDGE('',*,*,#1981,.F.);
#1329=ORIENTED_EDGE('',*,*,#2002,.T.);
#1330=ORIENTED_EDGE('',*,*,#2006,.F.);
#1331=ORIENTED_EDGE('',*,*,#2007,.F.);
#1332=ORIENTED_EDGE('',*,*,#1978,.F.);
#1333=ORIENTED_EDGE('',*,*,#2005,.T.);
#1334=ORIENTED_EDGE('',*,*,#2008,.F.);
#1335=ORIENTED_EDGE('',*,*,#2003,.F.);
#1336=ORIENTED_EDGE('',*,*,#1979,.F.);
#1337=ORIENTED_EDGE('',*,*,#2007,.T.);
#1338=ORIENTED_EDGE('',*,*,#2009,.T.);
#1339=ORIENTED_EDGE('',*,*,#2010,.T.);
#1340=ORIENTED_EDGE('',*,*,#2011,.T.);
#1341=ORIENTED_EDGE('',*,*,#2012,.T.);
#1342=ORIENTED_EDGE('',*,*,#2008,.T.);
#1343=ORIENTED_EDGE('',*,*,#2006,.T.);
#1344=ORIENTED_EDGE('',*,*,#2004,.T.);
#1345=ORIENTED_EDGE('',*,*,#2001,.T.);
#1346=ORIENTED_EDGE('',*,*,#2000,.T.);
#1347=ORIENTED_EDGE('',*,*,#1998,.T.);
#1348=ORIENTED_EDGE('',*,*,#1996,.T.);
#1349=ORIENTED_EDGE('',*,*,#1993,.T.);
#1350=ORIENTED_EDGE('',*,*,#1992,.T.);
#1351=ORIENTED_EDGE('',*,*,#1990,.T.);
#1352=ORIENTED_EDGE('',*,*,#1988,.T.);
#1353=ORIENTED_EDGE('',*,*,#1985,.T.);
#1354=ORIENTED_EDGE('',*,*,#1984,.T.);
#1355=ORIENTED_EDGE('',*,*,#1504,.F.);
#1356=ORIENTED_EDGE('',*,*,#1983,.F.);
#1357=ORIENTED_EDGE('',*,*,#1426,.T.);
#1358=ORIENTED_EDGE('',*,*,#2013,.T.);
#1359=ORIENTED_EDGE('',*,*,#2014,.T.);
#1360=ORIENTED_EDGE('',*,*,#2015,.T.);
#1361=ORIENTED_EDGE('',*,*,#2016,.T.);
#1362=ORIENTED_EDGE('',*,*,#2010,.F.);
#1363=ORIENTED_EDGE('',*,*,#2017,.F.);
#1364=ORIENTED_EDGE('',*,*,#2016,.F.);
#1365=ORIENTED_EDGE('',*,*,#2018,.T.);
#1366=ORIENTED_EDGE('',*,*,#2011,.F.);
#1367=ORIENTED_EDGE('',*,*,#2018,.F.);
#1368=ORIENTED_EDGE('',*,*,#2015,.F.);
#1369=ORIENTED_EDGE('',*,*,#2019,.T.);
#1370=ORIENTED_EDGE('',*,*,#2012,.F.);
#1371=ORIENTED_EDGE('',*,*,#2019,.F.);
#1372=ORIENTED_EDGE('',*,*,#2014,.F.);
#1373=ORIENTED_EDGE('',*,*,#2020,.T.);
#1374=ORIENTED_EDGE('',*,*,#2009,.F.);
#1375=ORIENTED_EDGE('',*,*,#2020,.F.);
#1376=ORIENTED_EDGE('',*,*,#2013,.F.);
#1377=ORIENTED_EDGE('',*,*,#2017,.T.);
#1378=ORIENTED_EDGE('',*,*,#1497,.T.);
#1379=ORIENTED_EDGE('',*,*,#2021,.F.);
#1380=ORIENTED_EDGE('',*,*,#2022,.F.);
#1381=ORIENTED_EDGE('',*,*,#2023,.T.);
#1382=ORIENTED_EDGE('',*,*,#1500,.T.);
#1383=ORIENTED_EDGE('',*,*,#2024,.F.);
#1384=ORIENTED_EDGE('',*,*,#2025,.F.);
#1385=ORIENTED_EDGE('',*,*,#2021,.T.);
#1386=ORIENTED_EDGE('',*,*,#1499,.T.);
#1387=ORIENTED_EDGE('',*,*,#2026,.F.);
#1388=ORIENTED_EDGE('',*,*,#2027,.F.);
#1389=ORIENTED_EDGE('',*,*,#2024,.T.);
#1390=ORIENTED_EDGE('',*,*,#1498,.T.);
#1391=ORIENTED_EDGE('',*,*,#2023,.F.);
#1392=ORIENTED_EDGE('',*,*,#2028,.F.);
#1393=ORIENTED_EDGE('',*,*,#2026,.T.);
#1394=ORIENTED_EDGE('',*,*,#2022,.T.);
#1395=ORIENTED_EDGE('',*,*,#2025,.T.);
#1396=ORIENTED_EDGE('',*,*,#2027,.T.);
#1397=ORIENTED_EDGE('',*,*,#2028,.T.);
#1398=ORIENTED_EDGE('',*,*,#2029,.T.);
#1399=ORIENTED_EDGE('',*,*,#1982,.F.);
#1400=ORIENTED_EDGE('',*,*,#2029,.F.);
#1401=EDGE_CURVE('',#2030,#2031,#2450,.T.);
#1402=EDGE_CURVE('',#2032,#2031,#2451,.T.);
#1403=EDGE_CURVE('',#2032,#2033,#2452,.T.);
#1404=EDGE_CURVE('',#2033,#2030,#2453,.T.);
#1405=EDGE_CURVE('',#2034,#2030,#2454,.T.);
#1406=EDGE_CURVE('',#2033,#2035,#2455,.T.);
#1407=EDGE_CURVE('',#2035,#2034,#2456,.T.);
#1408=EDGE_CURVE('',#2031,#2036,#2457,.T.);
#1409=EDGE_CURVE('',#2037,#2036,#2458,.T.);
#1410=EDGE_CURVE('',#2037,#2032,#2459,.T.);
#1411=EDGE_CURVE('',#2035,#2037,#2460,.T.);
#1412=EDGE_CURVE('',#2036,#2034,#2461,.T.);
#1413=EDGE_CURVE('',#2038,#2039,#2462,.T.);
#1414=EDGE_CURVE('',#2040,#2038,#2463,.T.);
#1415=EDGE_CURVE('',#2041,#2040,#2464,.T.);
#1416=EDGE_CURVE('',#2039,#2041,#2465,.T.);
#1417=EDGE_CURVE('',#2042,#2043,#2466,.T.);
#1418=EDGE_CURVE('',#2042,#2044,#2467,.T.);
#1419=EDGE_CURVE('',#2045,#2044,#2468,.T.);
#1420=EDGE_CURVE('',#2043,#2045,#2469,.T.);
#1421=EDGE_CURVE('',#2046,#2047,#2470,.T.);
#1422=EDGE_CURVE('',#2048,#2046,#2471,.T.);
#1423=EDGE_CURVE('',#2049,#2048,#2472,.T.);
#1424=EDGE_CURVE('',#2047,#2049,#2473,.T.);
#1425=EDGE_CURVE('',#2050,#2051,#2474,.T.);
#1426=EDGE_CURVE('',#2052,#2051,#2475,.T.);
#1427=EDGE_CURVE('',#2053,#2052,#2476,.T.);
#1428=EDGE_CURVE('',#2053,#2050,#2477,.T.);
#1429=EDGE_CURVE('',#2054,#2055,#2478,.T.);
#1430=EDGE_CURVE('',#2054,#2056,#2479,.T.);
#1431=EDGE_CURVE('',#2057,#2056,#2480,.T.);
#1432=EDGE_CURVE('',#2055,#2057,#2481,.T.);
#1433=EDGE_CURVE('',#2058,#2059,#2482,.T.);
#1434=EDGE_CURVE('',#2060,#2058,#2483,.T.);
#1435=EDGE_CURVE('',#2061,#2060,#2484,.T.);
#1436=EDGE_CURVE('',#2059,#2061,#2485,.T.);
#1437=EDGE_CURVE('',#2062,#2039,#2486,.T.);
#1438=EDGE_CURVE('',#2062,#2063,#2487,.T.);
#1439=EDGE_CURVE('',#2063,#2038,#2488,.T.);
#1440=EDGE_CURVE('',#2063,#2064,#2489,.T.);
#1441=EDGE_CURVE('',#2064,#2040,#2490,.T.);
#1442=EDGE_CURVE('',#2064,#2065,#2491,.T.);
#1443=EDGE_CURVE('',#2065,#2041,#2492,.T.);
#1444=EDGE_CURVE('',#2065,#2062,#2493,.T.);
#1445=EDGE_CURVE('',#2066,#2044,#2494,.T.);
#1446=EDGE_CURVE('',#2066,#2067,#2495,.T.);
#1447=EDGE_CURVE('',#2067,#2045,#2496,.T.);
#1448=EDGE_CURVE('',#2068,#2043,#2497,.T.);
#1449=EDGE_CURVE('',#2068,#2069,#2498,.T.);
#1450=EDGE_CURVE('',#2069,#2042,#2499,.T.);
#1451=EDGE_CURVE('',#2067,#2068,#2500,.T.);
#1452=EDGE_CURVE('',#2069,#2066,#2501,.T.);
#1453=EDGE_CURVE('',#2070,#2071,#2502,.T.);
#1454=EDGE_CURVE('',#2072,#2070,#2503,.T.);
#1455=EDGE_CURVE('',#2073,#2072,#2504,.T.);
#1456=EDGE_CURVE('',#2071,#2073,#2505,.T.);
#1457=EDGE_CURVE('',#2071,#2059,#2506,.T.);
#1458=EDGE_CURVE('',#2073,#2058,#2507,.T.);
#1459=EDGE_CURVE('',#2072,#2060,#2508,.T.);
#1460=EDGE_CURVE('',#2070,#2061,#2509,.T.);
#1461=EDGE_CURVE('',#2074,#2055,#2510,.T.);
#1462=EDGE_CURVE('',#2074,#2075,#2511,.T.);
#1463=EDGE_CURVE('',#2075,#2054,#2512,.T.);
#1464=EDGE_CURVE('',#2076,#2056,#2513,.T.);
#1465=EDGE_CURVE('',#2076,#2077,#2514,.T.);
#1466=EDGE_CURVE('',#2077,#2057,#2515,.T.);
#1467=EDGE_CURVE('',#2077,#2074,#2516,.T.);
#1468=EDGE_CURVE('',#2075,#2076,#2517,.T.);
#1469=EDGE_CURVE('',#2078,#2079,#2518,.T.);
#1470=EDGE_CURVE('',#2080,#2078,#2519,.T.);
#1471=EDGE_CURVE('',#2081,#2080,#2520,.T.);
#1472=EDGE_CURVE('',#2079,#2081,#2521,.T.);
#1473=EDGE_CURVE('',#2080,#2047,#2522,.T.);
#1474=EDGE_CURVE('',#2078,#2046,#2523,.T.);
#1475=EDGE_CURVE('',#2081,#2049,#2524,.T.);
#1476=EDGE_CURVE('',#2079,#2048,#2525,.T.);
#1477=EDGE_CURVE('',#2082,#2083,#2526,.T.);
#1478=EDGE_CURVE('',#2084,#2083,#2527,.T.);
#1479=EDGE_CURVE('',#2085,#2084,#2528,.T.);
#1480=EDGE_CURVE('',#2085,#2082,#2529,.T.);
#1481=EDGE_CURVE('',#2086,#2082,#2530,.T.);
#1482=EDGE_CURVE('',#2087,#2085,#2531,.T.);
#1483=EDGE_CURVE('',#2087,#2086,#2532,.T.);
#1484=EDGE_CURVE('',#2088,#2086,#2533,.T.);
#1485=EDGE_CURVE('',#2089,#2087,#2534,.T.);
#1486=EDGE_CURVE('',#2089,#2088,#2535,.T.);
#1487=EDGE_CURVE('',#2083,#2088,#2536,.T.);
#1488=EDGE_CURVE('',#2084,#2089,#2537,.T.);
#1489=EDGE_CURVE('',#2090,#2091,#2538,.T.);
#1490=EDGE_CURVE('',#2092,#2090,#2539,.T.);
#1491=EDGE_CURVE('',#2093,#2092,#2540,.T.);
#1492=EDGE_CURVE('',#2091,#2093,#2541,.T.);
#1493=EDGE_CURVE('',#2094,#2095,#2542,.T.);
#1494=EDGE_CURVE('',#2096,#2094,#2543,.T.);
#1495=EDGE_CURVE('',#2097,#2096,#2544,.T.);
#1496=EDGE_CURVE('',#2095,#2097,#2545,.T.);
#1497=EDGE_CURVE('',#2098,#2099,#2546,.T.);
#1498=EDGE_CURVE('',#2100,#2098,#2547,.T.);
#1499=EDGE_CURVE('',#2101,#2100,#2548,.T.);
#1500=EDGE_CURVE('',#2099,#2101,#2549,.T.);
#1501=EDGE_CURVE('',#2102,#2103,#2550,.T.);
#1502=EDGE_CURVE('',#2104,#2103,#2551,.T.);
#1503=EDGE_CURVE('',#2105,#2104,#2552,.T.);
#1504=EDGE_CURVE('',#2105,#2102,#2553,.T.);
#1505=EDGE_CURVE('',#2106,#2107,#2554,.T.);
#1506=EDGE_CURVE('',#2108,#2106,#2555,.T.);
#1507=EDGE_CURVE('',#2109,#2108,#2556,.T.);
#1508=EDGE_CURVE('',#2107,#2109,#2557,.T.);
#1509=EDGE_CURVE('',#2110,#2111,#2558,.T.);
#1510=EDGE_CURVE('',#2112,#2110,#2559,.T.);
#1511=EDGE_CURVE('',#2113,#2112,#2560,.T.);
#1512=EDGE_CURVE('',#2111,#2113,#2561,.T.);
#1513=EDGE_CURVE('',#2114,#2090,#2562,.T.);
#1514=EDGE_CURVE('',#2115,#2114,#2563,.T.);
#1515=EDGE_CURVE('',#2115,#2092,#2564,.T.);
#1516=EDGE_CURVE('',#2116,#2093,#2565,.T.);
#1517=EDGE_CURVE('',#2117,#2116,#2566,.T.);
#1518=EDGE_CURVE('',#2117,#2091,#2567,.T.);
#1519=EDGE_CURVE('',#2114,#2117,#2568,.T.);
#1520=EDGE_CURVE('',#2116,#2115,#2569,.T.);
#1521=EDGE_CURVE('',#2118,#2113,#2570,.T.);
#1522=EDGE_CURVE('',#2119,#2118,#2571,.T.);
#1523=EDGE_CURVE('',#2119,#2111,#2572,.T.);
#1524=EDGE_CURVE('',#2120,#2110,#2573,.T.);
#1525=EDGE_CURVE('',#2121,#2120,#2574,.T.);
#1526=EDGE_CURVE('',#2121,#2112,#2575,.T.);
#1527=EDGE_CURVE('',#2118,#2121,#2576,.T.);
#1528=EDGE_CURVE('',#2120,#2119,#2577,.T.);
#1529=EDGE_CURVE('',#2122,#2095,#2578,.T.);
#1530=EDGE_CURVE('',#2123,#2122,#2579,.T.);
#1531=EDGE_CURVE('',#2123,#2094,#2580,.T.);
#1532=EDGE_CURVE('',#2122,#2124,#2581,.T.);
#1533=EDGE_CURVE('',#2124,#2125,#2582,.T.);
#1534=EDGE_CURVE('',#2125,#2123,#2583,.T.);
#1535=EDGE_CURVE('',#2124,#2097,#2584,.T.);
#1536=EDGE_CURVE('',#2125,#2096,#2585,.T.);
#1537=EDGE_CURVE('',#2126,#2107,#2586,.T.);
#1538=EDGE_CURVE('',#2127,#2126,#2587,.T.);
#1539=EDGE_CURVE('',#2127,#2106,#2588,.T.);
#1540=EDGE_CURVE('',#2128,#2109,#2589,.T.);
#1541=EDGE_CURVE('',#2126,#2128,#2590,.T.);
#1542=EDGE_CURVE('',#2129,#2108,#2591,.T.);
#1543=EDGE_CURVE('',#2128,#2129,#2592,.T.);
#1544=EDGE_CURVE('',#2129,#2127,#2593,.T.);
#1545=EDGE_CURVE('',#2130,#2131,#2594,.T.);
#1546=EDGE_CURVE('',#2132,#2130,#2595,.T.);
#1547=EDGE_CURVE('',#2133,#2132,#2596,.T.);
#1548=EDGE_CURVE('',#2131,#2133,#2597,.T.);
#1549=EDGE_CURVE('',#2134,#2135,#2598,.T.);
#1550=EDGE_CURVE('',#2136,#2134,#2599,.T.);
#1551=EDGE_CURVE('',#2137,#2136,#2600,.T.);
#1552=EDGE_CURVE('',#2135,#2137,#2601,.T.);
#1553=EDGE_CURVE('',#2138,#2139,#2602,.T.);
#1554=EDGE_CURVE('',#2140,#2138,#2603,.T.);
#1555=EDGE_CURVE('',#2141,#2140,#2604,.T.);
#1556=EDGE_CURVE('',#2139,#2141,#2605,.T.);
#1557=EDGE_CURVE('',#2142,#2143,#2606,.T.);
#1558=EDGE_CURVE('',#2144,#2142,#2607,.T.);
#1559=EDGE_CURVE('',#2145,#2144,#2608,.T.);
#1560=EDGE_CURVE('',#2143,#2145,#2609,.T.);
#1561=EDGE_CURVE('',#2146,#2147,#61,.T.);
#1562=EDGE_CURVE('',#2148,#2146,#2610,.T.);
#1563=EDGE_CURVE('',#2149,#2148,#62,.T.);
#1564=EDGE_CURVE('',#2150,#2149,#2611,.T.);
#1565=EDGE_CURVE('',#2151,#2150,#2612,.T.);
#1566=EDGE_CURVE('',#2147,#2151,#2613,.T.);
#1567=EDGE_CURVE('',#2152,#2153,#63,.T.);
#1568=EDGE_CURVE('',#2153,#2154,#2614,.T.);
#1569=EDGE_CURVE('',#2154,#2155,#2615,.T.);
#1570=EDGE_CURVE('',#2155,#2156,#2616,.T.);
#1571=EDGE_CURVE('',#2156,#2157,#64,.T.);
#1572=EDGE_CURVE('',#2157,#2152,#2617,.T.);
#1573=EDGE_CURVE('',#2158,#2159,#65,.T.);
#1574=EDGE_CURVE('',#2159,#2160,#2618,.T.);
#1575=EDGE_CURVE('',#2160,#2161,#2619,.T.);
#1576=EDGE_CURVE('',#2161,#2162,#2620,.T.);
#1577=EDGE_CURVE('',#2162,#2163,#66,.T.);
#1578=EDGE_CURVE('',#2163,#2158,#2621,.T.);
#1579=EDGE_CURVE('',#2164,#2165,#67,.T.);
#1580=EDGE_CURVE('',#2165,#2166,#2622,.T.);
#1581=EDGE_CURVE('',#2166,#2167,#2623,.T.);
#1582=EDGE_CURVE('',#2167,#2168,#2624,.T.);
#1583=EDGE_CURVE('',#2168,#2169,#68,.T.);
#1584=EDGE_CURVE('',#2169,#2164,#2625,.T.);
#1585=EDGE_CURVE('',#2170,#2171,#69,.T.);
#1586=EDGE_CURVE('',#2172,#2170,#2626,.T.);
#1587=EDGE_CURVE('',#2173,#2172,#70,.T.);
#1588=EDGE_CURVE('',#2174,#2173,#2627,.T.);
#1589=EDGE_CURVE('',#2175,#2174,#2628,.T.);
#1590=EDGE_CURVE('',#2171,#2175,#2629,.T.);
#1591=EDGE_CURVE('',#2176,#2177,#71,.T.);
#1592=EDGE_CURVE('',#2178,#2176,#2630,.T.);
#1593=EDGE_CURVE('',#2179,#2178,#72,.T.);
#1594=EDGE_CURVE('',#2180,#2179,#2631,.T.);
#1595=EDGE_CURVE('',#2181,#2180,#2632,.T.);
#1596=EDGE_CURVE('',#2177,#2181,#2633,.T.);
#1597=EDGE_CURVE('',#2182,#2183,#73,.T.);
#1598=EDGE_CURVE('',#2183,#2184,#2634,.T.);
#1599=EDGE_CURVE('',#2184,#2185,#74,.T.);
#1600=EDGE_CURVE('',#2185,#2186,#2635,.T.);
#1601=EDGE_CURVE('',#2186,#2187,#2636,.T.);
#1602=EDGE_CURVE('',#2187,#2182,#2637,.T.);
#1603=EDGE_CURVE('',#2188,#2189,#75,.T.);
#1604=EDGE_CURVE('',#2189,#2190,#2638,.T.);
#1605=EDGE_CURVE('',#2190,#2191,#76,.T.);
#1606=EDGE_CURVE('',#2191,#2192,#2639,.T.);
#1607=EDGE_CURVE('',#2192,#2193,#2640,.T.);
#1608=EDGE_CURVE('',#2193,#2188,#2641,.T.);
#1609=EDGE_CURVE('',#2194,#2195,#77,.T.);
#1610=EDGE_CURVE('',#2196,#2194,#2642,.T.);
#1611=EDGE_CURVE('',#2197,#2196,#2643,.T.);
#1612=EDGE_CURVE('',#2198,#2197,#2644,.T.);
#1613=EDGE_CURVE('',#2199,#2198,#78,.T.);
#1614=EDGE_CURVE('',#2195,#2199,#2645,.T.);
#1615=EDGE_CURVE('',#2200,#2201,#79,.T.);
#1616=EDGE_CURVE('',#2202,#2200,#2646,.T.);
#1617=EDGE_CURVE('',#2203,#2202,#2647,.T.);
#1618=EDGE_CURVE('',#2204,#2203,#2648,.T.);
#1619=EDGE_CURVE('',#2205,#2204,#80,.T.);
#1620=EDGE_CURVE('',#2201,#2205,#2649,.T.);
#1621=EDGE_CURVE('',#2206,#2207,#2650,.T.);
#1622=EDGE_CURVE('',#2207,#2208,#2651,.T.);
#1623=EDGE_CURVE('',#2208,#2209,#2652,.T.);
#1624=EDGE_CURVE('',#2209,#2210,#2653,.T.);
#1625=EDGE_CURVE('',#2210,#2206,#2654,.T.);
#1626=EDGE_CURVE('',#2211,#2212,#81,.T.);
#1627=EDGE_CURVE('',#2213,#2211,#2655,.T.);
#1628=EDGE_CURVE('',#2214,#2213,#2656,.T.);
#1629=EDGE_CURVE('',#2215,#2214,#2657,.T.);
#1630=EDGE_CURVE('',#2216,#2215,#82,.T.);
#1631=EDGE_CURVE('',#2212,#2216,#2658,.T.);
#1632=EDGE_CURVE('',#2217,#2218,#2659,.T.);
#1633=EDGE_CURVE('',#2133,#2217,#2660,.T.);
#1634=EDGE_CURVE('',#2132,#2218,#2661,.T.);
#1635=EDGE_CURVE('',#2219,#2217,#2662,.T.);
#1636=EDGE_CURVE('',#2131,#2219,#2663,.T.);
#1637=EDGE_CURVE('',#2220,#2219,#2664,.T.);
#1638=EDGE_CURVE('',#2130,#2220,#2665,.T.);
#1639=EDGE_CURVE('',#2218,#2220,#2666,.T.);
#1640=EDGE_CURVE('',#2221,#2222,#2667,.T.);
#1641=EDGE_CURVE('',#2137,#2221,#2668,.T.);
#1642=EDGE_CURVE('',#2136,#2222,#2669,.T.);
#1643=EDGE_CURVE('',#2223,#2221,#2670,.T.);
#1644=EDGE_CURVE('',#2135,#2223,#2671,.T.);
#1645=EDGE_CURVE('',#2224,#2223,#2672,.T.);
#1646=EDGE_CURVE('',#2134,#2224,#2673,.T.);
#1647=EDGE_CURVE('',#2222,#2224,#2674,.T.);
#1648=EDGE_CURVE('',#2225,#2226,#2675,.T.);
#1649=EDGE_CURVE('',#2141,#2225,#2676,.T.);
#1650=EDGE_CURVE('',#2140,#2226,#2677,.T.);
#1651=EDGE_CURVE('',#2227,#2225,#2678,.T.);
#1652=EDGE_CURVE('',#2139,#2227,#2679,.T.);
#1653=EDGE_CURVE('',#2228,#2227,#2680,.T.);
#1654=EDGE_CURVE('',#2138,#2228,#2681,.T.);
#1655=EDGE_CURVE('',#2226,#2228,#2682,.T.);
#1656=EDGE_CURVE('',#2229,#2230,#2683,.T.);
#1657=EDGE_CURVE('',#2145,#2229,#2684,.T.);
#1658=EDGE_CURVE('',#2144,#2230,#2685,.T.);
#1659=EDGE_CURVE('',#2231,#2229,#2686,.T.);
#1660=EDGE_CURVE('',#2143,#2231,#2687,.T.);
#1661=EDGE_CURVE('',#2232,#2231,#2688,.T.);
#1662=EDGE_CURVE('',#2142,#2232,#2689,.T.);
#1663=EDGE_CURVE('',#2230,#2232,#2690,.T.);
#1664=EDGE_CURVE('',#2233,#2234,#83,.T.);
#1665=EDGE_CURVE('',#2235,#2233,#2691,.T.);
#1666=EDGE_CURVE('',#2236,#2235,#2692,.T.);
#1667=EDGE_CURVE('',#2237,#2236,#2693,.T.);
#1668=EDGE_CURVE('',#2238,#2237,#84,.T.);
#1669=EDGE_CURVE('',#2234,#2238,#2694,.T.);
#1670=EDGE_CURVE('',#2239,#2240,#85,.T.);
#1671=EDGE_CURVE('',#2241,#2239,#2695,.T.);
#1672=EDGE_CURVE('',#2242,#2241,#2696,.T.);
#1673=EDGE_CURVE('',#2243,#2242,#2697,.T.);
#1674=EDGE_CURVE('',#2244,#2243,#86,.T.);
#1675=EDGE_CURVE('',#2240,#2244,#2698,.T.);
#1676=EDGE_CURVE('',#2245,#2246,#87,.T.);
#1677=EDGE_CURVE('',#2246,#2247,#2699,.T.);
#1678=EDGE_CURVE('',#2247,#2248,#88,.T.);
#1679=EDGE_CURVE('',#2248,#2249,#2700,.T.);
#1680=EDGE_CURVE('',#2249,#2250,#2701,.T.);
#1681=EDGE_CURVE('',#2250,#2245,#2702,.T.);
#1682=EDGE_CURVE('',#2251,#2252,#89,.T.);
#1683=EDGE_CURVE('',#2252,#2253,#2703,.T.);
#1684=EDGE_CURVE('',#2253,#2254,#90,.T.);
#1685=EDGE_CURVE('',#2254,#2255,#2704,.T.);
#1686=EDGE_CURVE('',#2255,#2256,#2705,.T.);
#1687=EDGE_CURVE('',#2256,#2251,#2706,.T.);
#1688=EDGE_CURVE('',#2257,#2258,#91,.T.);
#1689=EDGE_CURVE('',#2258,#2259,#2707,.T.);
#1690=EDGE_CURVE('',#2259,#2260,#92,.T.);
#1691=EDGE_CURVE('',#2260,#2261,#2708,.T.);
#1692=EDGE_CURVE('',#2261,#2262,#2709,.T.);
#1693=EDGE_CURVE('',#2262,#2257,#2710,.T.);
#1694=EDGE_CURVE('',#2263,#2264,#93,.T.);
#1695=EDGE_CURVE('',#2264,#2265,#2711,.T.);
#1696=EDGE_CURVE('',#2265,#2266,#94,.T.);
#1697=EDGE_CURVE('',#2266,#2267,#2712,.T.);
#1698=EDGE_CURVE('',#2267,#2268,#2713,.T.);
#1699=EDGE_CURVE('',#2268,#2263,#2714,.T.);
#1700=EDGE_CURVE('',#2269,#2270,#95,.T.);
#1701=EDGE_CURVE('',#2271,#2269,#2715,.T.);
#1702=EDGE_CURVE('',#2272,#2271,#2716,.T.);
#1703=EDGE_CURVE('',#2273,#2272,#2717,.T.);
#1704=EDGE_CURVE('',#2274,#2273,#96,.T.);
#1705=EDGE_CURVE('',#2270,#2274,#2718,.T.);
#1706=EDGE_CURVE('',#2275,#2276,#97,.T.);
#1707=EDGE_CURVE('',#2276,#2277,#2719,.T.);
#1708=EDGE_CURVE('',#2277,#2278,#2720,.T.);
#1709=EDGE_CURVE('',#2278,#2279,#2721,.T.);
#1710=EDGE_CURVE('',#2279,#2280,#98,.T.);
#1711=EDGE_CURVE('',#2280,#2275,#2722,.T.);
#1712=EDGE_CURVE('',#2281,#2282,#99,.T.);
#1713=EDGE_CURVE('',#2283,#2281,#2723,.T.);
#1714=EDGE_CURVE('',#2284,#2283,#100,.T.);
#1715=EDGE_CURVE('',#2285,#2284,#2724,.T.);
#1716=EDGE_CURVE('',#2286,#2285,#2725,.T.);
#1717=EDGE_CURVE('',#2282,#2286,#2726,.T.);
#1718=EDGE_CURVE('',#2287,#2288,#2727,.T.);
#1719=EDGE_CURVE('',#2150,#2287,#2728,.T.);
#1720=EDGE_CURVE('',#2149,#2288,#2729,.T.);
#1721=EDGE_CURVE('',#2289,#2287,#2730,.T.);
#1722=EDGE_CURVE('',#2151,#2289,#2731,.T.);
#1723=EDGE_CURVE('',#2290,#2289,#2732,.T.);
#1724=EDGE_CURVE('',#2147,#2290,#2733,.T.);
#1725=EDGE_CURVE('',#2291,#2290,#101,.T.);
#1726=EDGE_CURVE('',#2146,#2291,#2734,.T.);
#1727=EDGE_CURVE('',#2292,#2291,#2735,.T.);
#1728=EDGE_CURVE('',#2148,#2292,#2736,.T.);
#1729=EDGE_CURVE('',#2292,#2288,#102,.T.);
#1730=EDGE_CURVE('',#2293,#2294,#2737,.T.);
#1731=EDGE_CURVE('',#2154,#2293,#2738,.T.);
#1732=EDGE_CURVE('',#2153,#2294,#2739,.T.);
#1733=EDGE_CURVE('',#2295,#2293,#2740,.T.);
#1734=EDGE_CURVE('',#2155,#2295,#2741,.T.);
#1735=EDGE_CURVE('',#2296,#2295,#2742,.T.);
#1736=EDGE_CURVE('',#2156,#2296,#2743,.T.);
#1737=EDGE_CURVE('',#2297,#2296,#103,.T.);
#1738=EDGE_CURVE('',#2157,#2297,#2744,.T.);
#1739=EDGE_CURVE('',#2298,#2297,#2745,.T.);
#1740=EDGE_CURVE('',#2152,#2298,#2746,.T.);
#1741=EDGE_CURVE('',#2294,#2298,#104,.T.);
#1742=EDGE_CURVE('',#2299,#2300,#2747,.T.);
#1743=EDGE_CURVE('',#2161,#2299,#2748,.T.);
#1744=EDGE_CURVE('',#2160,#2300,#2749,.T.);
#1745=EDGE_CURVE('',#2301,#2299,#2750,.T.);
#1746=EDGE_CURVE('',#2162,#2301,#2751,.T.);
#1747=EDGE_CURVE('',#2302,#2301,#105,.T.);
#1748=EDGE_CURVE('',#2163,#2302,#2752,.T.);
#1749=EDGE_CURVE('',#2303,#2302,#2753,.T.);
#1750=EDGE_CURVE('',#2158,#2303,#2754,.T.);
#1751=EDGE_CURVE('',#2304,#2303,#106,.T.);
#1752=EDGE_CURVE('',#2159,#2304,#2755,.T.);
#1753=EDGE_CURVE('',#2300,#2304,#2756,.T.);
#1754=EDGE_CURVE('',#2305,#2306,#2757,.T.);
#1755=EDGE_CURVE('',#2166,#2305,#2758,.T.);
#1756=EDGE_CURVE('',#2165,#2306,#2759,.T.);
#1757=EDGE_CURVE('',#2307,#2305,#2760,.T.);
#1758=EDGE_CURVE('',#2167,#2307,#2761,.T.);
#1759=EDGE_CURVE('',#2308,#2307,#2762,.T.);
#1760=EDGE_CURVE('',#2168,#2308,#2763,.T.);
#1761=EDGE_CURVE('',#2309,#2308,#107,.T.);
#1762=EDGE_CURVE('',#2169,#2309,#2764,.T.);
#1763=EDGE_CURVE('',#2310,#2309,#2765,.T.);
#1764=EDGE_CURVE('',#2164,#2310,#2766,.T.);
#1765=EDGE_CURVE('',#2306,#2310,#108,.T.);
#1766=EDGE_CURVE('',#2311,#2312,#109,.T.);
#1767=EDGE_CURVE('',#2173,#2311,#2767,.T.);
#1768=EDGE_CURVE('',#2172,#2312,#2768,.T.);
#1769=EDGE_CURVE('',#2313,#2311,#2769,.T.);
#1770=EDGE_CURVE('',#2174,#2313,#2770,.T.);
#1771=EDGE_CURVE('',#2314,#2313,#2771,.T.);
#1772=EDGE_CURVE('',#2175,#2314,#2772,.T.);
#1773=EDGE_CURVE('',#2315,#2314,#2773,.T.);
#1774=EDGE_CURVE('',#2171,#2315,#2774,.T.);
#1775=EDGE_CURVE('',#2316,#2315,#110,.T.);
#1776=EDGE_CURVE('',#2170,#2316,#2775,.T.);
#1777=EDGE_CURVE('',#2312,#2316,#2776,.T.);
#1778=EDGE_CURVE('',#2317,#2318,#111,.T.);
#1779=EDGE_CURVE('',#2179,#2317,#2777,.T.);
#1780=EDGE_CURVE('',#2178,#2318,#2778,.T.);
#1781=EDGE_CURVE('',#2319,#2317,#2779,.T.);
#1782=EDGE_CURVE('',#2180,#2319,#2780,.T.);
#1783=EDGE_CURVE('',#2320,#2319,#2781,.T.);
#1784=EDGE_CURVE('',#2181,#2320,#2782,.T.);
#1785=EDGE_CURVE('',#2321,#2320,#2783,.T.);
#1786=EDGE_CURVE('',#2177,#2321,#2784,.T.);
#1787=EDGE_CURVE('',#2322,#2321,#112,.T.);
#1788=EDGE_CURVE('',#2176,#2322,#2785,.T.);
#1789=EDGE_CURVE('',#2318,#2322,#2786,.T.);
#1790=EDGE_CURVE('',#2323,#2324,#113,.T.);
#1791=EDGE_CURVE('',#2185,#2323,#2787,.T.);
#1792=EDGE_CURVE('',#2184,#2324,#2788,.T.);
#1793=EDGE_CURVE('',#2325,#2323,#2789,.T.);
#1794=EDGE_CURVE('',#2186,#2325,#2790,.T.);
#1795=EDGE_CURVE('',#2326,#2325,#2791,.T.);
#1796=EDGE_CURVE('',#2187,#2326,#2792,.T.);
#1797=EDGE_CURVE('',#2327,#2326,#2793,.T.);
#1798=EDGE_CURVE('',#2182,#2327,#2794,.T.);
#1799=EDGE_CURVE('',#2328,#2327,#114,.T.);
#1800=EDGE_CURVE('',#2183,#2328,#2795,.T.);
#1801=EDGE_CURVE('',#2324,#2328,#2796,.T.);
#1802=EDGE_CURVE('',#2329,#2330,#2797,.T.);
#1803=EDGE_CURVE('',#2190,#2329,#2798,.T.);
#1804=EDGE_CURVE('',#2189,#2330,#2799,.T.);
#1805=EDGE_CURVE('',#2331,#2329,#115,.T.);
#1806=EDGE_CURVE('',#2191,#2331,#2800,.T.);
#1807=EDGE_CURVE('',#2332,#2331,#2801,.T.);
#1808=EDGE_CURVE('',#2192,#2332,#2802,.T.);
#1809=EDGE_CURVE('',#2333,#2332,#2803,.T.);
#1810=EDGE_CURVE('',#2193,#2333,#2804,.T.);
#1811=EDGE_CURVE('',#2334,#2333,#2805,.T.);
#1812=EDGE_CURVE('',#2188,#2334,#2806,.T.);
#1813=EDGE_CURVE('',#2330,#2334,#116,.T.);
#1814=EDGE_CURVE('',#2335,#2336,#117,.T.);
#1815=EDGE_CURVE('',#2199,#2335,#2807,.T.);
#1816=EDGE_CURVE('',#2198,#2336,#2808,.T.);
#1817=EDGE_CURVE('',#2337,#2335,#2809,.T.);
#1818=EDGE_CURVE('',#2195,#2337,#2810,.T.);
#1819=EDGE_CURVE('',#2338,#2337,#118,.T.);
#1820=EDGE_CURVE('',#2194,#2338,#2811,.T.);
#1821=EDGE_CURVE('',#2339,#2338,#2812,.T.);
#1822=EDGE_CURVE('',#2196,#2339,#2813,.T.);
#1823=EDGE_CURVE('',#2340,#2339,#2814,.T.);
#1824=EDGE_CURVE('',#2197,#2340,#2815,.T.);
#1825=EDGE_CURVE('',#2336,#2340,#2816,.T.);
#1826=EDGE_CURVE('',#2341,#2342,#2817,.T.);
#1827=EDGE_CURVE('',#2203,#2341,#2818,.T.);
#1828=EDGE_CURVE('',#2202,#2342,#2819,.T.);
#1829=EDGE_CURVE('',#2343,#2341,#2820,.T.);
#1830=EDGE_CURVE('',#2204,#2343,#2821,.T.);
#1831=EDGE_CURVE('',#2344,#2343,#119,.T.);
#1832=EDGE_CURVE('',#2205,#2344,#2822,.T.);
#1833=EDGE_CURVE('',#2345,#2344,#2823,.T.);
#1834=EDGE_CURVE('',#2201,#2345,#2824,.T.);
#1835=EDGE_CURVE('',#2346,#2345,#120,.T.);
#1836=EDGE_CURVE('',#2200,#2346,#2825,.T.);
#1837=EDGE_CURVE('',#2342,#2346,#2826,.T.);
#1838=EDGE_CURVE('',#2347,#2348,#2827,.T.);
#1839=EDGE_CURVE('',#2208,#2348,#2828,.T.);
#1840=EDGE_CURVE('',#2207,#2347,#2829,.T.);
#1841=EDGE_CURVE('',#2348,#2349,#2830,.T.);
#1842=EDGE_CURVE('',#2209,#2349,#2831,.T.);
#1843=EDGE_CURVE('',#2349,#2350,#2832,.T.);
#1844=EDGE_CURVE('',#2210,#2350,#2833,.T.);
#1845=EDGE_CURVE('',#2350,#2351,#2834,.T.);
#1846=EDGE_CURVE('',#2206,#2351,#2835,.T.);
#1847=EDGE_CURVE('',#2351,#2347,#2836,.T.);
#1848=EDGE_CURVE('',#2352,#2353,#2837,.T.);
#1849=EDGE_CURVE('',#2214,#2352,#2838,.T.);
#1850=EDGE_CURVE('',#2213,#2353,#2839,.T.);
#1851=EDGE_CURVE('',#2354,#2352,#2840,.T.);
#1852=EDGE_CURVE('',#2215,#2354,#2841,.T.);
#1853=EDGE_CURVE('',#2355,#2354,#121,.T.);
#1854=EDGE_CURVE('',#2216,#2355,#2842,.T.);
#1855=EDGE_CURVE('',#2356,#2355,#2843,.T.);
#1856=EDGE_CURVE('',#2212,#2356,#2844,.T.);
#1857=EDGE_CURVE('',#2357,#2356,#122,.T.);
#1858=EDGE_CURVE('',#2211,#2357,#2845,.T.);
#1859=EDGE_CURVE('',#2353,#2357,#2846,.T.);
#1860=EDGE_CURVE('',#2103,#2050,#2847,.T.);
#1861=EDGE_CURVE('',#2104,#2053,#2848,.T.);
#1862=EDGE_CURVE('',#2358,#2359,#2849,.T.);
#1863=EDGE_CURVE('',#2236,#2358,#2850,.T.);
#1864=EDGE_CURVE('',#2235,#2359,#2851,.T.);
#1865=EDGE_CURVE('',#2360,#2358,#2852,.T.);
#1866=EDGE_CURVE('',#2237,#2360,#2853,.T.);
#1867=EDGE_CURVE('',#2361,#2360,#123,.T.);
#1868=EDGE_CURVE('',#2238,#2361,#2854,.T.);
#1869=EDGE_CURVE('',#2362,#2361,#2855,.T.);
#1870=EDGE_CURVE('',#2234,#2362,#2856,.T.);
#1871=EDGE_CURVE('',#2363,#2362,#124,.T.);
#1872=EDGE_CURVE('',#2233,#2363,#2857,.T.);
#1873=EDGE_CURVE('',#2359,#2363,#2858,.T.);
#1874=EDGE_CURVE('',#2364,#2365,#2859,.T.);
#1875=EDGE_CURVE('',#2242,#2364,#2860,.T.);
#1876=EDGE_CURVE('',#2241,#2365,#2861,.T.);
#1877=EDGE_CURVE('',#2366,#2364,#2862,.T.);
#1878=EDGE_CURVE('',#2243,#2366,#2863,.T.);
#1879=EDGE_CURVE('',#2367,#2366,#125,.T.);
#1880=EDGE_CURVE('',#2244,#2367,#2864,.T.);
#1881=EDGE_CURVE('',#2368,#2367,#2865,.T.);
#1882=EDGE_CURVE('',#2240,#2368,#2866,.T.);
#1883=EDGE_CURVE('',#2369,#2368,#126,.T.);
#1884=EDGE_CURVE('',#2239,#2369,#2867,.T.);
#1885=EDGE_CURVE('',#2365,#2369,#2868,.T.);
#1886=EDGE_CURVE('',#2370,#2371,#2869,.T.);
#1887=EDGE_CURVE('',#2247,#2370,#2870,.T.);
#1888=EDGE_CURVE('',#2246,#2371,#2871,.T.);
#1889=EDGE_CURVE('',#2372,#2370,#127,.T.);
#1890=EDGE_CURVE('',#2248,#2372,#2872,.T.);
#1891=EDGE_CURVE('',#2373,#2372,#2873,.T.);
#1892=EDGE_CURVE('',#2249,#2373,#2874,.T.);
#1893=EDGE_CURVE('',#2374,#2373,#2875,.T.);
#1894=EDGE_CURVE('',#2250,#2374,#2876,.T.);
#1895=EDGE_CURVE('',#2375,#2374,#2877,.T.);
#1896=EDGE_CURVE('',#2245,#2375,#2878,.T.);
#1897=EDGE_CURVE('',#2371,#2375,#128,.T.);
#1898=EDGE_CURVE('',#2376,#2377,#2879,.T.);
#1899=EDGE_CURVE('',#2253,#2376,#2880,.T.);
#1900=EDGE_CURVE('',#2252,#2377,#2881,.T.);
#1901=EDGE_CURVE('',#2378,#2376,#129,.T.);
#1902=EDGE_CURVE('',#2254,#2378,#2882,.T.);
#1903=EDGE_CURVE('',#2379,#2378,#2883,.T.);
#1904=EDGE_CURVE('',#2255,#2379,#2884,.T.);
#1905=EDGE_CURVE('',#2380,#2379,#2885,.T.);
#1906=EDGE_CURVE('',#2256,#2380,#2886,.T.);
#1907=EDGE_CURVE('',#2381,#2380,#2887,.T.);
#1908=EDGE_CURVE('',#2251,#2381,#2888,.T.);
#1909=EDGE_CURVE('',#2377,#2381,#130,.T.);
#1910=EDGE_CURVE('',#2382,#2383,#131,.T.);
#1911=EDGE_CURVE('',#2260,#2382,#2889,.T.);
#1912=EDGE_CURVE('',#2259,#2383,#2890,.T.);
#1913=EDGE_CURVE('',#2384,#2382,#2891,.T.);
#1914=EDGE_CURVE('',#2261,#2384,#2892,.T.);
#1915=EDGE_CURVE('',#2385,#2384,#2893,.T.);
#1916=EDGE_CURVE('',#2262,#2385,#2894,.T.);
#1917=EDGE_CURVE('',#2386,#2385,#2895,.T.);
#1918=EDGE_CURVE('',#2257,#2386,#2896,.T.);
#1919=EDGE_CURVE('',#2387,#2386,#132,.T.);
#1920=EDGE_CURVE('',#2258,#2387,#2897,.T.);
#1921=EDGE_CURVE('',#2383,#2387,#2898,.T.);
#1922=EDGE_CURVE('',#2388,#2389,#2899,.T.);
#1923=EDGE_CURVE('',#2265,#2388,#2900,.T.);
#1924=EDGE_CURVE('',#2264,#2389,#2901,.T.);
#1925=EDGE_CURVE('',#2390,#2388,#133,.T.);
#1926=EDGE_CURVE('',#2266,#2390,#2902,.T.);
#1927=EDGE_CURVE('',#2391,#2390,#2903,.T.);
#1928=EDGE_CURVE('',#2267,#2391,#2904,.T.);
#1929=EDGE_CURVE('',#2392,#2391,#2905,.T.);
#1930=EDGE_CURVE('',#2268,#2392,#2906,.T.);
#1931=EDGE_CURVE('',#2393,#2392,#2907,.T.);
#1932=EDGE_CURVE('',#2263,#2393,#2908,.T.);
#1933=EDGE_CURVE('',#2389,#2393,#134,.T.);
#1934=EDGE_CURVE('',#2394,#2395,#2909,.T.);
#1935=EDGE_CURVE('',#2270,#2395,#2910,.T.);
#1936=EDGE_CURVE('',#2274,#2394,#2911,.T.);
#1937=EDGE_CURVE('',#2396,#2395,#135,.T.);
#1938=EDGE_CURVE('',#2269,#2396,#2912,.T.);
#1939=EDGE_CURVE('',#2397,#2396,#2913,.T.);
#1940=EDGE_CURVE('',#2271,#2397,#2914,.T.);
#1941=EDGE_CURVE('',#2398,#2397,#2915,.T.);
#1942=EDGE_CURVE('',#2272,#2398,#2916,.T.);
#1943=EDGE_CURVE('',#2399,#2398,#2917,.T.);
#1944=EDGE_CURVE('',#2273,#2399,#2918,.T.);
#1945=EDGE_CURVE('',#2399,#2394,#136,.T.);
#1946=EDGE_CURVE('',#2400,#2401,#2919,.T.);
#1947=EDGE_CURVE('',#2277,#2400,#2920,.T.);
#1948=EDGE_CURVE('',#2276,#2401,#2921,.T.);
#1949=EDGE_CURVE('',#2402,#2400,#2922,.T.);
#1950=EDGE_CURVE('',#2278,#2402,#2923,.T.);
#1951=EDGE_CURVE('',#2403,#2402,#2924,.T.);
#1952=EDGE_CURVE('',#2279,#2403,#2925,.T.);
#1953=EDGE_CURVE('',#2404,#2403,#137,.T.);
#1954=EDGE_CURVE('',#2280,#2404,#2926,.T.);
#1955=EDGE_CURVE('',#2405,#2404,#2927,.T.);
#1956=EDGE_CURVE('',#2275,#2405,#2928,.T.);
#1957=EDGE_CURVE('',#2401,#2405,#138,.T.);
#1958=EDGE_CURVE('',#2406,#2407,#139,.T.);
#1959=EDGE_CURVE('',#2284,#2406,#2929,.T.);
#1960=EDGE_CURVE('',#2283,#2407,#2930,.T.);
#1961=EDGE_CURVE('',#2408,#2406,#2931,.T.);
#1962=EDGE_CURVE('',#2285,#2408,#2932,.T.);
#1963=EDGE_CURVE('',#2409,#2408,#2933,.T.);
#1964=EDGE_CURVE('',#2286,#2409,#2934,.T.);
#1965=EDGE_CURVE('',#2410,#2409,#2935,.T.);
#1966=EDGE_CURVE('',#2282,#2410,#2936,.T.);
#1967=EDGE_CURVE('',#2411,#2410,#140,.T.);
#1968=EDGE_CURVE('',#2281,#2411,#2937,.T.);
#1969=EDGE_CURVE('',#2407,#2411,#2938,.T.);
#1970=EDGE_CURVE('',#2412,#2413,#2939,.T.);
#1971=EDGE_CURVE('',#2413,#2414,#2940,.T.);
#1972=EDGE_CURVE('',#2414,#2415,#2941,.T.);
#1973=EDGE_CURVE('',#2415,#2412,#2942,.T.);
#1974=EDGE_CURVE('',#2416,#2417,#2943,.T.);
#1975=EDGE_CURVE('',#2417,#2418,#2944,.T.);
#1976=EDGE_CURVE('',#2418,#2419,#2945,.T.);
#1977=EDGE_CURVE('',#2419,#2416,#2946,.T.);
#1978=EDGE_CURVE('',#2420,#2421,#2947,.T.);
#1979=EDGE_CURVE('',#2421,#2422,#2948,.T.);
#1980=EDGE_CURVE('',#2422,#2423,#2949,.T.);
#1981=EDGE_CURVE('',#2423,#2420,#2950,.T.);
#1982=EDGE_CURVE('',#2424,#2424,#141,.T.);
#1983=EDGE_CURVE('',#2052,#2105,#2951,.T.);
#1984=EDGE_CURVE('',#2051,#2102,#2952,.T.);
#1985=EDGE_CURVE('',#2425,#2426,#2953,.T.);
#1986=EDGE_CURVE('',#2414,#2425,#2954,.T.);
#1987=EDGE_CURVE('',#2413,#2426,#2955,.T.);
#1988=EDGE_CURVE('',#2427,#2425,#2956,.T.);
#1989=EDGE_CURVE('',#2415,#2427,#2957,.T.);
#1990=EDGE_CURVE('',#2428,#2427,#2958,.T.);
#1991=EDGE_CURVE('',#2412,#2428,#2959,.T.);
#1992=EDGE_CURVE('',#2426,#2428,#2960,.T.);
#1993=EDGE_CURVE('',#2429,#2430,#2961,.T.);
#1994=EDGE_CURVE('',#2418,#2429,#2962,.T.);
#1995=EDGE_CURVE('',#2417,#2430,#2963,.T.);
#1996=EDGE_CURVE('',#2431,#2429,#2964,.T.);
#1997=EDGE_CURVE('',#2419,#2431,#2965,.T.);
#1998=EDGE_CURVE('',#2432,#2431,#2966,.T.);
#1999=EDGE_CURVE('',#2416,#2432,#2967,.T.);
#2000=EDGE_CURVE('',#2430,#2432,#2968,.T.);
#2001=EDGE_CURVE('',#2433,#2434,#2969,.T.);
#2002=EDGE_CURVE('',#2423,#2433,#2970,.T.);
#2003=EDGE_CURVE('',#2422,#2434,#2971,.T.);
#2004=EDGE_CURVE('',#2435,#2433,#2972,.T.);
#2005=EDGE_CURVE('',#2420,#2435,#2973,.T.);
#2006=EDGE_CURVE('',#2436,#2435,#2974,.T.);
#2007=EDGE_CURVE('',#2421,#2436,#2975,.T.);
#2008=EDGE_CURVE('',#2434,#2436,#2976,.T.);
#2009=EDGE_CURVE('',#2437,#2438,#2977,.T.);
#2010=EDGE_CURVE('',#2438,#2439,#2978,.T.);
#2011=EDGE_CURVE('',#2439,#2440,#2979,.T.);
#2012=EDGE_CURVE('',#2440,#2437,#2980,.T.);
#2013=EDGE_CURVE('',#2441,#2442,#2981,.T.);
#2014=EDGE_CURVE('',#2442,#2443,#2982,.T.);
#2015=EDGE_CURVE('',#2443,#2444,#2983,.T.);
#2016=EDGE_CURVE('',#2444,#2441,#2984,.T.);
#2017=EDGE_CURVE('',#2441,#2438,#2985,.T.);
#2018=EDGE_CURVE('',#2444,#2439,#2986,.T.);
#2019=EDGE_CURVE('',#2443,#2440,#2987,.T.);
#2020=EDGE_CURVE('',#2442,#2437,#2988,.T.);
#2021=EDGE_CURVE('',#2445,#2099,#2989,.T.);
#2022=EDGE_CURVE('',#2446,#2445,#2990,.T.);
#2023=EDGE_CURVE('',#2446,#2098,#2991,.T.);
#2024=EDGE_CURVE('',#2447,#2101,#2992,.T.);
#2025=EDGE_CURVE('',#2445,#2447,#2993,.T.);
#2026=EDGE_CURVE('',#2448,#2100,#2994,.T.);
#2027=EDGE_CURVE('',#2447,#2448,#2995,.T.);
#2028=EDGE_CURVE('',#2448,#2446,#2996,.T.);
#2029=EDGE_CURVE('',#2449,#2449,#142,.T.);
#2030=VERTEX_POINT('',#7950);
#2031=VERTEX_POINT('',#7951);
#2032=VERTEX_POINT('',#7953);
#2033=VERTEX_POINT('',#7955);
#2034=VERTEX_POINT('',#7959);
#2035=VERTEX_POINT('',#7961);
#2036=VERTEX_POINT('',#7965);
#2037=VERTEX_POINT('',#7967);
#2038=VERTEX_POINT('',#7975);
#2039=VERTEX_POINT('',#7976);
#2040=VERTEX_POINT('',#7978);
#2041=VERTEX_POINT('',#7980);
#2042=VERTEX_POINT('',#7983);
#2043=VERTEX_POINT('',#7984);
#2044=VERTEX_POINT('',#7986);
#2045=VERTEX_POINT('',#7988);
#2046=VERTEX_POINT('',#7991);
#2047=VERTEX_POINT('',#7992);
#2048=VERTEX_POINT('',#7994);
#2049=VERTEX_POINT('',#7996);
#2050=VERTEX_POINT('',#7999);
#2051=VERTEX_POINT('',#8000);
#2052=VERTEX_POINT('',#8002);
#2053=VERTEX_POINT('',#8004);
#2054=VERTEX_POINT('',#8007);
#2055=VERTEX_POINT('',#8008);
#2056=VERTEX_POINT('',#8010);
#2057=VERTEX_POINT('',#8012);
#2058=VERTEX_POINT('',#8015);
#2059=VERTEX_POINT('',#8016);
#2060=VERTEX_POINT('',#8018);
#2061=VERTEX_POINT('',#8020);
#2062=VERTEX_POINT('',#8024);
#2063=VERTEX_POINT('',#8026);
#2064=VERTEX_POINT('',#8030);
#2065=VERTEX_POINT('',#8034);
#2066=VERTEX_POINT('',#8041);
#2067=VERTEX_POINT('',#8043);
#2068=VERTEX_POINT('',#8047);
#2069=VERTEX_POINT('',#8049);
#2070=VERTEX_POINT('',#8058);
#2071=VERTEX_POINT('',#8059);
#2072=VERTEX_POINT('',#8061);
#2073=VERTEX_POINT('',#8063);
#2074=VERTEX_POINT('',#8075);
#2075=VERTEX_POINT('',#8077);
#2076=VERTEX_POINT('',#8081);
#2077=VERTEX_POINT('',#8083);
#2078=VERTEX_POINT('',#8092);
#2079=VERTEX_POINT('',#8093);
#2080=VERTEX_POINT('',#8095);
#2081=VERTEX_POINT('',#8097);
#2082=VERTEX_POINT('',#8109);
#2083=VERTEX_POINT('',#8110);
#2084=VERTEX_POINT('',#8112);
#2085=VERTEX_POINT('',#8114);
#2086=VERTEX_POINT('',#8118);
#2087=VERTEX_POINT('',#8120);
#2088=VERTEX_POINT('',#8124);
#2089=VERTEX_POINT('',#8126);
#2090=VERTEX_POINT('',#8134);
#2091=VERTEX_POINT('',#8135);
#2092=VERTEX_POINT('',#8137);
#2093=VERTEX_POINT('',#8139);
#2094=VERTEX_POINT('',#8142);
#2095=VERTEX_POINT('',#8143);
#2096=VERTEX_POINT('',#8145);
#2097=VERTEX_POINT('',#8147);
#2098=VERTEX_POINT('',#8150);
#2099=VERTEX_POINT('',#8151);
#2100=VERTEX_POINT('',#8153);
#2101=VERTEX_POINT('',#8155);
#2102=VERTEX_POINT('',#8158);
#2103=VERTEX_POINT('',#8159);
#2104=VERTEX_POINT('',#8161);
#2105=VERTEX_POINT('',#8163);
#2106=VERTEX_POINT('',#8166);
#2107=VERTEX_POINT('',#8167);
#2108=VERTEX_POINT('',#8169);
#2109=VERTEX_POINT('',#8171);
#2110=VERTEX_POINT('',#8174);
#2111=VERTEX_POINT('',#8175);
#2112=VERTEX_POINT('',#8177);
#2113=VERTEX_POINT('',#8179);
#2114=VERTEX_POINT('',#8183);
#2115=VERTEX_POINT('',#8185);
#2116=VERTEX_POINT('',#8189);
#2117=VERTEX_POINT('',#8191);
#2118=VERTEX_POINT('',#8200);
#2119=VERTEX_POINT('',#8202);
#2120=VERTEX_POINT('',#8206);
#2121=VERTEX_POINT('',#8208);
#2122=VERTEX_POINT('',#8217);
#2123=VERTEX_POINT('',#8219);
#2124=VERTEX_POINT('',#8223);
#2125=VERTEX_POINT('',#8225);
#2126=VERTEX_POINT('',#8234);
#2127=VERTEX_POINT('',#8236);
#2128=VERTEX_POINT('',#8240);
#2129=VERTEX_POINT('',#8244);
#2130=VERTEX_POINT('',#8251);
#2131=VERTEX_POINT('',#8252);
#2132=VERTEX_POINT('',#8254);
#2133=VERTEX_POINT('',#8256);
#2134=VERTEX_POINT('',#8260);
#2135=VERTEX_POINT('',#8261);
#2136=VERTEX_POINT('',#8263);
#2137=VERTEX_POINT('',#8265);
#2138=VERTEX_POINT('',#8269);
#2139=VERTEX_POINT('',#8270);
#2140=VERTEX_POINT('',#8272);
#2141=VERTEX_POINT('',#8274);
#2142=VERTEX_POINT('',#8278);
#2143=VERTEX_POINT('',#8279);
#2144=VERTEX_POINT('',#8281);
#2145=VERTEX_POINT('',#8283);
#2146=VERTEX_POINT('',#8287);
#2147=VERTEX_POINT('',#8288);
#2148=VERTEX_POINT('',#8290);
#2149=VERTEX_POINT('',#8292);
#2150=VERTEX_POINT('',#8294);
#2151=VERTEX_POINT('',#8296);
#2152=VERTEX_POINT('',#8300);
#2153=VERTEX_POINT('',#8301);
#2154=VERTEX_POINT('',#8303);
#2155=VERTEX_POINT('',#8305);
#2156=VERTEX_POINT('',#8307);
#2157=VERTEX_POINT('',#8309);
#2158=VERTEX_POINT('',#8313);
#2159=VERTEX_POINT('',#8314);
#2160=VERTEX_POINT('',#8316);
#2161=VERTEX_POINT('',#8318);
#2162=VERTEX_POINT('',#8320);
#2163=VERTEX_POINT('',#8322);
#2164=VERTEX_POINT('',#8326);
#2165=VERTEX_POINT('',#8327);
#2166=VERTEX_POINT('',#8329);
#2167=VERTEX_POINT('',#8331);
#2168=VERTEX_POINT('',#8333);
#2169=VERTEX_POINT('',#8335);
#2170=VERTEX_POINT('',#8339);
#2171=VERTEX_POINT('',#8340);
#2172=VERTEX_POINT('',#8342);
#2173=VERTEX_POINT('',#8344);
#2174=VERTEX_POINT('',#8346);
#2175=VERTEX_POINT('',#8348);
#2176=VERTEX_POINT('',#8352);
#2177=VERTEX_POINT('',#8353);
#2178=VERTEX_POINT('',#8355);
#2179=VERTEX_POINT('',#8357);
#2180=VERTEX_POINT('',#8359);
#2181=VERTEX_POINT('',#8361);
#2182=VERTEX_POINT('',#8365);
#2183=VERTEX_POINT('',#8366);
#2184=VERTEX_POINT('',#8368);
#2185=VERTEX_POINT('',#8370);
#2186=VERTEX_POINT('',#8372);
#2187=VERTEX_POINT('',#8374);
#2188=VERTEX_POINT('',#8378);
#2189=VERTEX_POINT('',#8379);
#2190=VERTEX_POINT('',#8381);
#2191=VERTEX_POINT('',#8383);
#2192=VERTEX_POINT('',#8385);
#2193=VERTEX_POINT('',#8387);
#2194=VERTEX_POINT('',#8391);
#2195=VERTEX_POINT('',#8392);
#2196=VERTEX_POINT('',#8394);
#2197=VERTEX_POINT('',#8396);
#2198=VERTEX_POINT('',#8398);
#2199=VERTEX_POINT('',#8400);
#2200=VERTEX_POINT('',#8404);
#2201=VERTEX_POINT('',#8405);
#2202=VERTEX_POINT('',#8407);
#2203=VERTEX_POINT('',#8409);
#2204=VERTEX_POINT('',#8411);
#2205=VERTEX_POINT('',#8413);
#2206=VERTEX_POINT('',#8417);
#2207=VERTEX_POINT('',#8418);
#2208=VERTEX_POINT('',#8420);
#2209=VERTEX_POINT('',#8422);
#2210=VERTEX_POINT('',#8424);
#2211=VERTEX_POINT('',#8428);
#2212=VERTEX_POINT('',#8429);
#2213=VERTEX_POINT('',#8431);
#2214=VERTEX_POINT('',#8433);
#2215=VERTEX_POINT('',#8435);
#2216=VERTEX_POINT('',#8437);
#2217=VERTEX_POINT('',#8441);
#2218=VERTEX_POINT('',#8442);
#2219=VERTEX_POINT('',#8447);
#2220=VERTEX_POINT('',#8451);
#2221=VERTEX_POINT('',#8457);
#2222=VERTEX_POINT('',#8458);
#2223=VERTEX_POINT('',#8463);
#2224=VERTEX_POINT('',#8467);
#2225=VERTEX_POINT('',#8473);
#2226=VERTEX_POINT('',#8474);
#2227=VERTEX_POINT('',#8479);
#2228=VERTEX_POINT('',#8483);
#2229=VERTEX_POINT('',#8489);
#2230=VERTEX_POINT('',#8490);
#2231=VERTEX_POINT('',#8495);
#2232=VERTEX_POINT('',#8499);
#2233=VERTEX_POINT('',#8505);
#2234=VERTEX_POINT('',#8506);
#2235=VERTEX_POINT('',#8508);
#2236=VERTEX_POINT('',#8510);
#2237=VERTEX_POINT('',#8512);
#2238=VERTEX_POINT('',#8514);
#2239=VERTEX_POINT('',#8518);
#2240=VERTEX_POINT('',#8519);
#2241=VERTEX_POINT('',#8521);
#2242=VERTEX_POINT('',#8523);
#2243=VERTEX_POINT('',#8525);
#2244=VERTEX_POINT('',#8527);
#2245=VERTEX_POINT('',#8531);
#2246=VERTEX_POINT('',#8532);
#2247=VERTEX_POINT('',#8534);
#2248=VERTEX_POINT('',#8536);
#2249=VERTEX_POINT('',#8538);
#2250=VERTEX_POINT('',#8540);
#2251=VERTEX_POINT('',#8544);
#2252=VERTEX_POINT('',#8545);
#2253=VERTEX_POINT('',#8547);
#2254=VERTEX_POINT('',#8549);
#2255=VERTEX_POINT('',#8551);
#2256=VERTEX_POINT('',#8553);
#2257=VERTEX_POINT('',#8557);
#2258=VERTEX_POINT('',#8558);
#2259=VERTEX_POINT('',#8560);
#2260=VERTEX_POINT('',#8562);
#2261=VERTEX_POINT('',#8564);
#2262=VERTEX_POINT('',#8566);
#2263=VERTEX_POINT('',#8570);
#2264=VERTEX_POINT('',#8571);
#2265=VERTEX_POINT('',#8573);
#2266=VERTEX_POINT('',#8575);
#2267=VERTEX_POINT('',#8577);
#2268=VERTEX_POINT('',#8579);
#2269=VERTEX_POINT('',#8583);
#2270=VERTEX_POINT('',#8584);
#2271=VERTEX_POINT('',#8586);
#2272=VERTEX_POINT('',#8588);
#2273=VERTEX_POINT('',#8590);
#2274=VERTEX_POINT('',#8592);
#2275=VERTEX_POINT('',#8596);
#2276=VERTEX_POINT('',#8597);
#2277=VERTEX_POINT('',#8599);
#2278=VERTEX_POINT('',#8601);
#2279=VERTEX_POINT('',#8603);
#2280=VERTEX_POINT('',#8605);
#2281=VERTEX_POINT('',#8609);
#2282=VERTEX_POINT('',#8610);
#2283=VERTEX_POINT('',#8612);
#2284=VERTEX_POINT('',#8614);
#2285=VERTEX_POINT('',#8616);
#2286=VERTEX_POINT('',#8618);
#2287=VERTEX_POINT('',#8622);
#2288=VERTEX_POINT('',#8623);
#2289=VERTEX_POINT('',#8628);
#2290=VERTEX_POINT('',#8632);
#2291=VERTEX_POINT('',#8636);
#2292=VERTEX_POINT('',#8640);
#2293=VERTEX_POINT('',#8646);
#2294=VERTEX_POINT('',#8647);
#2295=VERTEX_POINT('',#8652);
#2296=VERTEX_POINT('',#8656);
#2297=VERTEX_POINT('',#8660);
#2298=VERTEX_POINT('',#8664);
#2299=VERTEX_POINT('',#8670);
#2300=VERTEX_POINT('',#8671);
#2301=VERTEX_POINT('',#8676);
#2302=VERTEX_POINT('',#8680);
#2303=VERTEX_POINT('',#8684);
#2304=VERTEX_POINT('',#8688);
#2305=VERTEX_POINT('',#8694);
#2306=VERTEX_POINT('',#8695);
#2307=VERTEX_POINT('',#8700);
#2308=VERTEX_POINT('',#8704);
#2309=VERTEX_POINT('',#8708);
#2310=VERTEX_POINT('',#8712);
#2311=VERTEX_POINT('',#8718);
#2312=VERTEX_POINT('',#8719);
#2313=VERTEX_POINT('',#8724);
#2314=VERTEX_POINT('',#8728);
#2315=VERTEX_POINT('',#8732);
#2316=VERTEX_POINT('',#8736);
#2317=VERTEX_POINT('',#8742);
#2318=VERTEX_POINT('',#8743);
#2319=VERTEX_POINT('',#8748);
#2320=VERTEX_POINT('',#8752);
#2321=VERTEX_POINT('',#8756);
#2322=VERTEX_POINT('',#8760);
#2323=VERTEX_POINT('',#8766);
#2324=VERTEX_POINT('',#8767);
#2325=VERTEX_POINT('',#8772);
#2326=VERTEX_POINT('',#8776);
#2327=VERTEX_POINT('',#8780);
#2328=VERTEX_POINT('',#8784);
#2329=VERTEX_POINT('',#8790);
#2330=VERTEX_POINT('',#8791);
#2331=VERTEX_POINT('',#8796);
#2332=VERTEX_POINT('',#8800);
#2333=VERTEX_POINT('',#8804);
#2334=VERTEX_POINT('',#8808);
#2335=VERTEX_POINT('',#8814);
#2336=VERTEX_POINT('',#8815);
#2337=VERTEX_POINT('',#8820);
#2338=VERTEX_POINT('',#8824);
#2339=VERTEX_POINT('',#8828);
#2340=VERTEX_POINT('',#8832);
#2341=VERTEX_POINT('',#8838);
#2342=VERTEX_POINT('',#8839);
#2343=VERTEX_POINT('',#8844);
#2344=VERTEX_POINT('',#8848);
#2345=VERTEX_POINT('',#8852);
#2346=VERTEX_POINT('',#8856);
#2347=VERTEX_POINT('',#8862);
#2348=VERTEX_POINT('',#8863);
#2349=VERTEX_POINT('',#8868);
#2350=VERTEX_POINT('',#8872);
#2351=VERTEX_POINT('',#8876);
#2352=VERTEX_POINT('',#8882);
#2353=VERTEX_POINT('',#8883);
#2354=VERTEX_POINT('',#8888);
#2355=VERTEX_POINT('',#8892);
#2356=VERTEX_POINT('',#8896);
#2357=VERTEX_POINT('',#8900);
#2358=VERTEX_POINT('',#8909);
#2359=VERTEX_POINT('',#8910);
#2360=VERTEX_POINT('',#8915);
#2361=VERTEX_POINT('',#8919);
#2362=VERTEX_POINT('',#8923);
#2363=VERTEX_POINT('',#8927);
#2364=VERTEX_POINT('',#8933);
#2365=VERTEX_POINT('',#8934);
#2366=VERTEX_POINT('',#8939);
#2367=VERTEX_POINT('',#8943);
#2368=VERTEX_POINT('',#8947);
#2369=VERTEX_POINT('',#8951);
#2370=VERTEX_POINT('',#8957);
#2371=VERTEX_POINT('',#8958);
#2372=VERTEX_POINT('',#8963);
#2373=VERTEX_POINT('',#8967);
#2374=VERTEX_POINT('',#8971);
#2375=VERTEX_POINT('',#8975);
#2376=VERTEX_POINT('',#8981);
#2377=VERTEX_POINT('',#8982);
#2378=VERTEX_POINT('',#8987);
#2379=VERTEX_POINT('',#8991);
#2380=VERTEX_POINT('',#8995);
#2381=VERTEX_POINT('',#8999);
#2382=VERTEX_POINT('',#9005);
#2383=VERTEX_POINT('',#9006);
#2384=VERTEX_POINT('',#9011);
#2385=VERTEX_POINT('',#9015);
#2386=VERTEX_POINT('',#9019);
#2387=VERTEX_POINT('',#9023);
#2388=VERTEX_POINT('',#9029);
#2389=VERTEX_POINT('',#9030);
#2390=VERTEX_POINT('',#9035);
#2391=VERTEX_POINT('',#9039);
#2392=VERTEX_POINT('',#9043);
#2393=VERTEX_POINT('',#9047);
#2394=VERTEX_POINT('',#9053);
#2395=VERTEX_POINT('',#9054);
#2396=VERTEX_POINT('',#9059);
#2397=VERTEX_POINT('',#9063);
#2398=VERTEX_POINT('',#9067);
#2399=VERTEX_POINT('',#9071);
#2400=VERTEX_POINT('',#9077);
#2401=VERTEX_POINT('',#9078);
#2402=VERTEX_POINT('',#9083);
#2403=VERTEX_POINT('',#9087);
#2404=VERTEX_POINT('',#9091);
#2405=VERTEX_POINT('',#9095);
#2406=VERTEX_POINT('',#9101);
#2407=VERTEX_POINT('',#9102);
#2408=VERTEX_POINT('',#9107);
#2409=VERTEX_POINT('',#9111);
#2410=VERTEX_POINT('',#9115);
#2411=VERTEX_POINT('',#9119);
#2412=VERTEX_POINT('',#9125);
#2413=VERTEX_POINT('',#9126);
#2414=VERTEX_POINT('',#9128);
#2415=VERTEX_POINT('',#9130);
#2416=VERTEX_POINT('',#9134);
#2417=VERTEX_POINT('',#9135);
#2418=VERTEX_POINT('',#9137);
#2419=VERTEX_POINT('',#9139);
#2420=VERTEX_POINT('',#9143);
#2421=VERTEX_POINT('',#9144);
#2422=VERTEX_POINT('',#9146);
#2423=VERTEX_POINT('',#9148);
#2424=VERTEX_POINT('',#9152);
#2425=VERTEX_POINT('',#9158);
#2426=VERTEX_POINT('',#9159);
#2427=VERTEX_POINT('',#9164);
#2428=VERTEX_POINT('',#9168);
#2429=VERTEX_POINT('',#9174);
#2430=VERTEX_POINT('',#9175);
#2431=VERTEX_POINT('',#9180);
#2432=VERTEX_POINT('',#9184);
#2433=VERTEX_POINT('',#9190);
#2434=VERTEX_POINT('',#9191);
#2435=VERTEX_POINT('',#9196);
#2436=VERTEX_POINT('',#9200);
#2437=VERTEX_POINT('',#9206);
#2438=VERTEX_POINT('',#9207);
#2439=VERTEX_POINT('',#9209);
#2440=VERTEX_POINT('',#9211);
#2441=VERTEX_POINT('',#9215);
#2442=VERTEX_POINT('',#9216);
#2443=VERTEX_POINT('',#9218);
#2444=VERTEX_POINT('',#9220);
#2445=VERTEX_POINT('',#9232);
#2446=VERTEX_POINT('',#9234);
#2447=VERTEX_POINT('',#9238);
#2448=VERTEX_POINT('',#9242);
#2449=VERTEX_POINT('',#9249);
#2450=LINE('',#7949,#2997);
#2451=LINE('',#7952,#2998);
#2452=LINE('',#7954,#2999);
#2453=LINE('',#7956,#3000);
#2454=LINE('',#7958,#3001);
#2455=LINE('',#7960,#3002);
#2456=LINE('',#7962,#3003);
#2457=LINE('',#7964,#3004);
#2458=LINE('',#7966,#3005);
#2459=LINE('',#7968,#3006);
#2460=LINE('',#7970,#3007);
#2461=LINE('',#7972,#3008);
#2462=LINE('',#7974,#3009);
#2463=LINE('',#7977,#3010);
#2464=LINE('',#7979,#3011);
#2465=LINE('',#7981,#3012);
#2466=LINE('',#7982,#3013);
#2467=LINE('',#7985,#3014);
#2468=LINE('',#7987,#3015);
#2469=LINE('',#7989,#3016);
#2470=LINE('',#7990,#3017);
#2471=LINE('',#7993,#3018);
#2472=LINE('',#7995,#3019);
#2473=LINE('',#7997,#3020);
#2474=LINE('',#7998,#3021);
#2475=LINE('',#8001,#3022);
#2476=LINE('',#8003,#3023);
#2477=LINE('',#8005,#3024);
#2478=LINE('',#8006,#3025);
#2479=LINE('',#8009,#3026);
#2480=LINE('',#8011,#3027);
#2481=LINE('',#8013,#3028);
#2482=LINE('',#8014,#3029);
#2483=LINE('',#8017,#3030);
#2484=LINE('',#8019,#3031);
#2485=LINE('',#8021,#3032);
#2486=LINE('',#8023,#3033);
#2487=LINE('',#8025,#3034);
#2488=LINE('',#8027,#3035);
#2489=LINE('',#8029,#3036);
#2490=LINE('',#8031,#3037);
#2491=LINE('',#8033,#3038);
#2492=LINE('',#8035,#3039);
#2493=LINE('',#8037,#3040);
#2494=LINE('',#8040,#3041);
#2495=LINE('',#8042,#3042);
#2496=LINE('',#8044,#3043);
#2497=LINE('',#8046,#3044);
#2498=LINE('',#8048,#3045);
#2499=LINE('',#8050,#3046);
#2500=LINE('',#8052,#3047);
#2501=LINE('',#8053,#3048);
#2502=LINE('',#8057,#3049);
#2503=LINE('',#8060,#3050);
#2504=LINE('',#8062,#3051);
#2505=LINE('',#8064,#3052);
#2506=LINE('',#8066,#3053);
#2507=LINE('',#8067,#3054);
#2508=LINE('',#8069,#3055);
#2509=LINE('',#8071,#3056);
#2510=LINE('',#8074,#3057);
#2511=LINE('',#8076,#3058);
#2512=LINE('',#8078,#3059);
#2513=LINE('',#8080,#3060);
#2514=LINE('',#8082,#3061);
#2515=LINE('',#8084,#3062);
#2516=LINE('',#8086,#3063);
#2517=LINE('',#8087,#3064);
#2518=LINE('',#8091,#3065);
#2519=LINE('',#8094,#3066);
#2520=LINE('',#8096,#3067);
#2521=LINE('',#8098,#3068);
#2522=LINE('',#8100,#3069);
#2523=LINE('',#8101,#3070);
#2524=LINE('',#8103,#3071);
#2525=LINE('',#8105,#3072);
#2526=LINE('',#8108,#3073);
#2527=LINE('',#8111,#3074);
#2528=LINE('',#8113,#3075);
#2529=LINE('',#8115,#3076);
#2530=LINE('',#8117,#3077);
#2531=LINE('',#8119,#3078);
#2532=LINE('',#8121,#3079);
#2533=LINE('',#8123,#3080);
#2534=LINE('',#8125,#3081);
#2535=LINE('',#8127,#3082);
#2536=LINE('',#8129,#3083);
#2537=LINE('',#8130,#3084);
#2538=LINE('',#8133,#3085);
#2539=LINE('',#8136,#3086);
#2540=LINE('',#8138,#3087);
#2541=LINE('',#8140,#3088);
#2542=LINE('',#8141,#3089);
#2543=LINE('',#8144,#3090);
#2544=LINE('',#8146,#3091);
#2545=LINE('',#8148,#3092);
#2546=LINE('',#8149,#3093);
#2547=LINE('',#8152,#3094);
#2548=LINE('',#8154,#3095);
#2549=LINE('',#8156,#3096);
#2550=LINE('',#8157,#3097);
#2551=LINE('',#8160,#3098);
#2552=LINE('',#8162,#3099);
#2553=LINE('',#8164,#3100);
#2554=LINE('',#8165,#3101);
#2555=LINE('',#8168,#3102);
#2556=LINE('',#8170,#3103);
#2557=LINE('',#8172,#3104);
#2558=LINE('',#8173,#3105);
#2559=LINE('',#8176,#3106);
#2560=LINE('',#8178,#3107);
#2561=LINE('',#8180,#3108);
#2562=LINE('',#8182,#3109);
#2563=LINE('',#8184,#3110);
#2564=LINE('',#8186,#3111);
#2565=LINE('',#8188,#3112);
#2566=LINE('',#8190,#3113);
#2567=LINE('',#8192,#3114);
#2568=LINE('',#8194,#3115);
#2569=LINE('',#8195,#3116);
#2570=LINE('',#8199,#3117);
#2571=LINE('',#8201,#3118);
#2572=LINE('',#8203,#3119);
#2573=LINE('',#8205,#3120);
#2574=LINE('',#8207,#3121);
#2575=LINE('',#8209,#3122);
#2576=LINE('',#8211,#3123);
#2577=LINE('',#8212,#3124);
#2578=LINE('',#8216,#3125);
#2579=LINE('',#8218,#3126);
#2580=LINE('',#8220,#3127);
#2581=LINE('',#8222,#3128);
#2582=LINE('',#8224,#3129);
#2583=LINE('',#8226,#3130);
#2584=LINE('',#8228,#3131);
#2585=LINE('',#8230,#3132);
#2586=LINE('',#8233,#3133);
#2587=LINE('',#8235,#3134);
#2588=LINE('',#8237,#3135);
#2589=LINE('',#8239,#3136);
#2590=LINE('',#8241,#3137);
#2591=LINE('',#8243,#3138);
#2592=LINE('',#8245,#3139);
#2593=LINE('',#8247,#3140);
#2594=LINE('',#8250,#3141);
#2595=LINE('',#8253,#3142);
#2596=LINE('',#8255,#3143);
#2597=LINE('',#8257,#3144);
#2598=LINE('',#8259,#3145);
#2599=LINE('',#8262,#3146);
#2600=LINE('',#8264,#3147);
#2601=LINE('',#8266,#3148);
#2602=LINE('',#8268,#3149);
#2603=LINE('',#8271,#3150);
#2604=LINE('',#8273,#3151);
#2605=LINE('',#8275,#3152);
#2606=LINE('',#8277,#3153);
#2607=LINE('',#8280,#3154);
#2608=LINE('',#8282,#3155);
#2609=LINE('',#8284,#3156);
#2610=LINE('',#8289,#3157);
#2611=LINE('',#8293,#3158);
#2612=LINE('',#8295,#3159);
#2613=LINE('',#8297,#3160);
#2614=LINE('',#8302,#3161);
#2615=LINE('',#8304,#3162);
#2616=LINE('',#8306,#3163);
#2617=LINE('',#8310,#3164);
#2618=LINE('',#8315,#3165);
#2619=LINE('',#8317,#3166);
#2620=LINE('',#8319,#3167);
#2621=LINE('',#8323,#3168);
#2622=LINE('',#8328,#3169);
#2623=LINE('',#8330,#3170);
#2624=LINE('',#8332,#3171);
#2625=LINE('',#8336,#3172);
#2626=LINE('',#8341,#3173);
#2627=LINE('',#8345,#3174);
#2628=LINE('',#8347,#3175);
#2629=LINE('',#8349,#3176);
#2630=LINE('',#8354,#3177);
#2631=LINE('',#8358,#3178);
#2632=LINE('',#8360,#3179);
#2633=LINE('',#8362,#3180);
#2634=LINE('',#8367,#3181);
#2635=LINE('',#8371,#3182);
#2636=LINE('',#8373,#3183);
#2637=LINE('',#8375,#3184);
#2638=LINE('',#8380,#3185);
#2639=LINE('',#8384,#3186);
#2640=LINE('',#8386,#3187);
#2641=LINE('',#8388,#3188);
#2642=LINE('',#8393,#3189);
#2643=LINE('',#8395,#3190);
#2644=LINE('',#8397,#3191);
#2645=LINE('',#8401,#3192);
#2646=LINE('',#8406,#3193);
#2647=LINE('',#8408,#3194);
#2648=LINE('',#8410,#3195);
#2649=LINE('',#8414,#3196);
#2650=LINE('',#8416,#3197);
#2651=LINE('',#8419,#3198);
#2652=LINE('',#8421,#3199);
#2653=LINE('',#8423,#3200);
#2654=LINE('',#8425,#3201);
#2655=LINE('',#8430,#3202);
#2656=LINE('',#8432,#3203);
#2657=LINE('',#8434,#3204);
#2658=LINE('',#8438,#3205);
#2659=LINE('',#8440,#3206);
#2660=LINE('',#8443,#3207);
#2661=LINE('',#8444,#3208);
#2662=LINE('',#8446,#3209);
#2663=LINE('',#8448,#3210);
#2664=LINE('',#8450,#3211);
#2665=LINE('',#8452,#3212);
#2666=LINE('',#8454,#3213);
#2667=LINE('',#8456,#3214);
#2668=LINE('',#8459,#3215);
#2669=LINE('',#8460,#3216);
#2670=LINE('',#8462,#3217);
#2671=LINE('',#8464,#3218);
#2672=LINE('',#8466,#3219);
#2673=LINE('',#8468,#3220);
#2674=LINE('',#8470,#3221);
#2675=LINE('',#8472,#3222);
#2676=LINE('',#8475,#3223);
#2677=LINE('',#8476,#3224);
#2678=LINE('',#8478,#3225);
#2679=LINE('',#8480,#3226);
#2680=LINE('',#8482,#3227);
#2681=LINE('',#8484,#3228);
#2682=LINE('',#8486,#3229);
#2683=LINE('',#8488,#3230);
#2684=LINE('',#8491,#3231);
#2685=LINE('',#8492,#3232);
#2686=LINE('',#8494,#3233);
#2687=LINE('',#8496,#3234);
#2688=LINE('',#8498,#3235);
#2689=LINE('',#8500,#3236);
#2690=LINE('',#8502,#3237);
#2691=LINE('',#8507,#3238);
#2692=LINE('',#8509,#3239);
#2693=LINE('',#8511,#3240);
#2694=LINE('',#8515,#3241);
#2695=LINE('',#8520,#3242);
#2696=LINE('',#8522,#3243);
#2697=LINE('',#8524,#3244);
#2698=LINE('',#8528,#3245);
#2699=LINE('',#8533,#3246);
#2700=LINE('',#8537,#3247);
#2701=LINE('',#8539,#3248);
#2702=LINE('',#8541,#3249);
#2703=LINE('',#8546,#3250);
#2704=LINE('',#8550,#3251);
#2705=LINE('',#8552,#3252);
#2706=LINE('',#8554,#3253);
#2707=LINE('',#8559,#3254);
#2708=LINE('',#8563,#3255);
#2709=LINE('',#8565,#3256);
#2710=LINE('',#8567,#3257);
#2711=LINE('',#8572,#3258);
#2712=LINE('',#8576,#3259);
#2713=LINE('',#8578,#3260);
#2714=LINE('',#8580,#3261);
#2715=LINE('',#8585,#3262);
#2716=LINE('',#8587,#3263);
#2717=LINE('',#8589,#3264);
#2718=LINE('',#8593,#3265);
#2719=LINE('',#8598,#3266);
#2720=LINE('',#8600,#3267);
#2721=LINE('',#8602,#3268);
#2722=LINE('',#8606,#3269);
#2723=LINE('',#8611,#3270);
#2724=LINE('',#8615,#3271);
#2725=LINE('',#8617,#3272);
#2726=LINE('',#8619,#3273);
#2727=LINE('',#8621,#3274);
#2728=LINE('',#8624,#3275);
#2729=LINE('',#8625,#3276);
#2730=LINE('',#8627,#3277);
#2731=LINE('',#8629,#3278);
#2732=LINE('',#8631,#3279);
#2733=LINE('',#8633,#3280);
#2734=LINE('',#8637,#3281);
#2735=LINE('',#8639,#3282);
#2736=LINE('',#8641,#3283);
#2737=LINE('',#8645,#3284);
#2738=LINE('',#8648,#3285);
#2739=LINE('',#8649,#3286);
#2740=LINE('',#8651,#3287);
#2741=LINE('',#8653,#3288);
#2742=LINE('',#8655,#3289);
#2743=LINE('',#8657,#3290);
#2744=LINE('',#8661,#3291);
#2745=LINE('',#8663,#3292);
#2746=LINE('',#8665,#3293);
#2747=LINE('',#8669,#3294);
#2748=LINE('',#8672,#3295);
#2749=LINE('',#8673,#3296);
#2750=LINE('',#8675,#3297);
#2751=LINE('',#8677,#3298);
#2752=LINE('',#8681,#3299);
#2753=LINE('',#8683,#3300);
#2754=LINE('',#8685,#3301);
#2755=LINE('',#8689,#3302);
#2756=LINE('',#8691,#3303);
#2757=LINE('',#8693,#3304);
#2758=LINE('',#8696,#3305);
#2759=LINE('',#8697,#3306);
#2760=LINE('',#8699,#3307);
#2761=LINE('',#8701,#3308);
#2762=LINE('',#8703,#3309);
#2763=LINE('',#8705,#3310);
#2764=LINE('',#8709,#3311);
#2765=LINE('',#8711,#3312);
#2766=LINE('',#8713,#3313);
#2767=LINE('',#8720,#3314);
#2768=LINE('',#8721,#3315);
#2769=LINE('',#8723,#3316);
#2770=LINE('',#8725,#3317);
#2771=LINE('',#8727,#3318);
#2772=LINE('',#8729,#3319);
#2773=LINE('',#8731,#3320);
#2774=LINE('',#8733,#3321);
#2775=LINE('',#8737,#3322);
#2776=LINE('',#8739,#3323);
#2777=LINE('',#8744,#3324);
#2778=LINE('',#8745,#3325);
#2779=LINE('',#8747,#3326);
#2780=LINE('',#8749,#3327);
#2781=LINE('',#8751,#3328);
#2782=LINE('',#8753,#3329);
#2783=LINE('',#8755,#3330);
#2784=LINE('',#8757,#3331);
#2785=LINE('',#8761,#3332);
#2786=LINE('',#8763,#3333);
#2787=LINE('',#8768,#3334);
#2788=LINE('',#8769,#3335);
#2789=LINE('',#8771,#3336);
#2790=LINE('',#8773,#3337);
#2791=LINE('',#8775,#3338);
#2792=LINE('',#8777,#3339);
#2793=LINE('',#8779,#3340);
#2794=LINE('',#8781,#3341);
#2795=LINE('',#8785,#3342);
#2796=LINE('',#8787,#3343);
#2797=LINE('',#8789,#3344);
#2798=LINE('',#8792,#3345);
#2799=LINE('',#8793,#3346);
#2800=LINE('',#8797,#3347);
#2801=LINE('',#8799,#3348);
#2802=LINE('',#8801,#3349);
#2803=LINE('',#8803,#3350);
#2804=LINE('',#8805,#3351);
#2805=LINE('',#8807,#3352);
#2806=LINE('',#8809,#3353);
#2807=LINE('',#8816,#3354);
#2808=LINE('',#8817,#3355);
#2809=LINE('',#8819,#3356);
#2810=LINE('',#8821,#3357);
#2811=LINE('',#8825,#3358);
#2812=LINE('',#8827,#3359);
#2813=LINE('',#8829,#3360);
#2814=LINE('',#8831,#3361);
#2815=LINE('',#8833,#3362);
#2816=LINE('',#8835,#3363);
#2817=LINE('',#8837,#3364);
#2818=LINE('',#8840,#3365);
#2819=LINE('',#8841,#3366);
#2820=LINE('',#8843,#3367);
#2821=LINE('',#8845,#3368);
#2822=LINE('',#8849,#3369);
#2823=LINE('',#8851,#3370);
#2824=LINE('',#8853,#3371);
#2825=LINE('',#8857,#3372);
#2826=LINE('',#8859,#3373);
#2827=LINE('',#8861,#3374);
#2828=LINE('',#8864,#3375);
#2829=LINE('',#8865,#3376);
#2830=LINE('',#8867,#3377);
#2831=LINE('',#8869,#3378);
#2832=LINE('',#8871,#3379);
#2833=LINE('',#8873,#3380);
#2834=LINE('',#8875,#3381);
#2835=LINE('',#8877,#3382);
#2836=LINE('',#8879,#3383);
#2837=LINE('',#8881,#3384);
#2838=LINE('',#8884,#3385);
#2839=LINE('',#8885,#3386);
#2840=LINE('',#8887,#3387);
#2841=LINE('',#8889,#3388);
#2842=LINE('',#8893,#3389);
#2843=LINE('',#8895,#3390);
#2844=LINE('',#8897,#3391);
#2845=LINE('',#8901,#3392);
#2846=LINE('',#8903,#3393);
#2847=LINE('',#8905,#3394);
#2848=LINE('',#8906,#3395);
#2849=LINE('',#8908,#3396);
#2850=LINE('',#8911,#3397);
#2851=LINE('',#8912,#3398);
#2852=LINE('',#8914,#3399);
#2853=LINE('',#8916,#3400);
#2854=LINE('',#8920,#3401);
#2855=LINE('',#8922,#3402);
#2856=LINE('',#8924,#3403);
#2857=LINE('',#8928,#3404);
#2858=LINE('',#8930,#3405);
#2859=LINE('',#8932,#3406);
#2860=LINE('',#8935,#3407);
#2861=LINE('',#8936,#3408);
#2862=LINE('',#8938,#3409);
#2863=LINE('',#8940,#3410);
#2864=LINE('',#8944,#3411);
#2865=LINE('',#8946,#3412);
#2866=LINE('',#8948,#3413);
#2867=LINE('',#8952,#3414);
#2868=LINE('',#8954,#3415);
#2869=LINE('',#8956,#3416);
#2870=LINE('',#8959,#3417);
#2871=LINE('',#8960,#3418);
#2872=LINE('',#8964,#3419);
#2873=LINE('',#8966,#3420);
#2874=LINE('',#8968,#3421);
#2875=LINE('',#8970,#3422);
#2876=LINE('',#8972,#3423);
#2877=LINE('',#8974,#3424);
#2878=LINE('',#8976,#3425);
#2879=LINE('',#8980,#3426);
#2880=LINE('',#8983,#3427);
#2881=LINE('',#8984,#3428);
#2882=LINE('',#8988,#3429);
#2883=LINE('',#8990,#3430);
#2884=LINE('',#8992,#3431);
#2885=LINE('',#8994,#3432);
#2886=LINE('',#8996,#3433);
#2887=LINE('',#8998,#3434);
#2888=LINE('',#9000,#3435);
#2889=LINE('',#9007,#3436);
#2890=LINE('',#9008,#3437);
#2891=LINE('',#9010,#3438);
#2892=LINE('',#9012,#3439);
#2893=LINE('',#9014,#3440);
#2894=LINE('',#9016,#3441);
#2895=LINE('',#9018,#3442);
#2896=LINE('',#9020,#3443);
#2897=LINE('',#9024,#3444);
#2898=LINE('',#9026,#3445);
#2899=LINE('',#9028,#3446);
#2900=LINE('',#9031,#3447);
#2901=LINE('',#9032,#3448);
#2902=LINE('',#9036,#3449);
#2903=LINE('',#9038,#3450);
#2904=LINE('',#9040,#3451);
#2905=LINE('',#9042,#3452);
#2906=LINE('',#9044,#3453);
#2907=LINE('',#9046,#3454);
#2908=LINE('',#9048,#3455);
#2909=LINE('',#9052,#3456);
#2910=LINE('',#9055,#3457);
#2911=LINE('',#9056,#3458);
#2912=LINE('',#9060,#3459);
#2913=LINE('',#9062,#3460);
#2914=LINE('',#9064,#3461);
#2915=LINE('',#9066,#3462);
#2916=LINE('',#9068,#3463);
#2917=LINE('',#9070,#3464);
#2918=LINE('',#9072,#3465);
#2919=LINE('',#9076,#3466);
#2920=LINE('',#9079,#3467);
#2921=LINE('',#9080,#3468);
#2922=LINE('',#9082,#3469);
#2923=LINE('',#9084,#3470);
#2924=LINE('',#9086,#3471);
#2925=LINE('',#9088,#3472);
#2926=LINE('',#9092,#3473);
#2927=LINE('',#9094,#3474);
#2928=LINE('',#9096,#3475);
#2929=LINE('',#9103,#3476);
#2930=LINE('',#9104,#3477);
#2931=LINE('',#9106,#3478);
#2932=LINE('',#9108,#3479);
#2933=LINE('',#9110,#3480);
#2934=LINE('',#9112,#3481);
#2935=LINE('',#9114,#3482);
#2936=LINE('',#9116,#3483);
#2937=LINE('',#9120,#3484);
#2938=LINE('',#9122,#3485);
#2939=LINE('',#9124,#3486);
#2940=LINE('',#9127,#3487);
#2941=LINE('',#9129,#3488);
#2942=LINE('',#9131,#3489);
#2943=LINE('',#9133,#3490);
#2944=LINE('',#9136,#3491);
#2945=LINE('',#9138,#3492);
#2946=LINE('',#9140,#3493);
#2947=LINE('',#9142,#3494);
#2948=LINE('',#9145,#3495);
#2949=LINE('',#9147,#3496);
#2950=LINE('',#9149,#3497);
#2951=LINE('',#9153,#3498);
#2952=LINE('',#9155,#3499);
#2953=LINE('',#9157,#3500);
#2954=LINE('',#9160,#3501);
#2955=LINE('',#9161,#3502);
#2956=LINE('',#9163,#3503);
#2957=LINE('',#9165,#3504);
#2958=LINE('',#9167,#3505);
#2959=LINE('',#9169,#3506);
#2960=LINE('',#9171,#3507);
#2961=LINE('',#9173,#3508);
#2962=LINE('',#9176,#3509);
#2963=LINE('',#9177,#3510);
#2964=LINE('',#9179,#3511);
#2965=LINE('',#9181,#3512);
#2966=LINE('',#9183,#3513);
#2967=LINE('',#9185,#3514);
#2968=LINE('',#9187,#3515);
#2969=LINE('',#9189,#3516);
#2970=LINE('',#9192,#3517);
#2971=LINE('',#9193,#3518);
#2972=LINE('',#9195,#3519);
#2973=LINE('',#9197,#3520);
#2974=LINE('',#9199,#3521);
#2975=LINE('',#9201,#3522);
#2976=LINE('',#9203,#3523);
#2977=LINE('',#9205,#3524);
#2978=LINE('',#9208,#3525);
#2979=LINE('',#9210,#3526);
#2980=LINE('',#9212,#3527);
#2981=LINE('',#9214,#3528);
#2982=LINE('',#9217,#3529);
#2983=LINE('',#9219,#3530);
#2984=LINE('',#9221,#3531);
#2985=LINE('',#9223,#3532);
#2986=LINE('',#9224,#3533);
#2987=LINE('',#9226,#3534);
#2988=LINE('',#9228,#3535);
#2989=LINE('',#9231,#3536);
#2990=LINE('',#9233,#3537);
#2991=LINE('',#9235,#3538);
#2992=LINE('',#9237,#3539);
#2993=LINE('',#9239,#3540);
#2994=LINE('',#9241,#3541);
#2995=LINE('',#9243,#3542);
#2996=LINE('',#9245,#3543);
#2997=VECTOR('',#6730,1000.);
#2998=VECTOR('',#6731,1000.);
#2999=VECTOR('',#6732,1000.);
#3000=VECTOR('',#6733,1000.);
#3001=VECTOR('',#6736,1000.);
#3002=VECTOR('',#6737,1000.);
#3003=VECTOR('',#6738,1000.);
#3004=VECTOR('',#6741,1000.);
#3005=VECTOR('',#6742,1000.);
#3006=VECTOR('',#6743,1000.);
#3007=VECTOR('',#6746,1000.);
#3008=VECTOR('',#6749,1000.);
#3009=VECTOR('',#6752,1000.);
#3010=VECTOR('',#6753,1000.);
#3011=VECTOR('',#6754,1000.);
#3012=VECTOR('',#6755,1000.);
#3013=VECTOR('',#6756,1000.);
#3014=VECTOR('',#6757,1000.);
#3015=VECTOR('',#6758,1000.);
#3016=VECTOR('',#6759,1000.);
#3017=VECTOR('',#6760,1000.);
#3018=VECTOR('',#6761,1000.);
#3019=VECTOR('',#6762,1000.);
#3020=VECTOR('',#6763,1000.);
#3021=VECTOR('',#6764,1000.);
#3022=VECTOR('',#6765,1000.);
#3023=VECTOR('',#6766,1000.);
#3024=VECTOR('',#6767,1000.);
#3025=VECTOR('',#6768,1000.);
#3026=VECTOR('',#6769,1000.);
#3027=VECTOR('',#6770,1000.);
#3028=VECTOR('',#6771,1000.);
#3029=VECTOR('',#6772,1000.);
#3030=VECTOR('',#6773,1000.);
#3031=VECTOR('',#6774,1000.);
#3032=VECTOR('',#6775,1000.);
#3033=VECTOR('',#6778,1000.);
#3034=VECTOR('',#6779,1000.);
#3035=VECTOR('',#6780,1000.);
#3036=VECTOR('',#6783,1000.);
#3037=VECTOR('',#6784,1000.);
#3038=VECTOR('',#6787,1000.);
#3039=VECTOR('',#6788,1000.);
#3040=VECTOR('',#6791,1000.);
#3041=VECTOR('',#6796,1000.);
#3042=VECTOR('',#6797,1000.);
#3043=VECTOR('',#6798,1000.);
#3044=VECTOR('',#6801,1000.);
#3045=VECTOR('',#6802,1000.);
#3046=VECTOR('',#6803,1000.);
#3047=VECTOR('',#6806,1000.);
#3048=VECTOR('',#6807,1000.);
#3049=VECTOR('',#6814,1000.);
#3050=VECTOR('',#6815,1000.);
#3051=VECTOR('',#6816,1000.);
#3052=VECTOR('',#6817,1000.);
#3053=VECTOR('',#6820,1000.);
#3054=VECTOR('',#6821,1000.);
#3055=VECTOR('',#6824,1000.);
#3056=VECTOR('',#6827,1000.);
#3057=VECTOR('',#6832,1000.);
#3058=VECTOR('',#6833,1000.);
#3059=VECTOR('',#6834,1000.);
#3060=VECTOR('',#6837,1000.);
#3061=VECTOR('',#6838,1000.);
#3062=VECTOR('',#6839,1000.);
#3063=VECTOR('',#6842,1000.);
#3064=VECTOR('',#6843,1000.);
#3065=VECTOR('',#6850,1000.);
#3066=VECTOR('',#6851,1000.);
#3067=VECTOR('',#6852,1000.);
#3068=VECTOR('',#6853,1000.);
#3069=VECTOR('',#6856,1000.);
#3070=VECTOR('',#6857,1000.);
#3071=VECTOR('',#6860,1000.);
#3072=VECTOR('',#6863,1000.);
#3073=VECTOR('',#6868,1000.);
#3074=VECTOR('',#6869,1000.);
#3075=VECTOR('',#6870,1000.);
#3076=VECTOR('',#6871,1000.);
#3077=VECTOR('',#6874,1000.);
#3078=VECTOR('',#6875,1000.);
#3079=VECTOR('',#6876,1000.);
#3080=VECTOR('',#6879,1000.);
#3081=VECTOR('',#6880,1000.);
#3082=VECTOR('',#6881,1000.);
#3083=VECTOR('',#6884,1000.);
#3084=VECTOR('',#6885,1000.);
#3085=VECTOR('',#6890,1000.);
#3086=VECTOR('',#6891,1000.);
#3087=VECTOR('',#6892,1000.);
#3088=VECTOR('',#6893,1000.);
#3089=VECTOR('',#6894,1000.);
#3090=VECTOR('',#6895,1000.);
#3091=VECTOR('',#6896,1000.);
#3092=VECTOR('',#6897,1000.);
#3093=VECTOR('',#6898,1000.);
#3094=VECTOR('',#6899,1000.);
#3095=VECTOR('',#6900,1000.);
#3096=VECTOR('',#6901,1000.);
#3097=VECTOR('',#6902,1000.);
#3098=VECTOR('',#6903,1000.);
#3099=VECTOR('',#6904,1000.);
#3100=VECTOR('',#6905,1000.);
#3101=VECTOR('',#6906,1000.);
#3102=VECTOR('',#6907,1000.);
#3103=VECTOR('',#6908,1000.);
#3104=VECTOR('',#6909,1000.);
#3105=VECTOR('',#6910,1000.);
#3106=VECTOR('',#6911,1000.);
#3107=VECTOR('',#6912,1000.);
#3108=VECTOR('',#6913,1000.);
#3109=VECTOR('',#6916,1000.);
#3110=VECTOR('',#6917,1000.);
#3111=VECTOR('',#6918,1000.);
#3112=VECTOR('',#6921,1000.);
#3113=VECTOR('',#6922,1000.);
#3114=VECTOR('',#6923,1000.);
#3115=VECTOR('',#6926,1000.);
#3116=VECTOR('',#6927,1000.);
#3117=VECTOR('',#6934,1000.);
#3118=VECTOR('',#6935,1000.);
#3119=VECTOR('',#6936,1000.);
#3120=VECTOR('',#6939,1000.);
#3121=VECTOR('',#6940,1000.);
#3122=VECTOR('',#6941,1000.);
#3123=VECTOR('',#6944,1000.);
#3124=VECTOR('',#6945,1000.);
#3125=VECTOR('',#6952,1000.);
#3126=VECTOR('',#6953,1000.);
#3127=VECTOR('',#6954,1000.);
#3128=VECTOR('',#6957,1000.);
#3129=VECTOR('',#6958,1000.);
#3130=VECTOR('',#6959,1000.);
#3131=VECTOR('',#6962,1000.);
#3132=VECTOR('',#6965,1000.);
#3133=VECTOR('',#6970,1000.);
#3134=VECTOR('',#6971,1000.);
#3135=VECTOR('',#6972,1000.);
#3136=VECTOR('',#6975,1000.);
#3137=VECTOR('',#6976,1000.);
#3138=VECTOR('',#6979,1000.);
#3139=VECTOR('',#6980,1000.);
#3140=VECTOR('',#6983,1000.);
#3141=VECTOR('',#6988,1000.);
#3142=VECTOR('',#6989,1000.);
#3143=VECTOR('',#6990,1000.);
#3144=VECTOR('',#6991,1000.);
#3145=VECTOR('',#6994,1000.);
#3146=VECTOR('',#6995,1000.);
#3147=VECTOR('',#6996,1000.);
#3148=VECTOR('',#6997,1000.);
#3149=VECTOR('',#7000,1000.);
#3150=VECTOR('',#7001,1000.);
#3151=VECTOR('',#7002,1000.);
#3152=VECTOR('',#7003,1000.);
#3153=VECTOR('',#7006,1000.);
#3154=VECTOR('',#7007,1000.);
#3155=VECTOR('',#7008,1000.);
#3156=VECTOR('',#7009,1000.);
#3157=VECTOR('',#7014,1000.);
#3158=VECTOR('',#7017,1000.);
#3159=VECTOR('',#7018,1000.);
#3160=VECTOR('',#7019,1000.);
#3161=VECTOR('',#7024,1000.);
#3162=VECTOR('',#7025,1000.);
#3163=VECTOR('',#7026,1000.);
#3164=VECTOR('',#7029,1000.);
#3165=VECTOR('',#7034,1000.);
#3166=VECTOR('',#7035,1000.);
#3167=VECTOR('',#7036,1000.);
#3168=VECTOR('',#7039,1000.);
#3169=VECTOR('',#7044,1000.);
#3170=VECTOR('',#7045,1000.);
#3171=VECTOR('',#7046,1000.);
#3172=VECTOR('',#7049,1000.);
#3173=VECTOR('',#7054,1000.);
#3174=VECTOR('',#7057,1000.);
#3175=VECTOR('',#7058,1000.);
#3176=VECTOR('',#7059,1000.);
#3177=VECTOR('',#7064,1000.);
#3178=VECTOR('',#7067,1000.);
#3179=VECTOR('',#7068,1000.);
#3180=VECTOR('',#7069,1000.);
#3181=VECTOR('',#7074,1000.);
#3182=VECTOR('',#7077,1000.);
#3183=VECTOR('',#7078,1000.);
#3184=VECTOR('',#7079,1000.);
#3185=VECTOR('',#7084,1000.);
#3186=VECTOR('',#7087,1000.);
#3187=VECTOR('',#7088,1000.);
#3188=VECTOR('',#7089,1000.);
#3189=VECTOR('',#7094,1000.);
#3190=VECTOR('',#7095,1000.);
#3191=VECTOR('',#7096,1000.);
#3192=VECTOR('',#7099,1000.);
#3193=VECTOR('',#7104,1000.);
#3194=VECTOR('',#7105,1000.);
#3195=VECTOR('',#7106,1000.);
#3196=VECTOR('',#7109,1000.);
#3197=VECTOR('',#7112,1000.);
#3198=VECTOR('',#7113,1000.);
#3199=VECTOR('',#7114,1000.);
#3200=VECTOR('',#7115,1000.);
#3201=VECTOR('',#7116,1000.);
#3202=VECTOR('',#7121,1000.);
#3203=VECTOR('',#7122,1000.);
#3204=VECTOR('',#7123,1000.);
#3205=VECTOR('',#7126,1000.);
#3206=VECTOR('',#7129,1000.);
#3207=VECTOR('',#7130,1000.);
#3208=VECTOR('',#7131,1000.);
#3209=VECTOR('',#7134,1000.);
#3210=VECTOR('',#7135,1000.);
#3211=VECTOR('',#7138,1000.);
#3212=VECTOR('',#7139,1000.);
#3213=VECTOR('',#7142,1000.);
#3214=VECTOR('',#7145,1000.);
#3215=VECTOR('',#7146,1000.);
#3216=VECTOR('',#7147,1000.);
#3217=VECTOR('',#7150,1000.);
#3218=VECTOR('',#7151,1000.);
#3219=VECTOR('',#7154,1000.);
#3220=VECTOR('',#7155,1000.);
#3221=VECTOR('',#7158,1000.);
#3222=VECTOR('',#7161,1000.);
#3223=VECTOR('',#7162,1000.);
#3224=VECTOR('',#7163,1000.);
#3225=VECTOR('',#7166,1000.);
#3226=VECTOR('',#7167,1000.);
#3227=VECTOR('',#7170,1000.);
#3228=VECTOR('',#7171,1000.);
#3229=VECTOR('',#7174,1000.);
#3230=VECTOR('',#7177,1000.);
#3231=VECTOR('',#7178,1000.);
#3232=VECTOR('',#7179,1000.);
#3233=VECTOR('',#7182,1000.);
#3234=VECTOR('',#7183,1000.);
#3235=VECTOR('',#7186,1000.);
#3236=VECTOR('',#7187,1000.);
#3237=VECTOR('',#7190,1000.);
#3238=VECTOR('',#7195,1000.);
#3239=VECTOR('',#7196,1000.);
#3240=VECTOR('',#7197,1000.);
#3241=VECTOR('',#7200,1000.);
#3242=VECTOR('',#7205,1000.);
#3243=VECTOR('',#7206,1000.);
#3244=VECTOR('',#7207,1000.);
#3245=VECTOR('',#7210,1000.);
#3246=VECTOR('',#7215,1000.);
#3247=VECTOR('',#7218,1000.);
#3248=VECTOR('',#7219,1000.);
#3249=VECTOR('',#7220,1000.);
#3250=VECTOR('',#7225,1000.);
#3251=VECTOR('',#7228,1000.);
#3252=VECTOR('',#7229,1000.);
#3253=VECTOR('',#7230,1000.);
#3254=VECTOR('',#7235,1000.);
#3255=VECTOR('',#7238,1000.);
#3256=VECTOR('',#7239,1000.);
#3257=VECTOR('',#7240,1000.);
#3258=VECTOR('',#7245,1000.);
#3259=VECTOR('',#7248,1000.);
#3260=VECTOR('',#7249,1000.);
#3261=VECTOR('',#7250,1000.);
#3262=VECTOR('',#7255,1000.);
#3263=VECTOR('',#7256,1000.);
#3264=VECTOR('',#7257,1000.);
#3265=VECTOR('',#7260,1000.);
#3266=VECTOR('',#7265,1000.);
#3267=VECTOR('',#7266,1000.);
#3268=VECTOR('',#7267,1000.);
#3269=VECTOR('',#7270,1000.);
#3270=VECTOR('',#7275,1000.);
#3271=VECTOR('',#7278,1000.);
#3272=VECTOR('',#7279,1000.);
#3273=VECTOR('',#7280,1000.);
#3274=VECTOR('',#7283,1000.);
#3275=VECTOR('',#7284,1000.);
#3276=VECTOR('',#7285,1000.);
#3277=VECTOR('',#7288,1000.);
#3278=VECTOR('',#7289,1000.);
#3279=VECTOR('',#7292,1000.);
#3280=VECTOR('',#7293,1000.);
#3281=VECTOR('',#7298,1000.);
#3282=VECTOR('',#7301,1000.);
#3283=VECTOR('',#7302,1000.);
#3284=VECTOR('',#7309,1000.);
#3285=VECTOR('',#7310,1000.);
#3286=VECTOR('',#7311,1000.);
#3287=VECTOR('',#7314,1000.);
#3288=VECTOR('',#7315,1000.);
#3289=VECTOR('',#7318,1000.);
#3290=VECTOR('',#7319,1000.);
#3291=VECTOR('',#7324,1000.);
#3292=VECTOR('',#7327,1000.);
#3293=VECTOR('',#7328,1000.);
#3294=VECTOR('',#7335,1000.);
#3295=VECTOR('',#7336,1000.);
#3296=VECTOR('',#7337,1000.);
#3297=VECTOR('',#7340,1000.);
#3298=VECTOR('',#7341,1000.);
#3299=VECTOR('',#7346,1000.);
#3300=VECTOR('',#7349,1000.);
#3301=VECTOR('',#7350,1000.);
#3302=VECTOR('',#7355,1000.);
#3303=VECTOR('',#7358,1000.);
#3304=VECTOR('',#7361,1000.);
#3305=VECTOR('',#7362,1000.);
#3306=VECTOR('',#7363,1000.);
#3307=VECTOR('',#7366,1000.);
#3308=VECTOR('',#7367,1000.);
#3309=VECTOR('',#7370,1000.);
#3310=VECTOR('',#7371,1000.);
#3311=VECTOR('',#7376,1000.);
#3312=VECTOR('',#7379,1000.);
#3313=VECTOR('',#7380,1000.);
#3314=VECTOR('',#7389,1000.);
#3315=VECTOR('',#7390,1000.);
#3316=VECTOR('',#7393,1000.);
#3317=VECTOR('',#7394,1000.);
#3318=VECTOR('',#7397,1000.);
#3319=VECTOR('',#7398,1000.);
#3320=VECTOR('',#7401,1000.);
#3321=VECTOR('',#7402,1000.);
#3322=VECTOR('',#7407,1000.);
#3323=VECTOR('',#7410,1000.);
#3324=VECTOR('',#7415,1000.);
#3325=VECTOR('',#7416,1000.);
#3326=VECTOR('',#7419,1000.);
#3327=VECTOR('',#7420,1000.);
#3328=VECTOR('',#7423,1000.);
#3329=VECTOR('',#7424,1000.);
#3330=VECTOR('',#7427,1000.);
#3331=VECTOR('',#7428,1000.);
#3332=VECTOR('',#7433,1000.);
#3333=VECTOR('',#7436,1000.);
#3334=VECTOR('',#7441,1000.);
#3335=VECTOR('',#7442,1000.);
#3336=VECTOR('',#7445,1000.);
#3337=VECTOR('',#7446,1000.);
#3338=VECTOR('',#7449,1000.);
#3339=VECTOR('',#7450,1000.);
#3340=VECTOR('',#7453,1000.);
#3341=VECTOR('',#7454,1000.);
#3342=VECTOR('',#7459,1000.);
#3343=VECTOR('',#7462,1000.);
#3344=VECTOR('',#7465,1000.);
#3345=VECTOR('',#7466,1000.);
#3346=VECTOR('',#7467,1000.);
#3347=VECTOR('',#7472,1000.);
#3348=VECTOR('',#7475,1000.);
#3349=VECTOR('',#7476,1000.);
#3350=VECTOR('',#7479,1000.);
#3351=VECTOR('',#7480,1000.);
#3352=VECTOR('',#7483,1000.);
#3353=VECTOR('',#7484,1000.);
#3354=VECTOR('',#7493,1000.);
#3355=VECTOR('',#7494,1000.);
#3356=VECTOR('',#7497,1000.);
#3357=VECTOR('',#7498,1000.);
#3358=VECTOR('',#7503,1000.);
#3359=VECTOR('',#7506,1000.);
#3360=VECTOR('',#7507,1000.);
#3361=VECTOR('',#7510,1000.);
#3362=VECTOR('',#7511,1000.);
#3363=VECTOR('',#7514,1000.);
#3364=VECTOR('',#7517,1000.);
#3365=VECTOR('',#7518,1000.);
#3366=VECTOR('',#7519,1000.);
#3367=VECTOR('',#7522,1000.);
#3368=VECTOR('',#7523,1000.);
#3369=VECTOR('',#7528,1000.);
#3370=VECTOR('',#7531,1000.);
#3371=VECTOR('',#7532,1000.);
#3372=VECTOR('',#7537,1000.);
#3373=VECTOR('',#7540,1000.);
#3374=VECTOR('',#7543,1000.);
#3375=VECTOR('',#7544,1000.);
#3376=VECTOR('',#7545,1000.);
#3377=VECTOR('',#7548,1000.);
#3378=VECTOR('',#7549,1000.);
#3379=VECTOR('',#7552,1000.);
#3380=VECTOR('',#7553,1000.);
#3381=VECTOR('',#7556,1000.);
#3382=VECTOR('',#7557,1000.);
#3383=VECTOR('',#7560,1000.);
#3384=VECTOR('',#7563,1000.);
#3385=VECTOR('',#7564,1000.);
#3386=VECTOR('',#7565,1000.);
#3387=VECTOR('',#7568,1000.);
#3388=VECTOR('',#7569,1000.);
#3389=VECTOR('',#7574,1000.);
#3390=VECTOR('',#7577,1000.);
#3391=VECTOR('',#7578,1000.);
#3392=VECTOR('',#7583,1000.);
#3393=VECTOR('',#7586,1000.);
#3394=VECTOR('',#7589,1000.);
#3395=VECTOR('',#7590,1000.);
#3396=VECTOR('',#7593,1000.);
#3397=VECTOR('',#7594,1000.);
#3398=VECTOR('',#7595,1000.);
#3399=VECTOR('',#7598,1000.);
#3400=VECTOR('',#7599,1000.);
#3401=VECTOR('',#7604,1000.);
#3402=VECTOR('',#7607,1000.);
#3403=VECTOR('',#7608,1000.);
#3404=VECTOR('',#7613,1000.);
#3405=VECTOR('',#7616,1000.);
#3406=VECTOR('',#7619,1000.);
#3407=VECTOR('',#7620,1000.);
#3408=VECTOR('',#7621,1000.);
#3409=VECTOR('',#7624,1000.);
#3410=VECTOR('',#7625,1000.);
#3411=VECTOR('',#7630,1000.);
#3412=VECTOR('',#7633,1000.);
#3413=VECTOR('',#7634,1000.);
#3414=VECTOR('',#7639,1000.);
#3415=VECTOR('',#7642,1000.);
#3416=VECTOR('',#7645,1000.);
#3417=VECTOR('',#7646,1000.);
#3418=VECTOR('',#7647,1000.);
#3419=VECTOR('',#7652,1000.);
#3420=VECTOR('',#7655,1000.);
#3421=VECTOR('',#7656,1000.);
#3422=VECTOR('',#7659,1000.);
#3423=VECTOR('',#7660,1000.);
#3424=VECTOR('',#7663,1000.);
#3425=VECTOR('',#7664,1000.);
#3426=VECTOR('',#7671,1000.);
#3427=VECTOR('',#7672,1000.);
#3428=VECTOR('',#7673,1000.);
#3429=VECTOR('',#7678,1000.);
#3430=VECTOR('',#7681,1000.);
#3431=VECTOR('',#7682,1000.);
#3432=VECTOR('',#7685,1000.);
#3433=VECTOR('',#7686,1000.);
#3434=VECTOR('',#7689,1000.);
#3435=VECTOR('',#7690,1000.);
#3436=VECTOR('',#7699,1000.);
#3437=VECTOR('',#7700,1000.);
#3438=VECTOR('',#7703,1000.);
#3439=VECTOR('',#7704,1000.);
#3440=VECTOR('',#7707,1000.);
#3441=VECTOR('',#7708,1000.);
#3442=VECTOR('',#7711,1000.);
#3443=VECTOR('',#7712,1000.);
#3444=VECTOR('',#7717,1000.);
#3445=VECTOR('',#7720,1000.);
#3446=VECTOR('',#7723,1000.);
#3447=VECTOR('',#7724,1000.);
#3448=VECTOR('',#7725,1000.);
#3449=VECTOR('',#7730,1000.);
#3450=VECTOR('',#7733,1000.);
#3451=VECTOR('',#7734,1000.);
#3452=VECTOR('',#7737,1000.);
#3453=VECTOR('',#7738,1000.);
#3454=VECTOR('',#7741,1000.);
#3455=VECTOR('',#7742,1000.);
#3456=VECTOR('',#7749,1000.);
#3457=VECTOR('',#7750,1000.);
#3458=VECTOR('',#7751,1000.);
#3459=VECTOR('',#7756,1000.);
#3460=VECTOR('',#7759,1000.);
#3461=VECTOR('',#7760,1000.);
#3462=VECTOR('',#7763,1000.);
#3463=VECTOR('',#7764,1000.);
#3464=VECTOR('',#7767,1000.);
#3465=VECTOR('',#7768,1000.);
#3466=VECTOR('',#7775,1000.);
#3467=VECTOR('',#7776,1000.);
#3468=VECTOR('',#7777,1000.);
#3469=VECTOR('',#7780,1000.);
#3470=VECTOR('',#7781,1000.);
#3471=VECTOR('',#7784,1000.);
#3472=VECTOR('',#7785,1000.);
#3473=VECTOR('',#7790,1000.);
#3474=VECTOR('',#7793,1000.);
#3475=VECTOR('',#7794,1000.);
#3476=VECTOR('',#7803,1000.);
#3477=VECTOR('',#7804,1000.);
#3478=VECTOR('',#7807,1000.);
#3479=VECTOR('',#7808,1000.);
#3480=VECTOR('',#7811,1000.);
#3481=VECTOR('',#7812,1000.);
#3482=VECTOR('',#7815,1000.);
#3483=VECTOR('',#7816,1000.);
#3484=VECTOR('',#7821,1000.);
#3485=VECTOR('',#7824,1000.);
#3486=VECTOR('',#7827,1000.);
#3487=VECTOR('',#7828,1000.);
#3488=VECTOR('',#7829,1000.);
#3489=VECTOR('',#7830,1000.);
#3490=VECTOR('',#7833,1000.);
#3491=VECTOR('',#7834,1000.);
#3492=VECTOR('',#7835,1000.);
#3493=VECTOR('',#7836,1000.);
#3494=VECTOR('',#7839,1000.);
#3495=VECTOR('',#7840,1000.);
#3496=VECTOR('',#7841,1000.);
#3497=VECTOR('',#7842,1000.);
#3498=VECTOR('',#7847,1000.);
#3499=VECTOR('',#7850,1000.);
#3500=VECTOR('',#7853,1000.);
#3501=VECTOR('',#7854,1000.);
#3502=VECTOR('',#7855,1000.);
#3503=VECTOR('',#7858,1000.);
#3504=VECTOR('',#7859,1000.);
#3505=VECTOR('',#7862,1000.);
#3506=VECTOR('',#7863,1000.);
#3507=VECTOR('',#7866,1000.);
#3508=VECTOR('',#7869,1000.);
#3509=VECTOR('',#7870,1000.);
#3510=VECTOR('',#7871,1000.);
#3511=VECTOR('',#7874,1000.);
#3512=VECTOR('',#7875,1000.);
#3513=VECTOR('',#7878,1000.);
#3514=VECTOR('',#7879,1000.);
#3515=VECTOR('',#7882,1000.);
#3516=VECTOR('',#7885,1000.);
#3517=VECTOR('',#7886,1000.);
#3518=VECTOR('',#7887,1000.);
#3519=VECTOR('',#7890,1000.);
#3520=VECTOR('',#7891,1000.);
#3521=VECTOR('',#7894,1000.);
#3522=VECTOR('',#7895,1000.);
#3523=VECTOR('',#7898,1000.);
#3524=VECTOR('',#7901,1000.);
#3525=VECTOR('',#7902,1000.);
#3526=VECTOR('',#7903,1000.);
#3527=VECTOR('',#7904,1000.);
#3528=VECTOR('',#7907,1000.);
#3529=VECTOR('',#7908,1000.);
#3530=VECTOR('',#7909,1000.);
#3531=VECTOR('',#7910,1000.);
#3532=VECTOR('',#7913,1000.);
#3533=VECTOR('',#7914,1000.);
#3534=VECTOR('',#7917,1000.);
#3535=VECTOR('',#7920,1000.);
#3536=VECTOR('',#7925,1000.);
#3537=VECTOR('',#7926,1000.);
#3538=VECTOR('',#7927,1000.);
#3539=VECTOR('',#7930,1000.);
#3540=VECTOR('',#7931,1000.);
#3541=VECTOR('',#7934,1000.);
#3542=VECTOR('',#7935,1000.);
#3543=VECTOR('',#7938,1000.);
#3544=EDGE_LOOP('',(#143,#144,#145,#146));
#3545=EDGE_LOOP('',(#147,#148,#149,#150));
#3546=EDGE_LOOP('',(#151,#152,#153,#154));
#3547=EDGE_LOOP('',(#155,#156,#157,#158));
#3548=EDGE_LOOP('',(#159,#160,#161,#162));
#3549=EDGE_LOOP('',(#163,#164,#165,#166));
#3550=EDGE_LOOP('',(#167,#168,#169,#170));
#3551=EDGE_LOOP('',(#171,#172,#173,#174));
#3552=EDGE_LOOP('',(#175,#176,#177,#178));
#3553=EDGE_LOOP('',(#179,#180,#181,#182));
#3554=EDGE_LOOP('',(#183,#184,#185,#186));
#3555=EDGE_LOOP('',(#187,#188,#189,#190));
#3556=EDGE_LOOP('',(#191,#192,#193,#194));
#3557=EDGE_LOOP('',(#195,#196,#197,#198));
#3558=EDGE_LOOP('',(#199,#200,#201,#202));
#3559=EDGE_LOOP('',(#203,#204,#205,#206));
#3560=EDGE_LOOP('',(#207,#208,#209,#210));
#3561=EDGE_LOOP('',(#211,#212,#213,#214));
#3562=EDGE_LOOP('',(#215,#216,#217,#218));
#3563=EDGE_LOOP('',(#219,#220,#221,#222));
#3564=EDGE_LOOP('',(#223,#224,#225,#226));
#3565=EDGE_LOOP('',(#227,#228,#229,#230));
#3566=EDGE_LOOP('',(#231,#232,#233,#234));
#3567=EDGE_LOOP('',(#235,#236,#237,#238));
#3568=EDGE_LOOP('',(#239,#240,#241,#242));
#3569=EDGE_LOOP('',(#243,#244,#245,#246));
#3570=EDGE_LOOP('',(#247,#248,#249,#250));
#3571=EDGE_LOOP('',(#251,#252,#253,#254));
#3572=EDGE_LOOP('',(#255,#256,#257,#258));
#3573=EDGE_LOOP('',(#259,#260,#261,#262));
#3574=EDGE_LOOP('',(#263,#264,#265,#266));
#3575=EDGE_LOOP('',(#267,#268,#269,#270));
#3576=EDGE_LOOP('',(#271,#272,#273,#274));
#3577=EDGE_LOOP('',(#275,#276,#277,#278));
#3578=EDGE_LOOP('',(#279,#280,#281,#282));
#3579=EDGE_LOOP('',(#283,#284,#285,#286));
#3580=EDGE_LOOP('',(#287,#288,#289,#290));
#3581=EDGE_LOOP('',(#291,#292,#293,#294));
#3582=EDGE_LOOP('',(#295,#296,#297,#298));
#3583=EDGE_LOOP('',(#299,#300,#301,#302));
#3584=EDGE_LOOP('',(#303,#304,#305,#306));
#3585=EDGE_LOOP('',(#307,#308,#309,#310));
#3586=EDGE_LOOP('',(#311,#312,#313,#314));
#3587=EDGE_LOOP('',(#315,#316,#317,#318));
#3588=EDGE_LOOP('',(#319,#320,#321,#322));
#3589=EDGE_LOOP('',(#323,#324,#325,#326));
#3590=EDGE_LOOP('',(#327,#328,#329,#330));
#3591=EDGE_LOOP('',(#331,#332,#333,#334));
#3592=EDGE_LOOP('',(#335,#336,#337,#338));
#3593=EDGE_LOOP('',(#339,#340,#341,#342));
#3594=EDGE_LOOP('',(#343,#344,#345,#346));
#3595=EDGE_LOOP('',(#347,#348,#349,#350));
#3596=EDGE_LOOP('',(#351,#352,#353,#354));
#3597=EDGE_LOOP('',(#355,#356,#357,#358));
#3598=EDGE_LOOP('',(#359,#360,#361,#362));
#3599=EDGE_LOOP('',(#363,#364,#365,#366));
#3600=EDGE_LOOP('',(#367,#368,#369,#370));
#3601=EDGE_LOOP('',(#371,#372,#373,#374));
#3602=EDGE_LOOP('',(#375,#376,#377,#378));
#3603=EDGE_LOOP('',(#379,#380,#381,#382));
#3604=EDGE_LOOP('',(#383,#384,#385,#386));
#3605=EDGE_LOOP('',(#387,#388,#389,#390));
#3606=EDGE_LOOP('',(#391,#392,#393,#394));
#3607=EDGE_LOOP('',(#395,#396,#397,#398));
#3608=EDGE_LOOP('',(#399,#400,#401,#402));
#3609=EDGE_LOOP('',(#403,#404,#405,#406));
#3610=EDGE_LOOP('',(#407,#408,#409,#410));
#3611=EDGE_LOOP('',(#411,#412,#413,#414));
#3612=EDGE_LOOP('',(#415,#416,#417,#418));
#3613=EDGE_LOOP('',(#419,#420,#421,#422));
#3614=EDGE_LOOP('',(#423,#424,#425,#426));
#3615=EDGE_LOOP('',(#427,#428,#429,#430));
#3616=EDGE_LOOP('',(#431,#432,#433,#434));
#3617=EDGE_LOOP('',(#435,#436,#437,#438,#439,#440));
#3618=EDGE_LOOP('',(#441,#442,#443,#444,#445,#446));
#3619=EDGE_LOOP('',(#447,#448,#449,#450,#451,#452));
#3620=EDGE_LOOP('',(#453,#454,#455,#456,#457,#458));
#3621=EDGE_LOOP('',(#459,#460,#461,#462,#463,#464));
#3622=EDGE_LOOP('',(#465,#466,#467,#468,#469,#470));
#3623=EDGE_LOOP('',(#471,#472,#473,#474,#475,#476));
#3624=EDGE_LOOP('',(#477,#478,#479,#480,#481,#482));
#3625=EDGE_LOOP('',(#483,#484,#485,#486,#487,#488));
#3626=EDGE_LOOP('',(#489,#490,#491,#492,#493,#494));
#3627=EDGE_LOOP('',(#495,#496,#497,#498,#499));
#3628=EDGE_LOOP('',(#500,#501,#502,#503,#504,#505));
#3629=EDGE_LOOP('',(#506,#507,#508,#509));
#3630=EDGE_LOOP('',(#510,#511,#512,#513));
#3631=EDGE_LOOP('',(#514,#515,#516,#517));
#3632=EDGE_LOOP('',(#518,#519,#520,#521));
#3633=EDGE_LOOP('',(#522,#523,#524,#525));
#3634=EDGE_LOOP('',(#526,#527,#528,#529));
#3635=EDGE_LOOP('',(#530,#531,#532,#533));
#3636=EDGE_LOOP('',(#534,#535,#536,#537));
#3637=EDGE_LOOP('',(#538,#539,#540,#541));
#3638=EDGE_LOOP('',(#542,#543,#544,#545));
#3639=EDGE_LOOP('',(#546,#547,#548,#549));
#3640=EDGE_LOOP('',(#550,#551,#552,#553));
#3641=EDGE_LOOP('',(#554,#555,#556,#557));
#3642=EDGE_LOOP('',(#558,#559,#560,#561));
#3643=EDGE_LOOP('',(#562,#563,#564,#565));
#3644=EDGE_LOOP('',(#566,#567,#568,#569));
#3645=EDGE_LOOP('',(#570,#571,#572,#573,#574,#575));
#3646=EDGE_LOOP('',(#576,#577,#578,#579,#580,#581));
#3647=EDGE_LOOP('',(#582,#583,#584,#585,#586,#587));
#3648=EDGE_LOOP('',(#588,#589,#590,#591,#592,#593));
#3649=EDGE_LOOP('',(#594,#595,#596,#597,#598,#599));
#3650=EDGE_LOOP('',(#600,#601,#602,#603,#604,#605));
#3651=EDGE_LOOP('',(#606,#607,#608,#609,#610,#611));
#3652=EDGE_LOOP('',(#612,#613,#614,#615,#616,#617));
#3653=EDGE_LOOP('',(#618,#619,#620,#621,#622,#623));
#3654=EDGE_LOOP('',(#624,#625,#626,#627));
#3655=EDGE_LOOP('',(#628,#629,#630,#631));
#3656=EDGE_LOOP('',(#632,#633,#634,#635));
#3657=EDGE_LOOP('',(#636,#637,#638,#639));
#3658=EDGE_LOOP('',(#640,#641,#642,#643));
#3659=EDGE_LOOP('',(#644,#645,#646,#647));
#3660=EDGE_LOOP('',(#648,#649,#650,#651));
#3661=EDGE_LOOP('',(#652,#653,#654,#655));
#3662=EDGE_LOOP('',(#656,#657,#658,#659));
#3663=EDGE_LOOP('',(#660,#661,#662,#663));
#3664=EDGE_LOOP('',(#664,#665,#666,#667));
#3665=EDGE_LOOP('',(#668,#669,#670,#671));
#3666=EDGE_LOOP('',(#672,#673,#674,#675));
#3667=EDGE_LOOP('',(#676,#677,#678,#679));
#3668=EDGE_LOOP('',(#680,#681,#682,#683));
#3669=EDGE_LOOP('',(#684,#685,#686,#687));
#3670=EDGE_LOOP('',(#688,#689,#690,#691));
#3671=EDGE_LOOP('',(#692,#693,#694,#695));
#3672=EDGE_LOOP('',(#696,#697,#698,#699));
#3673=EDGE_LOOP('',(#700,#701,#702,#703));
#3674=EDGE_LOOP('',(#704,#705,#706,#707));
#3675=EDGE_LOOP('',(#708,#709,#710,#711));
#3676=EDGE_LOOP('',(#712,#713,#714,#715));
#3677=EDGE_LOOP('',(#716,#717,#718,#719));
#3678=EDGE_LOOP('',(#720,#721,#722,#723));
#3679=EDGE_LOOP('',(#724,#725,#726,#727));
#3680=EDGE_LOOP('',(#728,#729,#730,#731));
#3681=EDGE_LOOP('',(#732,#733,#734,#735));
#3682=EDGE_LOOP('',(#736,#737,#738,#739));
#3683=EDGE_LOOP('',(#740,#741,#742,#743));
#3684=EDGE_LOOP('',(#744,#745,#746,#747));
#3685=EDGE_LOOP('',(#748,#749,#750,#751));
#3686=EDGE_LOOP('',(#752,#753,#754,#755));
#3687=EDGE_LOOP('',(#756,#757,#758,#759));
#3688=EDGE_LOOP('',(#760,#761,#762,#763));
#3689=EDGE_LOOP('',(#764,#765,#766,#767));
#3690=EDGE_LOOP('',(#768,#769,#770,#771));
#3691=EDGE_LOOP('',(#772,#773,#774,#775));
#3692=EDGE_LOOP('',(#776,#777,#778,#779));
#3693=EDGE_LOOP('',(#780,#781,#782,#783));
#3694=EDGE_LOOP('',(#784,#785,#786,#787));
#3695=EDGE_LOOP('',(#788,#789,#790,#791));
#3696=EDGE_LOOP('',(#792,#793,#794,#795));
#3697=EDGE_LOOP('',(#796,#797,#798,#799));
#3698=EDGE_LOOP('',(#800,#801,#802,#803));
#3699=EDGE_LOOP('',(#804,#805,#806,#807));
#3700=EDGE_LOOP('',(#808,#809,#810,#811));
#3701=EDGE_LOOP('',(#812,#813,#814,#815));
#3702=EDGE_LOOP('',(#816,#817,#818,#819));
#3703=EDGE_LOOP('',(#820,#821,#822,#823));
#3704=EDGE_LOOP('',(#824,#825,#826,#827));
#3705=EDGE_LOOP('',(#828,#829,#830,#831));
#3706=EDGE_LOOP('',(#832,#833,#834,#835));
#3707=EDGE_LOOP('',(#836,#837,#838,#839));
#3708=EDGE_LOOP('',(#840,#841,#842,#843));
#3709=EDGE_LOOP('',(#844,#845,#846,#847));
#3710=EDGE_LOOP('',(#848,#849,#850,#851));
#3711=EDGE_LOOP('',(#852,#853,#854,#855));
#3712=EDGE_LOOP('',(#856,#857,#858,#859));
#3713=EDGE_LOOP('',(#860,#861,#862,#863));
#3714=EDGE_LOOP('',(#864,#865,#866,#867));
#3715=EDGE_LOOP('',(#868,#869,#870,#871));
#3716=EDGE_LOOP('',(#872,#873,#874,#875));
#3717=EDGE_LOOP('',(#876,#877,#878,#879));
#3718=EDGE_LOOP('',(#880,#881,#882,#883));
#3719=EDGE_LOOP('',(#884,#885,#886,#887));
#3720=EDGE_LOOP('',(#888,#889,#890,#891));
#3721=EDGE_LOOP('',(#892,#893,#894,#895));
#3722=EDGE_LOOP('',(#896,#897,#898,#899));
#3723=EDGE_LOOP('',(#900,#901,#902,#903));
#3724=EDGE_LOOP('',(#904,#905,#906,#907));
#3725=EDGE_LOOP('',(#908,#909,#910,#911));
#3726=EDGE_LOOP('',(#912,#913,#914,#915));
#3727=EDGE_LOOP('',(#916,#917,#918,#919));
#3728=EDGE_LOOP('',(#920,#921,#922,#923));
#3729=EDGE_LOOP('',(#924,#925,#926,#927));
#3730=EDGE_LOOP('',(#928,#929,#930,#931));
#3731=EDGE_LOOP('',(#932,#933,#934,#935));
#3732=EDGE_LOOP('',(#936,#937,#938,#939));
#3733=EDGE_LOOP('',(#940,#941,#942,#943));
#3734=EDGE_LOOP('',(#944,#945,#946,#947));
#3735=EDGE_LOOP('',(#948,#949,#950,#951));
#3736=EDGE_LOOP('',(#952,#953,#954,#955));
#3737=EDGE_LOOP('',(#956,#957,#958,#959));
#3738=EDGE_LOOP('',(#960,#961,#962,#963));
#3739=EDGE_LOOP('',(#964,#965,#966,#967));
#3740=EDGE_LOOP('',(#968,#969,#970,#971));
#3741=EDGE_LOOP('',(#972,#973,#974,#975));
#3742=EDGE_LOOP('',(#976,#977,#978,#979));
#3743=EDGE_LOOP('',(#980,#981,#982,#983));
#3744=EDGE_LOOP('',(#984,#985,#986,#987));
#3745=EDGE_LOOP('',(#988,#989,#990,#991));
#3746=EDGE_LOOP('',(#992,#993,#994,#995));
#3747=EDGE_LOOP('',(#996,#997,#998,#999));
#3748=EDGE_LOOP('',(#1000,#1001,#1002,#1003));
#3749=EDGE_LOOP('',(#1004,#1005,#1006,#1007));
#3750=EDGE_LOOP('',(#1008,#1009,#1010,#1011));
#3751=EDGE_LOOP('',(#1012,#1013,#1014,#1015));
#3752=EDGE_LOOP('',(#1016,#1017,#1018,#1019));
#3753=EDGE_LOOP('',(#1020,#1021,#1022,#1023));
#3754=EDGE_LOOP('',(#1024,#1025,#1026,#1027));
#3755=EDGE_LOOP('',(#1028,#1029,#1030,#1031));
#3756=EDGE_LOOP('',(#1032,#1033,#1034,#1035));
#3757=EDGE_LOOP('',(#1036,#1037,#1038,#1039));
#3758=EDGE_LOOP('',(#1040,#1041,#1042,#1043));
#3759=EDGE_LOOP('',(#1044,#1045,#1046,#1047));
#3760=EDGE_LOOP('',(#1048,#1049,#1050,#1051));
#3761=EDGE_LOOP('',(#1052,#1053,#1054,#1055));
#3762=EDGE_LOOP('',(#1056,#1057,#1058,#1059));
#3763=EDGE_LOOP('',(#1060,#1061,#1062,#1063));
#3764=EDGE_LOOP('',(#1064,#1065,#1066,#1067));
#3765=EDGE_LOOP('',(#1068,#1069,#1070,#1071));
#3766=EDGE_LOOP('',(#1072,#1073,#1074,#1075));
#3767=EDGE_LOOP('',(#1076,#1077,#1078,#1079));
#3768=EDGE_LOOP('',(#1080,#1081,#1082,#1083));
#3769=EDGE_LOOP('',(#1084,#1085,#1086,#1087));
#3770=EDGE_LOOP('',(#1088,#1089,#1090,#1091));
#3771=EDGE_LOOP('',(#1092,#1093,#1094,#1095));
#3772=EDGE_LOOP('',(#1096,#1097,#1098,#1099));
#3773=EDGE_LOOP('',(#1100,#1101,#1102,#1103));
#3774=EDGE_LOOP('',(#1104,#1105,#1106,#1107));
#3775=EDGE_LOOP('',(#1108,#1109,#1110,#1111));
#3776=EDGE_LOOP('',(#1112,#1113,#1114,#1115));
#3777=EDGE_LOOP('',(#1116,#1117,#1118,#1119));
#3778=EDGE_LOOP('',(#1120,#1121,#1122,#1123));
#3779=EDGE_LOOP('',(#1124,#1125,#1126,#1127));
#3780=EDGE_LOOP('',(#1128,#1129,#1130,#1131));
#3781=EDGE_LOOP('',(#1132,#1133,#1134,#1135));
#3782=EDGE_LOOP('',(#1136,#1137,#1138,#1139));
#3783=EDGE_LOOP('',(#1140,#1141,#1142,#1143));
#3784=EDGE_LOOP('',(#1144,#1145,#1146,#1147));
#3785=EDGE_LOOP('',(#1148,#1149,#1150,#1151));
#3786=EDGE_LOOP('',(#1152,#1153,#1154,#1155));
#3787=EDGE_LOOP('',(#1156));
#3788=EDGE_LOOP('',(#1157,#1158,#1159,#1160));
#3789=EDGE_LOOP('',(#1161,#1162,#1163,#1164,#1165,#1166));
#3790=EDGE_LOOP('',(#1167,#1168,#1169,#1170,#1171,#1172));
#3791=EDGE_LOOP('',(#1173,#1174,#1175,#1176,#1177,#1178));
#3792=EDGE_LOOP('',(#1179,#1180,#1181,#1182,#1183,#1184));
#3793=EDGE_LOOP('',(#1185,#1186,#1187,#1188,#1189,#1190));
#3794=EDGE_LOOP('',(#1191,#1192,#1193,#1194,#1195,#1196));
#3795=EDGE_LOOP('',(#1197,#1198,#1199,#1200,#1201,#1202));
#3796=EDGE_LOOP('',(#1203,#1204,#1205,#1206,#1207,#1208));
#3797=EDGE_LOOP('',(#1209,#1210,#1211,#1212,#1213,#1214));
#3798=EDGE_LOOP('',(#1215,#1216,#1217,#1218));
#3799=EDGE_LOOP('',(#1219,#1220,#1221,#1222,#1223,#1224));
#3800=EDGE_LOOP('',(#1225,#1226,#1227,#1228,#1229));
#3801=EDGE_LOOP('',(#1230,#1231,#1232,#1233,#1234,#1235));
#3802=EDGE_LOOP('',(#1236,#1237,#1238,#1239,#1240,#1241));
#3803=EDGE_LOOP('',(#1242,#1243,#1244,#1245,#1246,#1247));
#3804=EDGE_LOOP('',(#1248,#1249,#1250,#1251,#1252,#1253));
#3805=EDGE_LOOP('',(#1254,#1255,#1256,#1257,#1258,#1259));
#3806=EDGE_LOOP('',(#1260,#1261,#1262,#1263,#1264,#1265));
#3807=EDGE_LOOP('',(#1266,#1267,#1268,#1269,#1270,#1271));
#3808=EDGE_LOOP('',(#1272,#1273,#1274,#1275,#1276,#1277));
#3809=EDGE_LOOP('',(#1278,#1279,#1280,#1281,#1282,#1283));
#3810=EDGE_LOOP('',(#1284,#1285,#1286,#1287,#1288,#1289));
#3811=EDGE_LOOP('',(#1290,#1291,#1292,#1293));
#3812=EDGE_LOOP('',(#1294,#1295,#1296,#1297));
#3813=EDGE_LOOP('',(#1298,#1299,#1300,#1301));
#3814=EDGE_LOOP('',(#1302,#1303,#1304,#1305));
#3815=EDGE_LOOP('',(#1306,#1307,#1308,#1309));
#3816=EDGE_LOOP('',(#1310,#1311,#1312,#1313));
#3817=EDGE_LOOP('',(#1314,#1315,#1316,#1317));
#3818=EDGE_LOOP('',(#1318,#1319,#1320,#1321));
#3819=EDGE_LOOP('',(#1322,#1323,#1324,#1325));
#3820=EDGE_LOOP('',(#1326,#1327,#1328,#1329));
#3821=EDGE_LOOP('',(#1330,#1331,#1332,#1333));
#3822=EDGE_LOOP('',(#1334,#1335,#1336,#1337));
#3823=EDGE_LOOP('',(#1338,#1339,#1340,#1341));
#3824=EDGE_LOOP('',(#1342,#1343,#1344,#1345));
#3825=EDGE_LOOP('',(#1346,#1347,#1348,#1349));
#3826=EDGE_LOOP('',(#1350,#1351,#1352,#1353));
#3827=EDGE_LOOP('',(#1354,#1355,#1356,#1357));
#3828=EDGE_LOOP('',(#1358,#1359,#1360,#1361));
#3829=EDGE_LOOP('',(#1362,#1363,#1364,#1365));
#3830=EDGE_LOOP('',(#1366,#1367,#1368,#1369));
#3831=EDGE_LOOP('',(#1370,#1371,#1372,#1373));
#3832=EDGE_LOOP('',(#1374,#1375,#1376,#1377));
#3833=EDGE_LOOP('',(#1378,#1379,#1380,#1381));
#3834=EDGE_LOOP('',(#1382,#1383,#1384,#1385));
#3835=EDGE_LOOP('',(#1386,#1387,#1388,#1389));
#3836=EDGE_LOOP('',(#1390,#1391,#1392,#1393));
#3837=EDGE_LOOP('',(#1394,#1395,#1396,#1397));
#3838=EDGE_LOOP('',(#1398));
#3839=EDGE_LOOP('',(#1399));
#3840=EDGE_LOOP('',(#1400));
#3841=FACE_BOUND('',#3544,.T.);
#3842=FACE_BOUND('',#3545,.T.);
#3843=FACE_BOUND('',#3546,.T.);
#3844=FACE_BOUND('',#3547,.T.);
#3845=FACE_BOUND('',#3548,.T.);
#3846=FACE_BOUND('',#3549,.T.);
#3847=FACE_BOUND('',#3550,.T.);
#3848=FACE_BOUND('',#3551,.T.);
#3849=FACE_BOUND('',#3552,.T.);
#3850=FACE_BOUND('',#3553,.T.);
#3851=FACE_BOUND('',#3554,.T.);
#3852=FACE_BOUND('',#3555,.T.);
#3853=FACE_BOUND('',#3556,.T.);
#3854=FACE_BOUND('',#3557,.T.);
#3855=FACE_BOUND('',#3558,.T.);
#3856=FACE_BOUND('',#3559,.T.);
#3857=FACE_BOUND('',#3560,.T.);
#3858=FACE_BOUND('',#3561,.T.);
#3859=FACE_BOUND('',#3562,.T.);
#3860=FACE_BOUND('',#3563,.T.);
#3861=FACE_BOUND('',#3564,.T.);
#3862=FACE_BOUND('',#3565,.T.);
#3863=FACE_BOUND('',#3566,.T.);
#3864=FACE_BOUND('',#3567,.T.);
#3865=FACE_BOUND('',#3568,.T.);
#3866=FACE_BOUND('',#3569,.T.);
#3867=FACE_BOUND('',#3570,.T.);
#3868=FACE_BOUND('',#3571,.T.);
#3869=FACE_BOUND('',#3572,.T.);
#3870=FACE_BOUND('',#3573,.T.);
#3871=FACE_BOUND('',#3574,.T.);
#3872=FACE_BOUND('',#3575,.T.);
#3873=FACE_BOUND('',#3576,.T.);
#3874=FACE_BOUND('',#3577,.T.);
#3875=FACE_BOUND('',#3578,.T.);
#3876=FACE_BOUND('',#3579,.T.);
#3877=FACE_BOUND('',#3580,.T.);
#3878=FACE_BOUND('',#3581,.T.);
#3879=FACE_BOUND('',#3582,.T.);
#3880=FACE_BOUND('',#3583,.T.);
#3881=FACE_BOUND('',#3584,.T.);
#3882=FACE_BOUND('',#3585,.T.);
#3883=FACE_BOUND('',#3586,.T.);
#3884=FACE_BOUND('',#3587,.T.);
#3885=FACE_BOUND('',#3588,.T.);
#3886=FACE_BOUND('',#3589,.T.);
#3887=FACE_BOUND('',#3590,.T.);
#3888=FACE_BOUND('',#3591,.T.);
#3889=FACE_BOUND('',#3592,.T.);
#3890=FACE_BOUND('',#3593,.T.);
#3891=FACE_BOUND('',#3594,.T.);
#3892=FACE_BOUND('',#3595,.T.);
#3893=FACE_BOUND('',#3596,.T.);
#3894=FACE_BOUND('',#3597,.T.);
#3895=FACE_BOUND('',#3598,.T.);
#3896=FACE_BOUND('',#3599,.T.);
#3897=FACE_BOUND('',#3600,.T.);
#3898=FACE_BOUND('',#3601,.T.);
#3899=FACE_BOUND('',#3602,.T.);
#3900=FACE_BOUND('',#3603,.T.);
#3901=FACE_BOUND('',#3604,.T.);
#3902=FACE_BOUND('',#3605,.T.);
#3903=FACE_BOUND('',#3606,.T.);
#3904=FACE_BOUND('',#3607,.T.);
#3905=FACE_BOUND('',#3608,.T.);
#3906=FACE_BOUND('',#3609,.T.);
#3907=FACE_BOUND('',#3610,.T.);
#3908=FACE_BOUND('',#3611,.T.);
#3909=FACE_BOUND('',#3612,.T.);
#3910=FACE_BOUND('',#3613,.T.);
#3911=FACE_BOUND('',#3614,.T.);
#3912=FACE_BOUND('',#3615,.T.);
#3913=FACE_BOUND('',#3616,.T.);
#3914=FACE_BOUND('',#3617,.T.);
#3915=FACE_BOUND('',#3618,.T.);
#3916=FACE_BOUND('',#3619,.T.);
#3917=FACE_BOUND('',#3620,.T.);
#3918=FACE_BOUND('',#3621,.T.);
#3919=FACE_BOUND('',#3622,.T.);
#3920=FACE_BOUND('',#3623,.T.);
#3921=FACE_BOUND('',#3624,.T.);
#3922=FACE_BOUND('',#3625,.T.);
#3923=FACE_BOUND('',#3626,.T.);
#3924=FACE_BOUND('',#3627,.T.);
#3925=FACE_BOUND('',#3628,.T.);
#3926=FACE_BOUND('',#3629,.T.);
#3927=FACE_BOUND('',#3630,.T.);
#3928=FACE_BOUND('',#3631,.T.);
#3929=FACE_BOUND('',#3632,.T.);
#3930=FACE_BOUND('',#3633,.T.);
#3931=FACE_BOUND('',#3634,.T.);
#3932=FACE_BOUND('',#3635,.T.);
#3933=FACE_BOUND('',#3636,.T.);
#3934=FACE_BOUND('',#3637,.T.);
#3935=FACE_BOUND('',#3638,.T.);
#3936=FACE_BOUND('',#3639,.T.);
#3937=FACE_BOUND('',#3640,.T.);
#3938=FACE_BOUND('',#3641,.T.);
#3939=FACE_BOUND('',#3642,.T.);
#3940=FACE_BOUND('',#3643,.T.);
#3941=FACE_BOUND('',#3644,.T.);
#3942=FACE_BOUND('',#3645,.T.);
#3943=FACE_BOUND('',#3646,.T.);
#3944=FACE_BOUND('',#3647,.T.);
#3945=FACE_BOUND('',#3648,.T.);
#3946=FACE_BOUND('',#3649,.T.);
#3947=FACE_BOUND('',#3650,.T.);
#3948=FACE_BOUND('',#3651,.T.);
#3949=FACE_BOUND('',#3652,.T.);
#3950=FACE_BOUND('',#3653,.T.);
#3951=FACE_BOUND('',#3654,.T.);
#3952=FACE_BOUND('',#3655,.T.);
#3953=FACE_BOUND('',#3656,.T.);
#3954=FACE_BOUND('',#3657,.T.);
#3955=FACE_BOUND('',#3658,.T.);
#3956=FACE_BOUND('',#3659,.T.);
#3957=FACE_BOUND('',#3660,.T.);
#3958=FACE_BOUND('',#3661,.T.);
#3959=FACE_BOUND('',#3662,.T.);
#3960=FACE_BOUND('',#3663,.T.);
#3961=FACE_BOUND('',#3664,.T.);
#3962=FACE_BOUND('',#3665,.T.);
#3963=FACE_BOUND('',#3666,.T.);
#3964=FACE_BOUND('',#3667,.T.);
#3965=FACE_BOUND('',#3668,.T.);
#3966=FACE_BOUND('',#3669,.T.);
#3967=FACE_BOUND('',#3670,.T.);
#3968=FACE_BOUND('',#3671,.T.);
#3969=FACE_BOUND('',#3672,.T.);
#3970=FACE_BOUND('',#3673,.T.);
#3971=FACE_BOUND('',#3674,.T.);
#3972=FACE_BOUND('',#3675,.T.);
#3973=FACE_BOUND('',#3676,.T.);
#3974=FACE_BOUND('',#3677,.T.);
#3975=FACE_BOUND('',#3678,.T.);
#3976=FACE_BOUND('',#3679,.T.);
#3977=FACE_BOUND('',#3680,.T.);
#3978=FACE_BOUND('',#3681,.T.);
#3979=FACE_BOUND('',#3682,.T.);
#3980=FACE_BOUND('',#3683,.T.);
#3981=FACE_BOUND('',#3684,.T.);
#3982=FACE_BOUND('',#3685,.T.);
#3983=FACE_BOUND('',#3686,.T.);
#3984=FACE_BOUND('',#3687,.T.);
#3985=FACE_BOUND('',#3688,.T.);
#3986=FACE_BOUND('',#3689,.T.);
#3987=FACE_BOUND('',#3690,.T.);
#3988=FACE_BOUND('',#3691,.T.);
#3989=FACE_BOUND('',#3692,.T.);
#3990=FACE_BOUND('',#3693,.T.);
#3991=FACE_BOUND('',#3694,.T.);
#3992=FACE_BOUND('',#3695,.T.);
#3993=FACE_BOUND('',#3696,.T.);
#3994=FACE_BOUND('',#3697,.T.);
#3995=FACE_BOUND('',#3698,.T.);
#3996=FACE_BOUND('',#3699,.T.);
#3997=FACE_BOUND('',#3700,.T.);
#3998=FACE_BOUND('',#3701,.T.);
#3999=FACE_BOUND('',#3702,.T.);
#4000=FACE_BOUND('',#3703,.T.);
#4001=FACE_BOUND('',#3704,.T.);
#4002=FACE_BOUND('',#3705,.T.);
#4003=FACE_BOUND('',#3706,.T.);
#4004=FACE_BOUND('',#3707,.T.);
#4005=FACE_BOUND('',#3708,.T.);
#4006=FACE_BOUND('',#3709,.T.);
#4007=FACE_BOUND('',#3710,.T.);
#4008=FACE_BOUND('',#3711,.T.);
#4009=FACE_BOUND('',#3712,.T.);
#4010=FACE_BOUND('',#3713,.T.);
#4011=FACE_BOUND('',#3714,.T.);
#4012=FACE_BOUND('',#3715,.T.);
#4013=FACE_BOUND('',#3716,.T.);
#4014=FACE_BOUND('',#3717,.T.);
#4015=FACE_BOUND('',#3718,.T.);
#4016=FACE_BOUND('',#3719,.T.);
#4017=FACE_BOUND('',#3720,.T.);
#4018=FACE_BOUND('',#3721,.T.);
#4019=FACE_BOUND('',#3722,.T.);
#4020=FACE_BOUND('',#3723,.T.);
#4021=FACE_BOUND('',#3724,.T.);
#4022=FACE_BOUND('',#3725,.T.);
#4023=FACE_BOUND('',#3726,.T.);
#4024=FACE_BOUND('',#3727,.T.);
#4025=FACE_BOUND('',#3728,.T.);
#4026=FACE_BOUND('',#3729,.T.);
#4027=FACE_BOUND('',#3730,.T.);
#4028=FACE_BOUND('',#3731,.T.);
#4029=FACE_BOUND('',#3732,.T.);
#4030=FACE_BOUND('',#3733,.T.);
#4031=FACE_BOUND('',#3734,.T.);
#4032=FACE_BOUND('',#3735,.T.);
#4033=FACE_BOUND('',#3736,.T.);
#4034=FACE_BOUND('',#3737,.T.);
#4035=FACE_BOUND('',#3738,.T.);
#4036=FACE_BOUND('',#3739,.T.);
#4037=FACE_BOUND('',#3740,.T.);
#4038=FACE_BOUND('',#3741,.T.);
#4039=FACE_BOUND('',#3742,.T.);
#4040=FACE_BOUND('',#3743,.T.);
#4041=FACE_BOUND('',#3744,.T.);
#4042=FACE_BOUND('',#3745,.T.);
#4043=FACE_BOUND('',#3746,.T.);
#4044=FACE_BOUND('',#3747,.T.);
#4045=FACE_BOUND('',#3748,.T.);
#4046=FACE_BOUND('',#3749,.T.);
#4047=FACE_BOUND('',#3750,.T.);
#4048=FACE_BOUND('',#3751,.T.);
#4049=FACE_BOUND('',#3752,.T.);
#4050=FACE_BOUND('',#3753,.T.);
#4051=FACE_BOUND('',#3754,.T.);
#4052=FACE_BOUND('',#3755,.T.);
#4053=FACE_BOUND('',#3756,.T.);
#4054=FACE_BOUND('',#3757,.T.);
#4055=FACE_BOUND('',#3758,.T.);
#4056=FACE_BOUND('',#3759,.T.);
#4057=FACE_BOUND('',#3760,.T.);
#4058=FACE_BOUND('',#3761,.T.);
#4059=FACE_BOUND('',#3762,.T.);
#4060=FACE_BOUND('',#3763,.T.);
#4061=FACE_BOUND('',#3764,.T.);
#4062=FACE_BOUND('',#3765,.T.);
#4063=FACE_BOUND('',#3766,.T.);
#4064=FACE_BOUND('',#3767,.T.);
#4065=FACE_BOUND('',#3768,.T.);
#4066=FACE_BOUND('',#3769,.T.);
#4067=FACE_BOUND('',#3770,.T.);
#4068=FACE_BOUND('',#3771,.T.);
#4069=FACE_BOUND('',#3772,.T.);
#4070=FACE_BOUND('',#3773,.T.);
#4071=FACE_BOUND('',#3774,.T.);
#4072=FACE_BOUND('',#3775,.T.);
#4073=FACE_BOUND('',#3776,.T.);
#4074=FACE_BOUND('',#3777,.T.);
#4075=FACE_BOUND('',#3778,.T.);
#4076=FACE_BOUND('',#3779,.T.);
#4077=FACE_BOUND('',#3780,.T.);
#4078=FACE_BOUND('',#3781,.T.);
#4079=FACE_BOUND('',#3782,.T.);
#4080=FACE_BOUND('',#3783,.T.);
#4081=FACE_BOUND('',#3784,.T.);
#4082=FACE_BOUND('',#3785,.T.);
#4083=FACE_BOUND('',#3786,.T.);
#4084=FACE_BOUND('',#3787,.T.);
#4085=FACE_BOUND('',#3788,.T.);
#4086=FACE_BOUND('',#3789,.T.);
#4087=FACE_BOUND('',#3790,.T.);
#4088=FACE_BOUND('',#3791,.T.);
#4089=FACE_BOUND('',#3792,.T.);
#4090=FACE_BOUND('',#3793,.T.);
#4091=FACE_BOUND('',#3794,.T.);
#4092=FACE_BOUND('',#3795,.T.);
#4093=FACE_BOUND('',#3796,.T.);
#4094=FACE_BOUND('',#3797,.T.);
#4095=FACE_BOUND('',#3798,.T.);
#4096=FACE_BOUND('',#3799,.T.);
#4097=FACE_BOUND('',#3800,.T.);
#4098=FACE_BOUND('',#3801,.T.);
#4099=FACE_BOUND('',#3802,.T.);
#4100=FACE_BOUND('',#3803,.T.);
#4101=FACE_BOUND('',#3804,.T.);
#4102=FACE_BOUND('',#3805,.T.);
#4103=FACE_BOUND('',#3806,.T.);
#4104=FACE_BOUND('',#3807,.T.);
#4105=FACE_BOUND('',#3808,.T.);
#4106=FACE_BOUND('',#3809,.T.);
#4107=FACE_BOUND('',#3810,.T.);
#4108=FACE_BOUND('',#3811,.T.);
#4109=FACE_BOUND('',#3812,.T.);
#4110=FACE_BOUND('',#3813,.T.);
#4111=FACE_BOUND('',#3814,.T.);
#4112=FACE_BOUND('',#3815,.T.);
#4113=FACE_BOUND('',#3816,.T.);
#4114=FACE_BOUND('',#3817,.T.);
#4115=FACE_BOUND('',#3818,.T.);
#4116=FACE_BOUND('',#3819,.T.);
#4117=FACE_BOUND('',#3820,.T.);
#4118=FACE_BOUND('',#3821,.T.);
#4119=FACE_BOUND('',#3822,.T.);
#4120=FACE_BOUND('',#3823,.T.);
#4121=FACE_BOUND('',#3824,.T.);
#4122=FACE_BOUND('',#3825,.T.);
#4123=FACE_BOUND('',#3826,.T.);
#4124=FACE_BOUND('',#3827,.T.);
#4125=FACE_BOUND('',#3828,.T.);
#4126=FACE_BOUND('',#3829,.T.);
#4127=FACE_BOUND('',#3830,.T.);
#4128=FACE_BOUND('',#3831,.T.);
#4129=FACE_BOUND('',#3832,.T.);
#4130=FACE_BOUND('',#3833,.T.);
#4131=FACE_BOUND('',#3834,.T.);
#4132=FACE_BOUND('',#3835,.T.);
#4133=FACE_BOUND('',#3836,.T.);
#4134=FACE_BOUND('',#3837,.T.);
#4135=FACE_BOUND('',#3838,.T.);
#4136=FACE_BOUND('',#3839,.T.);
#4137=FACE_BOUND('',#3840,.T.);
#4138=PLANE('',#6390);
#4139=PLANE('',#6391);
#4140=PLANE('',#6392);
#4141=PLANE('',#6393);
#4142=PLANE('',#6394);
#4143=PLANE('',#6395);
#4144=PLANE('',#6396);
#4145=PLANE('',#6397);
#4146=PLANE('',#6398);
#4147=PLANE('',#6399);
#4148=PLANE('',#6400);
#4149=PLANE('',#6401);
#4150=PLANE('',#6402);
#4151=PLANE('',#6403);
#4152=PLANE('',#6404);
#4153=PLANE('',#6405);
#4154=PLANE('',#6406);
#4155=PLANE('',#6407);
#4156=PLANE('',#6408);
#4157=PLANE('',#6409);
#4158=PLANE('',#6410);
#4159=PLANE('',#6411);
#4160=PLANE('',#6412);
#4161=PLANE('',#6413);
#4162=PLANE('',#6414);
#4163=PLANE('',#6415);
#4164=PLANE('',#6416);
#4165=PLANE('',#6417);
#4166=PLANE('',#6418);
#4167=PLANE('',#6419);
#4168=PLANE('',#6420);
#4169=PLANE('',#6421);
#4170=PLANE('',#6422);
#4171=PLANE('',#6423);
#4172=PLANE('',#6424);
#4173=PLANE('',#6425);
#4174=PLANE('',#6426);
#4175=PLANE('',#6427);
#4176=PLANE('',#6428);
#4177=PLANE('',#6429);
#4178=PLANE('',#6430);
#4179=PLANE('',#6431);
#4180=PLANE('',#6432);
#4181=PLANE('',#6433);
#4182=PLANE('',#6434);
#4183=PLANE('',#6435);
#4184=PLANE('',#6436);
#4185=PLANE('',#6437);
#4186=PLANE('',#6438);
#4187=PLANE('',#6439);
#4188=PLANE('',#6440);
#4189=PLANE('',#6441);
#4190=PLANE('',#6442);
#4191=PLANE('',#6443);
#4192=PLANE('',#6444);
#4193=PLANE('',#6445);
#4194=PLANE('',#6446);
#4195=PLANE('',#6447);
#4196=PLANE('',#6448);
#4197=PLANE('',#6449);
#4198=PLANE('',#6450);
#4199=PLANE('',#6451);
#4200=PLANE('',#6454);
#4201=PLANE('',#6457);
#4202=PLANE('',#6460);
#4203=PLANE('',#6463);
#4204=PLANE('',#6466);
#4205=PLANE('',#6469);
#4206=PLANE('',#6472);
#4207=PLANE('',#6475);
#4208=PLANE('',#6478);
#4209=PLANE('',#6481);
#4210=PLANE('',#6482);
#4211=PLANE('',#6485);
#4212=PLANE('',#6486);
#4213=PLANE('',#6487);
#4214=PLANE('',#6488);
#4215=PLANE('',#6489);
#4216=PLANE('',#6490);
#4217=PLANE('',#6491);
#4218=PLANE('',#6492);
#4219=PLANE('',#6493);
#4220=PLANE('',#6494);
#4221=PLANE('',#6495);
#4222=PLANE('',#6496);
#4223=PLANE('',#6497);
#4224=PLANE('',#6498);
#4225=PLANE('',#6499);
#4226=PLANE('',#6500);
#4227=PLANE('',#6501);
#4228=PLANE('',#6504);
#4229=PLANE('',#6507);
#4230=PLANE('',#6510);
#4231=PLANE('',#6513);
#4232=PLANE('',#6516);
#4233=PLANE('',#6519);
#4234=PLANE('',#6522);
#4235=PLANE('',#6525);
#4236=PLANE('',#6528);
#4237=PLANE('',#6529);
#4238=PLANE('',#6530);
#4239=PLANE('',#6533);
#4240=PLANE('',#6536);
#4241=PLANE('',#6537);
#4242=PLANE('',#6538);
#4243=PLANE('',#6541);
#4244=PLANE('',#6544);
#4245=PLANE('',#6545);
#4246=PLANE('',#6548);
#4247=PLANE('',#6551);
#4248=PLANE('',#6552);
#4249=PLANE('',#6553);
#4250=PLANE('',#6554);
#4251=PLANE('',#6557);
#4252=PLANE('',#6562);
#4253=PLANE('',#6563);
#4254=PLANE('',#6564);
#4255=PLANE('',#6567);
#4256=PLANE('',#6570);
#4257=PLANE('',#6571);
#4258=PLANE('',#6572);
#4259=PLANE('',#6575);
#4260=PLANE('',#6578);
#4261=PLANE('',#6579);
#4262=PLANE('',#6580);
#4263=PLANE('',#6583);
#4264=PLANE('',#6584);
#4265=PLANE('',#6587);
#4266=PLANE('',#6588);
#4267=PLANE('',#6589);
#4268=PLANE('',#6594);
#4269=PLANE('',#6597);
#4270=PLANE('',#6598);
#4271=PLANE('',#6599);
#4272=PLANE('',#6600);
#4273=PLANE('',#6601);
#4274=PLANE('',#6604);
#4275=PLANE('',#6607);
#4276=PLANE('',#6608);
#4277=PLANE('',#6609);
#4278=PLANE('',#6610);
#4279=PLANE('',#6611);
#4280=PLANE('',#6612);
#4281=PLANE('',#6613);
#4282=PLANE('',#6614);
#4283=PLANE('',#6617);
#4284=PLANE('',#6620);
#4285=PLANE('',#6621);
#4286=PLANE('',#6622);
#4287=PLANE('',#6623);
#4288=PLANE('',#6626);
#4289=PLANE('',#6629);
#4290=PLANE('',#6630);
#4291=PLANE('',#6631);
#4292=PLANE('',#6634);
#4293=PLANE('',#6637);
#4294=PLANE('',#6638);
#4295=PLANE('',#6641);
#4296=PLANE('',#6642);
#4297=PLANE('',#6643);
#4298=PLANE('',#6646);
#4299=PLANE('',#6649);
#4300=PLANE('',#6650);
#4301=PLANE('',#6651);
#4302=PLANE('',#6656);
#4303=PLANE('',#6657);
#4304=PLANE('',#6658);
#4305=PLANE('',#6661);
#4306=PLANE('',#6662);
#4307=PLANE('',#6665);
#4308=PLANE('',#6666);
#4309=PLANE('',#6667);
#4310=PLANE('',#6670);
#4311=PLANE('',#6673);
#4312=PLANE('',#6674);
#4313=PLANE('',#6675);
#4314=PLANE('',#6678);
#4315=PLANE('',#6679);
#4316=PLANE('',#6680);
#4317=PLANE('',#6683);
#4318=PLANE('',#6688);
#4319=PLANE('',#6689);
#4320=PLANE('',#6690);
#4321=PLANE('',#6693);
#4322=PLANE('',#6694);
#4323=PLANE('',#6695);
#4324=PLANE('',#6696);
#4325=PLANE('',#6697);
#4326=PLANE('',#6699);
#4327=PLANE('',#6700);
#4328=PLANE('',#6701);
#4329=PLANE('',#6702);
#4330=PLANE('',#6703);
#4331=PLANE('',#6704);
#4332=PLANE('',#6705);
#4333=PLANE('',#6706);
#4334=PLANE('',#6707);
#4335=PLANE('',#6708);
#4336=PLANE('',#6709);
#4337=PLANE('',#6710);
#4338=PLANE('',#6711);
#4339=PLANE('',#6712);
#4340=PLANE('',#6713);
#4341=PLANE('',#6714);
#4342=PLANE('',#6715);
#4343=PLANE('',#6716);
#4344=PLANE('',#6717);
#4345=PLANE('',#6718);
#4346=PLANE('',#6719);
#4347=PLANE('',#6720);
#4348=PLANE('',#6721);
#4349=PLANE('',#6722);
#4350=PLANE('',#6725);
#4351=STYLED_ITEM('',(#4605),#6131);
#4352=STYLED_ITEM('',(#4606),#6132);
#4353=STYLED_ITEM('',(#4607),#6133);
#4354=STYLED_ITEM('',(#4608),#6134);
#4355=STYLED_ITEM('',(#4609),#6135);
#4356=STYLED_ITEM('',(#4610),#6136);
#4357=STYLED_ITEM('',(#4611),#6137);
#4358=STYLED_ITEM('',(#4612),#6138);
#4359=STYLED_ITEM('',(#4613),#6139);
#4360=STYLED_ITEM('',(#4614),#6140);
#4361=STYLED_ITEM('',(#4615),#6141);
#4362=STYLED_ITEM('',(#4616),#6142);
#4363=STYLED_ITEM('',(#4617),#6143);
#4364=STYLED_ITEM('',(#4618),#6144);
#4365=STYLED_ITEM('',(#4619),#6145);
#4366=STYLED_ITEM('',(#4620),#6146);
#4367=STYLED_ITEM('',(#4621),#6147);
#4368=STYLED_ITEM('',(#4622),#6148);
#4369=STYLED_ITEM('',(#4623),#6149);
#4370=STYLED_ITEM('',(#4624),#6150);
#4371=STYLED_ITEM('',(#4625),#6151);
#4372=STYLED_ITEM('',(#4626),#6152);
#4373=STYLED_ITEM('',(#4627),#6153);
#4374=STYLED_ITEM('',(#4628),#6154);
#4375=STYLED_ITEM('',(#4629),#6155);
#4376=STYLED_ITEM('',(#4630),#6156);
#4377=STYLED_ITEM('',(#4631),#6157);
#4378=STYLED_ITEM('',(#4632),#6158);
#4379=STYLED_ITEM('',(#4633),#6159);
#4380=STYLED_ITEM('',(#4634),#6160);
#4381=STYLED_ITEM('',(#4635),#6161);
#4382=STYLED_ITEM('',(#4636),#6162);
#4383=STYLED_ITEM('',(#4637),#6163);
#4384=STYLED_ITEM('',(#4638),#6164);
#4385=STYLED_ITEM('',(#4639),#6165);
#4386=STYLED_ITEM('',(#4640),#6166);
#4387=STYLED_ITEM('',(#4641),#6167);
#4388=STYLED_ITEM('',(#4642),#6168);
#4389=STYLED_ITEM('',(#4643),#6169);
#4390=STYLED_ITEM('',(#4644),#6170);
#4391=STYLED_ITEM('',(#4645),#6171);
#4392=STYLED_ITEM('',(#4646),#6172);
#4393=STYLED_ITEM('',(#4647),#6173);
#4394=STYLED_ITEM('',(#4648),#6174);
#4395=STYLED_ITEM('',(#4649),#6175);
#4396=STYLED_ITEM('',(#4650),#6176);
#4397=STYLED_ITEM('',(#4651),#6177);
#4398=STYLED_ITEM('',(#4652),#6178);
#4399=STYLED_ITEM('',(#4653),#6179);
#4400=STYLED_ITEM('',(#4654),#6180);
#4401=STYLED_ITEM('',(#4655),#6181);
#4402=STYLED_ITEM('',(#4656),#6182);
#4403=STYLED_ITEM('',(#4657),#6183);
#4404=STYLED_ITEM('',(#4658),#6184);
#4405=STYLED_ITEM('',(#4659),#6185);
#4406=STYLED_ITEM('',(#4660),#6186);
#4407=STYLED_ITEM('',(#4661),#6187);
#4408=STYLED_ITEM('',(#4662),#6188);
#4409=STYLED_ITEM('',(#4663),#6189);
#4410=STYLED_ITEM('',(#4664),#6190);
#4411=STYLED_ITEM('',(#4665),#6191);
#4412=STYLED_ITEM('',(#4666),#6192);
#4413=STYLED_ITEM('',(#4667),#6193);
#4414=STYLED_ITEM('',(#4668),#6194);
#4415=STYLED_ITEM('',(#4669),#6195);
#4416=STYLED_ITEM('',(#4670),#6196);
#4417=STYLED_ITEM('',(#4671),#6197);
#4418=STYLED_ITEM('',(#4672),#6198);
#4419=STYLED_ITEM('',(#4673),#6199);
#4420=STYLED_ITEM('',(#4674),#6200);
#4421=STYLED_ITEM('',(#4675),#6201);
#4422=STYLED_ITEM('',(#4676),#6202);
#4423=STYLED_ITEM('',(#4677),#6203);
#4424=STYLED_ITEM('',(#4678),#6204);
#4425=STYLED_ITEM('',(#4679),#6205);
#4426=STYLED_ITEM('',(#4680),#6206);
#4427=STYLED_ITEM('',(#4681),#6207);
#4428=STYLED_ITEM('',(#4682),#6208);
#4429=STYLED_ITEM('',(#4683),#6209);
#4430=STYLED_ITEM('',(#4684),#6210);
#4431=STYLED_ITEM('',(#4685),#6211);
#4432=STYLED_ITEM('',(#4686),#6212);
#4433=STYLED_ITEM('',(#4687),#6213);
#4434=STYLED_ITEM('',(#4688),#6214);
#4435=STYLED_ITEM('',(#4689),#6215);
#4436=STYLED_ITEM('',(#4690),#6216);
#4437=STYLED_ITEM('',(#4691),#6217);
#4438=STYLED_ITEM('',(#4692),#6218);
#4439=STYLED_ITEM('',(#4693),#6219);
#4440=STYLED_ITEM('',(#4694),#6220);
#4441=STYLED_ITEM('',(#4695),#6221);
#4442=STYLED_ITEM('',(#4696),#6222);
#4443=STYLED_ITEM('',(#4697),#6223);
#4444=STYLED_ITEM('',(#4698),#6224);
#4445=STYLED_ITEM('',(#4699),#6225);
#4446=STYLED_ITEM('',(#4700),#6226);
#4447=STYLED_ITEM('',(#4701),#6227);
#4448=STYLED_ITEM('',(#4702),#6228);
#4449=STYLED_ITEM('',(#4703),#6229);
#4450=STYLED_ITEM('',(#4704),#6230);
#4451=STYLED_ITEM('',(#4705),#6231);
#4452=STYLED_ITEM('',(#4706),#6232);
#4453=STYLED_ITEM('',(#4707),#6233);
#4454=STYLED_ITEM('',(#4708),#6234);
#4455=STYLED_ITEM('',(#4709),#6235);
#4456=STYLED_ITEM('',(#4710),#6236);
#4457=STYLED_ITEM('',(#4711),#6237);
#4458=STYLED_ITEM('',(#4712),#6238);
#4459=STYLED_ITEM('',(#4713),#6239);
#4460=STYLED_ITEM('',(#4714),#6240);
#4461=STYLED_ITEM('',(#4715),#6241);
#4462=STYLED_ITEM('',(#4716),#6242);
#4463=STYLED_ITEM('',(#4717),#6243);
#4464=STYLED_ITEM('',(#4718),#6244);
#4465=STYLED_ITEM('',(#4719),#6245);
#4466=STYLED_ITEM('',(#4720),#6246);
#4467=STYLED_ITEM('',(#4721),#6247);
#4468=STYLED_ITEM('',(#4722),#6248);
#4469=STYLED_ITEM('',(#4723),#6249);
#4470=STYLED_ITEM('',(#4724),#6250);
#4471=STYLED_ITEM('',(#4725),#6251);
#4472=STYLED_ITEM('',(#4726),#6252);
#4473=STYLED_ITEM('',(#4727),#6253);
#4474=STYLED_ITEM('',(#4728),#6254);
#4475=STYLED_ITEM('',(#4729),#6255);
#4476=STYLED_ITEM('',(#4730),#6256);
#4477=STYLED_ITEM('',(#4731),#6257);
#4478=STYLED_ITEM('',(#4732),#6258);
#4479=STYLED_ITEM('',(#4733),#6259);
#4480=STYLED_ITEM('',(#4734),#6260);
#4481=STYLED_ITEM('',(#4735),#6261);
#4482=STYLED_ITEM('',(#4736),#6262);
#4483=STYLED_ITEM('',(#4737),#6263);
#4484=STYLED_ITEM('',(#4738),#6264);
#4485=STYLED_ITEM('',(#4739),#6265);
#4486=STYLED_ITEM('',(#4740),#6266);
#4487=STYLED_ITEM('',(#4741),#6267);
#4488=STYLED_ITEM('',(#4742),#6268);
#4489=STYLED_ITEM('',(#4743),#6269);
#4490=STYLED_ITEM('',(#4744),#6270);
#4491=STYLED_ITEM('',(#4745),#6271);
#4492=STYLED_ITEM('',(#4746),#6272);
#4493=STYLED_ITEM('',(#4747),#6273);
#4494=STYLED_ITEM('',(#4748),#6274);
#4495=STYLED_ITEM('',(#4749),#6275);
#4496=STYLED_ITEM('',(#4750),#6276);
#4497=STYLED_ITEM('',(#4751),#6277);
#4498=STYLED_ITEM('',(#4752),#6278);
#4499=STYLED_ITEM('',(#4753),#6279);
#4500=STYLED_ITEM('',(#4754),#6280);
#4501=STYLED_ITEM('',(#4755),#6281);
#4502=STYLED_ITEM('',(#4756),#6282);
#4503=STYLED_ITEM('',(#4757),#6283);
#4504=STYLED_ITEM('',(#4758),#6284);
#4505=STYLED_ITEM('',(#4759),#6285);
#4506=STYLED_ITEM('',(#4760),#6286);
#4507=STYLED_ITEM('',(#4761),#6287);
#4508=STYLED_ITEM('',(#4762),#6288);
#4509=STYLED_ITEM('',(#4763),#6289);
#4510=STYLED_ITEM('',(#4764),#6290);
#4511=STYLED_ITEM('',(#4765),#6291);
#4512=STYLED_ITEM('',(#4766),#6292);
#4513=STYLED_ITEM('',(#4767),#6293);
#4514=STYLED_ITEM('',(#4768),#6294);
#4515=STYLED_ITEM('',(#4769),#6295);
#4516=STYLED_ITEM('',(#4770),#6296);
#4517=STYLED_ITEM('',(#4771),#6297);
#4518=STYLED_ITEM('',(#4772),#6298);
#4519=STYLED_ITEM('',(#4773),#6299);
#4520=STYLED_ITEM('',(#4774),#6300);
#4521=STYLED_ITEM('',(#4775),#6301);
#4522=STYLED_ITEM('',(#4776),#6302);
#4523=STYLED_ITEM('',(#4777),#6303);
#4524=STYLED_ITEM('',(#4778),#6304);
#4525=STYLED_ITEM('',(#4779),#6305);
#4526=STYLED_ITEM('',(#4780),#6306);
#4527=STYLED_ITEM('',(#4781),#6307);
#4528=STYLED_ITEM('',(#4782),#6308);
#4529=STYLED_ITEM('',(#4783),#6309);
#4530=STYLED_ITEM('',(#4784),#6310);
#4531=STYLED_ITEM('',(#4785),#6311);
#4532=STYLED_ITEM('',(#4786),#6312);
#4533=STYLED_ITEM('',(#4787),#6313);
#4534=STYLED_ITEM('',(#4788),#6314);
#4535=STYLED_ITEM('',(#4789),#6315);
#4536=STYLED_ITEM('',(#4790),#6316);
#4537=STYLED_ITEM('',(#4791),#6317);
#4538=STYLED_ITEM('',(#4792),#6318);
#4539=STYLED_ITEM('',(#4793),#6319);
#4540=STYLED_ITEM('',(#4794),#6320);
#4541=STYLED_ITEM('',(#4795),#6321);
#4542=STYLED_ITEM('',(#4796),#6322);
#4543=STYLED_ITEM('',(#4797),#6323);
#4544=STYLED_ITEM('',(#4798),#6324);
#4545=STYLED_ITEM('',(#4799),#6325);
#4546=STYLED_ITEM('',(#4800),#6326);
#4547=STYLED_ITEM('',(#4801),#6327);
#4548=STYLED_ITEM('',(#4802),#6328);
#4549=STYLED_ITEM('',(#4803),#6329);
#4550=STYLED_ITEM('',(#4804),#6330);
#4551=STYLED_ITEM('',(#4805),#6331);
#4552=STYLED_ITEM('',(#4806),#6332);
#4553=STYLED_ITEM('',(#4807),#6333);
#4554=STYLED_ITEM('',(#4808),#6334);
#4555=STYLED_ITEM('',(#4809),#6335);
#4556=STYLED_ITEM('',(#4810),#6336);
#4557=STYLED_ITEM('',(#4811),#6337);
#4558=STYLED_ITEM('',(#4812),#6338);
#4559=STYLED_ITEM('',(#4813),#6339);
#4560=STYLED_ITEM('',(#4814),#6340);
#4561=STYLED_ITEM('',(#4815),#6341);
#4562=STYLED_ITEM('',(#4816),#6342);
#4563=STYLED_ITEM('',(#4817),#6343);
#4564=STYLED_ITEM('',(#4818),#6344);
#4565=STYLED_ITEM('',(#4819),#6345);
#4566=STYLED_ITEM('',(#4820),#6346);
#4567=STYLED_ITEM('',(#4821),#6347);
#4568=STYLED_ITEM('',(#4822),#6348);
#4569=STYLED_ITEM('',(#4823),#6349);
#4570=STYLED_ITEM('',(#4824),#6350);
#4571=STYLED_ITEM('',(#4825),#6351);
#4572=STYLED_ITEM('',(#4826),#6352);
#4573=STYLED_ITEM('',(#4827),#6353);
#4574=STYLED_ITEM('',(#4828),#6354);
#4575=STYLED_ITEM('',(#4829),#6355);
#4576=STYLED_ITEM('',(#4830),#6356);
#4577=STYLED_ITEM('',(#4831),#6357);
#4578=STYLED_ITEM('',(#4832),#6358);
#4579=STYLED_ITEM('',(#4833),#6359);
#4580=STYLED_ITEM('',(#4834),#6360);
#4581=STYLED_ITEM('',(#4835),#6361);
#4582=STYLED_ITEM('',(#4836),#6362);
#4583=STYLED_ITEM('',(#4837),#6363);
#4584=STYLED_ITEM('',(#4838),#6364);
#4585=STYLED_ITEM('',(#4839),#6365);
#4586=STYLED_ITEM('',(#4840),#6366);
#4587=STYLED_ITEM('',(#4841),#6367);
#4588=STYLED_ITEM('',(#4842),#6368);
#4589=STYLED_ITEM('',(#4843),#6369);
#4590=STYLED_ITEM('',(#4844),#6370);
#4591=STYLED_ITEM('',(#4845),#6371);
#4592=STYLED_ITEM('',(#4846),#6372);
#4593=STYLED_ITEM('',(#4847),#6373);
#4594=STYLED_ITEM('',(#4848),#6374);
#4595=STYLED_ITEM('',(#4849),#6375);
#4596=STYLED_ITEM('',(#4850),#6376);
#4597=STYLED_ITEM('',(#4851),#6377);
#4598=STYLED_ITEM('',(#4852),#6378);
#4599=STYLED_ITEM('',(#4853),#6379);
#4600=STYLED_ITEM('',(#4854),#6380);
#4601=STYLED_ITEM('',(#4855),#6381);
#4602=STYLED_ITEM('',(#4856),#6382);
#4603=STYLED_ITEM('',(#4857),#6383);
#4604=STYLED_ITEM('',(#4858),#6384);
#4605=PRESENTATION_STYLE_ASSIGNMENT((#4859));
#4606=PRESENTATION_STYLE_ASSIGNMENT((#4860));
#4607=PRESENTATION_STYLE_ASSIGNMENT((#4861));
#4608=PRESENTATION_STYLE_ASSIGNMENT((#4862));
#4609=PRESENTATION_STYLE_ASSIGNMENT((#4863));
#4610=PRESENTATION_STYLE_ASSIGNMENT((#4864));
#4611=PRESENTATION_STYLE_ASSIGNMENT((#4865));
#4612=PRESENTATION_STYLE_ASSIGNMENT((#4866));
#4613=PRESENTATION_STYLE_ASSIGNMENT((#4867));
#4614=PRESENTATION_STYLE_ASSIGNMENT((#4868));
#4615=PRESENTATION_STYLE_ASSIGNMENT((#4869));
#4616=PRESENTATION_STYLE_ASSIGNMENT((#4870));
#4617=PRESENTATION_STYLE_ASSIGNMENT((#4871));
#4618=PRESENTATION_STYLE_ASSIGNMENT((#4872));
#4619=PRESENTATION_STYLE_ASSIGNMENT((#4873));
#4620=PRESENTATION_STYLE_ASSIGNMENT((#4874));
#4621=PRESENTATION_STYLE_ASSIGNMENT((#4875));
#4622=PRESENTATION_STYLE_ASSIGNMENT((#4876));
#4623=PRESENTATION_STYLE_ASSIGNMENT((#4877));
#4624=PRESENTATION_STYLE_ASSIGNMENT((#4878));
#4625=PRESENTATION_STYLE_ASSIGNMENT((#4879));
#4626=PRESENTATION_STYLE_ASSIGNMENT((#4880));
#4627=PRESENTATION_STYLE_ASSIGNMENT((#4881));
#4628=PRESENTATION_STYLE_ASSIGNMENT((#4882));
#4629=PRESENTATION_STYLE_ASSIGNMENT((#4883));
#4630=PRESENTATION_STYLE_ASSIGNMENT((#4884));
#4631=PRESENTATION_STYLE_ASSIGNMENT((#4885));
#4632=PRESENTATION_STYLE_ASSIGNMENT((#4886));
#4633=PRESENTATION_STYLE_ASSIGNMENT((#4887));
#4634=PRESENTATION_STYLE_ASSIGNMENT((#4888));
#4635=PRESENTATION_STYLE_ASSIGNMENT((#4889));
#4636=PRESENTATION_STYLE_ASSIGNMENT((#4890));
#4637=PRESENTATION_STYLE_ASSIGNMENT((#4891));
#4638=PRESENTATION_STYLE_ASSIGNMENT((#4892));
#4639=PRESENTATION_STYLE_ASSIGNMENT((#4893));
#4640=PRESENTATION_STYLE_ASSIGNMENT((#4894));
#4641=PRESENTATION_STYLE_ASSIGNMENT((#4895));
#4642=PRESENTATION_STYLE_ASSIGNMENT((#4896));
#4643=PRESENTATION_STYLE_ASSIGNMENT((#4897));
#4644=PRESENTATION_STYLE_ASSIGNMENT((#4898));
#4645=PRESENTATION_STYLE_ASSIGNMENT((#4899));
#4646=PRESENTATION_STYLE_ASSIGNMENT((#4900));
#4647=PRESENTATION_STYLE_ASSIGNMENT((#4901));
#4648=PRESENTATION_STYLE_ASSIGNMENT((#4902));
#4649=PRESENTATION_STYLE_ASSIGNMENT((#4903));
#4650=PRESENTATION_STYLE_ASSIGNMENT((#4904));
#4651=PRESENTATION_STYLE_ASSIGNMENT((#4905));
#4652=PRESENTATION_STYLE_ASSIGNMENT((#4906));
#4653=PRESENTATION_STYLE_ASSIGNMENT((#4907));
#4654=PRESENTATION_STYLE_ASSIGNMENT((#4908));
#4655=PRESENTATION_STYLE_ASSIGNMENT((#4909));
#4656=PRESENTATION_STYLE_ASSIGNMENT((#4910));
#4657=PRESENTATION_STYLE_ASSIGNMENT((#4911));
#4658=PRESENTATION_STYLE_ASSIGNMENT((#4912));
#4659=PRESENTATION_STYLE_ASSIGNMENT((#4913));
#4660=PRESENTATION_STYLE_ASSIGNMENT((#4914));
#4661=PRESENTATION_STYLE_ASSIGNMENT((#4915));
#4662=PRESENTATION_STYLE_ASSIGNMENT((#4916));
#4663=PRESENTATION_STYLE_ASSIGNMENT((#4917));
#4664=PRESENTATION_STYLE_ASSIGNMENT((#4918));
#4665=PRESENTATION_STYLE_ASSIGNMENT((#4919));
#4666=PRESENTATION_STYLE_ASSIGNMENT((#4920));
#4667=PRESENTATION_STYLE_ASSIGNMENT((#4921));
#4668=PRESENTATION_STYLE_ASSIGNMENT((#4922));
#4669=PRESENTATION_STYLE_ASSIGNMENT((#4923));
#4670=PRESENTATION_STYLE_ASSIGNMENT((#4924));
#4671=PRESENTATION_STYLE_ASSIGNMENT((#4925));
#4672=PRESENTATION_STYLE_ASSIGNMENT((#4926));
#4673=PRESENTATION_STYLE_ASSIGNMENT((#4927));
#4674=PRESENTATION_STYLE_ASSIGNMENT((#4928));
#4675=PRESENTATION_STYLE_ASSIGNMENT((#4929));
#4676=PRESENTATION_STYLE_ASSIGNMENT((#4930));
#4677=PRESENTATION_STYLE_ASSIGNMENT((#4931));
#4678=PRESENTATION_STYLE_ASSIGNMENT((#4932));
#4679=PRESENTATION_STYLE_ASSIGNMENT((#4933));
#4680=PRESENTATION_STYLE_ASSIGNMENT((#4934));
#4681=PRESENTATION_STYLE_ASSIGNMENT((#4935));
#4682=PRESENTATION_STYLE_ASSIGNMENT((#4936));
#4683=PRESENTATION_STYLE_ASSIGNMENT((#4937));
#4684=PRESENTATION_STYLE_ASSIGNMENT((#4938));
#4685=PRESENTATION_STYLE_ASSIGNMENT((#4939));
#4686=PRESENTATION_STYLE_ASSIGNMENT((#4940));
#4687=PRESENTATION_STYLE_ASSIGNMENT((#4941));
#4688=PRESENTATION_STYLE_ASSIGNMENT((#4942));
#4689=PRESENTATION_STYLE_ASSIGNMENT((#4943));
#4690=PRESENTATION_STYLE_ASSIGNMENT((#4944));
#4691=PRESENTATION_STYLE_ASSIGNMENT((#4945));
#4692=PRESENTATION_STYLE_ASSIGNMENT((#4946));
#4693=PRESENTATION_STYLE_ASSIGNMENT((#4947));
#4694=PRESENTATION_STYLE_ASSIGNMENT((#4948));
#4695=PRESENTATION_STYLE_ASSIGNMENT((#4949));
#4696=PRESENTATION_STYLE_ASSIGNMENT((#4950));
#4697=PRESENTATION_STYLE_ASSIGNMENT((#4951));
#4698=PRESENTATION_STYLE_ASSIGNMENT((#4952));
#4699=PRESENTATION_STYLE_ASSIGNMENT((#4953));
#4700=PRESENTATION_STYLE_ASSIGNMENT((#4954));
#4701=PRESENTATION_STYLE_ASSIGNMENT((#4955));
#4702=PRESENTATION_STYLE_ASSIGNMENT((#4956));
#4703=PRESENTATION_STYLE_ASSIGNMENT((#4957));
#4704=PRESENTATION_STYLE_ASSIGNMENT((#4958));
#4705=PRESENTATION_STYLE_ASSIGNMENT((#4959));
#4706=PRESENTATION_STYLE_ASSIGNMENT((#4960));
#4707=PRESENTATION_STYLE_ASSIGNMENT((#4961));
#4708=PRESENTATION_STYLE_ASSIGNMENT((#4962));
#4709=PRESENTATION_STYLE_ASSIGNMENT((#4963));
#4710=PRESENTATION_STYLE_ASSIGNMENT((#4964));
#4711=PRESENTATION_STYLE_ASSIGNMENT((#4965));
#4712=PRESENTATION_STYLE_ASSIGNMENT((#4966));
#4713=PRESENTATION_STYLE_ASSIGNMENT((#4967));
#4714=PRESENTATION_STYLE_ASSIGNMENT((#4968));
#4715=PRESENTATION_STYLE_ASSIGNMENT((#4969));
#4716=PRESENTATION_STYLE_ASSIGNMENT((#4970));
#4717=PRESENTATION_STYLE_ASSIGNMENT((#4971));
#4718=PRESENTATION_STYLE_ASSIGNMENT((#4972));
#4719=PRESENTATION_STYLE_ASSIGNMENT((#4973));
#4720=PRESENTATION_STYLE_ASSIGNMENT((#4974));
#4721=PRESENTATION_STYLE_ASSIGNMENT((#4975));
#4722=PRESENTATION_STYLE_ASSIGNMENT((#4976));
#4723=PRESENTATION_STYLE_ASSIGNMENT((#4977));
#4724=PRESENTATION_STYLE_ASSIGNMENT((#4978));
#4725=PRESENTATION_STYLE_ASSIGNMENT((#4979));
#4726=PRESENTATION_STYLE_ASSIGNMENT((#4980));
#4727=PRESENTATION_STYLE_ASSIGNMENT((#4981));
#4728=PRESENTATION_STYLE_ASSIGNMENT((#4982));
#4729=PRESENTATION_STYLE_ASSIGNMENT((#4983));
#4730=PRESENTATION_STYLE_ASSIGNMENT((#4984));
#4731=PRESENTATION_STYLE_ASSIGNMENT((#4985));
#4732=PRESENTATION_STYLE_ASSIGNMENT((#4986));
#4733=PRESENTATION_STYLE_ASSIGNMENT((#4987));
#4734=PRESENTATION_STYLE_ASSIGNMENT((#4988));
#4735=PRESENTATION_STYLE_ASSIGNMENT((#4989));
#4736=PRESENTATION_STYLE_ASSIGNMENT((#4990));
#4737=PRESENTATION_STYLE_ASSIGNMENT((#4991));
#4738=PRESENTATION_STYLE_ASSIGNMENT((#4992));
#4739=PRESENTATION_STYLE_ASSIGNMENT((#4993));
#4740=PRESENTATION_STYLE_ASSIGNMENT((#4994));
#4741=PRESENTATION_STYLE_ASSIGNMENT((#4995));
#4742=PRESENTATION_STYLE_ASSIGNMENT((#4996));
#4743=PRESENTATION_STYLE_ASSIGNMENT((#4997));
#4744=PRESENTATION_STYLE_ASSIGNMENT((#4998));
#4745=PRESENTATION_STYLE_ASSIGNMENT((#4999));
#4746=PRESENTATION_STYLE_ASSIGNMENT((#5000));
#4747=PRESENTATION_STYLE_ASSIGNMENT((#5001));
#4748=PRESENTATION_STYLE_ASSIGNMENT((#5002));
#4749=PRESENTATION_STYLE_ASSIGNMENT((#5003));
#4750=PRESENTATION_STYLE_ASSIGNMENT((#5004));
#4751=PRESENTATION_STYLE_ASSIGNMENT((#5005));
#4752=PRESENTATION_STYLE_ASSIGNMENT((#5006));
#4753=PRESENTATION_STYLE_ASSIGNMENT((#5007));
#4754=PRESENTATION_STYLE_ASSIGNMENT((#5008));
#4755=PRESENTATION_STYLE_ASSIGNMENT((#5009));
#4756=PRESENTATION_STYLE_ASSIGNMENT((#5010));
#4757=PRESENTATION_STYLE_ASSIGNMENT((#5011));
#4758=PRESENTATION_STYLE_ASSIGNMENT((#5012));
#4759=PRESENTATION_STYLE_ASSIGNMENT((#5013));
#4760=PRESENTATION_STYLE_ASSIGNMENT((#5014));
#4761=PRESENTATION_STYLE_ASSIGNMENT((#5015));
#4762=PRESENTATION_STYLE_ASSIGNMENT((#5016));
#4763=PRESENTATION_STYLE_ASSIGNMENT((#5017));
#4764=PRESENTATION_STYLE_ASSIGNMENT((#5018));
#4765=PRESENTATION_STYLE_ASSIGNMENT((#5019));
#4766=PRESENTATION_STYLE_ASSIGNMENT((#5020));
#4767=PRESENTATION_STYLE_ASSIGNMENT((#5021));
#4768=PRESENTATION_STYLE_ASSIGNMENT((#5022));
#4769=PRESENTATION_STYLE_ASSIGNMENT((#5023));
#4770=PRESENTATION_STYLE_ASSIGNMENT((#5024));
#4771=PRESENTATION_STYLE_ASSIGNMENT((#5025));
#4772=PRESENTATION_STYLE_ASSIGNMENT((#5026));
#4773=PRESENTATION_STYLE_ASSIGNMENT((#5027));
#4774=PRESENTATION_STYLE_ASSIGNMENT((#5028));
#4775=PRESENTATION_STYLE_ASSIGNMENT((#5029));
#4776=PRESENTATION_STYLE_ASSIGNMENT((#5030));
#4777=PRESENTATION_STYLE_ASSIGNMENT((#5031));
#4778=PRESENTATION_STYLE_ASSIGNMENT((#5032));
#4779=PRESENTATION_STYLE_ASSIGNMENT((#5033));
#4780=PRESENTATION_STYLE_ASSIGNMENT((#5034));
#4781=PRESENTATION_STYLE_ASSIGNMENT((#5035));
#4782=PRESENTATION_STYLE_ASSIGNMENT((#5036));
#4783=PRESENTATION_STYLE_ASSIGNMENT((#5037));
#4784=PRESENTATION_STYLE_ASSIGNMENT((#5038));
#4785=PRESENTATION_STYLE_ASSIGNMENT((#5039));
#4786=PRESENTATION_STYLE_ASSIGNMENT((#5040));
#4787=PRESENTATION_STYLE_ASSIGNMENT((#5041));
#4788=PRESENTATION_STYLE_ASSIGNMENT((#5042));
#4789=PRESENTATION_STYLE_ASSIGNMENT((#5043));
#4790=PRESENTATION_STYLE_ASSIGNMENT((#5044));
#4791=PRESENTATION_STYLE_ASSIGNMENT((#5045));
#4792=PRESENTATION_STYLE_ASSIGNMENT((#5046));
#4793=PRESENTATION_STYLE_ASSIGNMENT((#5047));
#4794=PRESENTATION_STYLE_ASSIGNMENT((#5048));
#4795=PRESENTATION_STYLE_ASSIGNMENT((#5049));
#4796=PRESENTATION_STYLE_ASSIGNMENT((#5050));
#4797=PRESENTATION_STYLE_ASSIGNMENT((#5051));
#4798=PRESENTATION_STYLE_ASSIGNMENT((#5052));
#4799=PRESENTATION_STYLE_ASSIGNMENT((#5053));
#4800=PRESENTATION_STYLE_ASSIGNMENT((#5054));
#4801=PRESENTATION_STYLE_ASSIGNMENT((#5055));
#4802=PRESENTATION_STYLE_ASSIGNMENT((#5056));
#4803=PRESENTATION_STYLE_ASSIGNMENT((#5057));
#4804=PRESENTATION_STYLE_ASSIGNMENT((#5058));
#4805=PRESENTATION_STYLE_ASSIGNMENT((#5059));
#4806=PRESENTATION_STYLE_ASSIGNMENT((#5060));
#4807=PRESENTATION_STYLE_ASSIGNMENT((#5061));
#4808=PRESENTATION_STYLE_ASSIGNMENT((#5062));
#4809=PRESENTATION_STYLE_ASSIGNMENT((#5063));
#4810=PRESENTATION_STYLE_ASSIGNMENT((#5064));
#4811=PRESENTATION_STYLE_ASSIGNMENT((#5065));
#4812=PRESENTATION_STYLE_ASSIGNMENT((#5066));
#4813=PRESENTATION_STYLE_ASSIGNMENT((#5067));
#4814=PRESENTATION_STYLE_ASSIGNMENT((#5068));
#4815=PRESENTATION_STYLE_ASSIGNMENT((#5069));
#4816=PRESENTATION_STYLE_ASSIGNMENT((#5070));
#4817=PRESENTATION_STYLE_ASSIGNMENT((#5071));
#4818=PRESENTATION_STYLE_ASSIGNMENT((#5072));
#4819=PRESENTATION_STYLE_ASSIGNMENT((#5073));
#4820=PRESENTATION_STYLE_ASSIGNMENT((#5074));
#4821=PRESENTATION_STYLE_ASSIGNMENT((#5075));
#4822=PRESENTATION_STYLE_ASSIGNMENT((#5076));
#4823=PRESENTATION_STYLE_ASSIGNMENT((#5077));
#4824=PRESENTATION_STYLE_ASSIGNMENT((#5078));
#4825=PRESENTATION_STYLE_ASSIGNMENT((#5079));
#4826=PRESENTATION_STYLE_ASSIGNMENT((#5080));
#4827=PRESENTATION_STYLE_ASSIGNMENT((#5081));
#4828=PRESENTATION_STYLE_ASSIGNMENT((#5082));
#4829=PRESENTATION_STYLE_ASSIGNMENT((#5083));
#4830=PRESENTATION_STYLE_ASSIGNMENT((#5084));
#4831=PRESENTATION_STYLE_ASSIGNMENT((#5085));
#4832=PRESENTATION_STYLE_ASSIGNMENT((#5086));
#4833=PRESENTATION_STYLE_ASSIGNMENT((#5087));
#4834=PRESENTATION_STYLE_ASSIGNMENT((#5088));
#4835=PRESENTATION_STYLE_ASSIGNMENT((#5089));
#4836=PRESENTATION_STYLE_ASSIGNMENT((#5090));
#4837=PRESENTATION_STYLE_ASSIGNMENT((#5091));
#4838=PRESENTATION_STYLE_ASSIGNMENT((#5092));
#4839=PRESENTATION_STYLE_ASSIGNMENT((#5093));
#4840=PRESENTATION_STYLE_ASSIGNMENT((#5094));
#4841=PRESENTATION_STYLE_ASSIGNMENT((#5095));
#4842=PRESENTATION_STYLE_ASSIGNMENT((#5096));
#4843=PRESENTATION_STYLE_ASSIGNMENT((#5097));
#4844=PRESENTATION_STYLE_ASSIGNMENT((#5098));
#4845=PRESENTATION_STYLE_ASSIGNMENT((#5099));
#4846=PRESENTATION_STYLE_ASSIGNMENT((#5100));
#4847=PRESENTATION_STYLE_ASSIGNMENT((#5101));
#4848=PRESENTATION_STYLE_ASSIGNMENT((#5102));
#4849=PRESENTATION_STYLE_ASSIGNMENT((#5103));
#4850=PRESENTATION_STYLE_ASSIGNMENT((#5104));
#4851=PRESENTATION_STYLE_ASSIGNMENT((#5105));
#4852=PRESENTATION_STYLE_ASSIGNMENT((#5106));
#4853=PRESENTATION_STYLE_ASSIGNMENT((#5107));
#4854=PRESENTATION_STYLE_ASSIGNMENT((#5108));
#4855=PRESENTATION_STYLE_ASSIGNMENT((#5109));
#4856=PRESENTATION_STYLE_ASSIGNMENT((#5110));
#4857=PRESENTATION_STYLE_ASSIGNMENT((#5111));
#4858=PRESENTATION_STYLE_ASSIGNMENT((#5112));
#4859=SURFACE_STYLE_USAGE(.BOTH.,#5113);
#4860=SURFACE_STYLE_USAGE(.BOTH.,#5114);
#4861=SURFACE_STYLE_USAGE(.BOTH.,#5115);
#4862=SURFACE_STYLE_USAGE(.BOTH.,#5116);
#4863=SURFACE_STYLE_USAGE(.BOTH.,#5117);
#4864=SURFACE_STYLE_USAGE(.BOTH.,#5118);
#4865=SURFACE_STYLE_USAGE(.BOTH.,#5119);
#4866=SURFACE_STYLE_USAGE(.BOTH.,#5120);
#4867=SURFACE_STYLE_USAGE(.BOTH.,#5121);
#4868=SURFACE_STYLE_USAGE(.BOTH.,#5122);
#4869=SURFACE_STYLE_USAGE(.BOTH.,#5123);
#4870=SURFACE_STYLE_USAGE(.BOTH.,#5124);
#4871=SURFACE_STYLE_USAGE(.BOTH.,#5125);
#4872=SURFACE_STYLE_USAGE(.BOTH.,#5126);
#4873=SURFACE_STYLE_USAGE(.BOTH.,#5127);
#4874=SURFACE_STYLE_USAGE(.BOTH.,#5128);
#4875=SURFACE_STYLE_USAGE(.BOTH.,#5129);
#4876=SURFACE_STYLE_USAGE(.BOTH.,#5130);
#4877=SURFACE_STYLE_USAGE(.BOTH.,#5131);
#4878=SURFACE_STYLE_USAGE(.BOTH.,#5132);
#4879=SURFACE_STYLE_USAGE(.BOTH.,#5133);
#4880=SURFACE_STYLE_USAGE(.BOTH.,#5134);
#4881=SURFACE_STYLE_USAGE(.BOTH.,#5135);
#4882=SURFACE_STYLE_USAGE(.BOTH.,#5136);
#4883=SURFACE_STYLE_USAGE(.BOTH.,#5137);
#4884=SURFACE_STYLE_USAGE(.BOTH.,#5138);
#4885=SURFACE_STYLE_USAGE(.BOTH.,#5139);
#4886=SURFACE_STYLE_USAGE(.BOTH.,#5140);
#4887=SURFACE_STYLE_USAGE(.BOTH.,#5141);
#4888=SURFACE_STYLE_USAGE(.BOTH.,#5142);
#4889=SURFACE_STYLE_USAGE(.BOTH.,#5143);
#4890=SURFACE_STYLE_USAGE(.BOTH.,#5144);
#4891=SURFACE_STYLE_USAGE(.BOTH.,#5145);
#4892=SURFACE_STYLE_USAGE(.BOTH.,#5146);
#4893=SURFACE_STYLE_USAGE(.BOTH.,#5147);
#4894=SURFACE_STYLE_USAGE(.BOTH.,#5148);
#4895=SURFACE_STYLE_USAGE(.BOTH.,#5149);
#4896=SURFACE_STYLE_USAGE(.BOTH.,#5150);
#4897=SURFACE_STYLE_USAGE(.BOTH.,#5151);
#4898=SURFACE_STYLE_USAGE(.BOTH.,#5152);
#4899=SURFACE_STYLE_USAGE(.BOTH.,#5153);
#4900=SURFACE_STYLE_USAGE(.BOTH.,#5154);
#4901=SURFACE_STYLE_USAGE(.BOTH.,#5155);
#4902=SURFACE_STYLE_USAGE(.BOTH.,#5156);
#4903=SURFACE_STYLE_USAGE(.BOTH.,#5157);
#4904=SURFACE_STYLE_USAGE(.BOTH.,#5158);
#4905=SURFACE_STYLE_USAGE(.BOTH.,#5159);
#4906=SURFACE_STYLE_USAGE(.BOTH.,#5160);
#4907=SURFACE_STYLE_USAGE(.BOTH.,#5161);
#4908=SURFACE_STYLE_USAGE(.BOTH.,#5162);
#4909=SURFACE_STYLE_USAGE(.BOTH.,#5163);
#4910=SURFACE_STYLE_USAGE(.BOTH.,#5164);
#4911=SURFACE_STYLE_USAGE(.BOTH.,#5165);
#4912=SURFACE_STYLE_USAGE(.BOTH.,#5166);
#4913=SURFACE_STYLE_USAGE(.BOTH.,#5167);
#4914=SURFACE_STYLE_USAGE(.BOTH.,#5168);
#4915=SURFACE_STYLE_USAGE(.BOTH.,#5169);
#4916=SURFACE_STYLE_USAGE(.BOTH.,#5170);
#4917=SURFACE_STYLE_USAGE(.BOTH.,#5171);
#4918=SURFACE_STYLE_USAGE(.BOTH.,#5172);
#4919=SURFACE_STYLE_USAGE(.BOTH.,#5173);
#4920=SURFACE_STYLE_USAGE(.BOTH.,#5174);
#4921=SURFACE_STYLE_USAGE(.BOTH.,#5175);
#4922=SURFACE_STYLE_USAGE(.BOTH.,#5176);
#4923=SURFACE_STYLE_USAGE(.BOTH.,#5177);
#4924=SURFACE_STYLE_USAGE(.BOTH.,#5178);
#4925=SURFACE_STYLE_USAGE(.BOTH.,#5179);
#4926=SURFACE_STYLE_USAGE(.BOTH.,#5180);
#4927=SURFACE_STYLE_USAGE(.BOTH.,#5181);
#4928=SURFACE_STYLE_USAGE(.BOTH.,#5182);
#4929=SURFACE_STYLE_USAGE(.BOTH.,#5183);
#4930=SURFACE_STYLE_USAGE(.BOTH.,#5184);
#4931=SURFACE_STYLE_USAGE(.BOTH.,#5185);
#4932=SURFACE_STYLE_USAGE(.BOTH.,#5186);
#4933=SURFACE_STYLE_USAGE(.BOTH.,#5187);
#4934=SURFACE_STYLE_USAGE(.BOTH.,#5188);
#4935=SURFACE_STYLE_USAGE(.BOTH.,#5189);
#4936=SURFACE_STYLE_USAGE(.BOTH.,#5190);
#4937=SURFACE_STYLE_USAGE(.BOTH.,#5191);
#4938=SURFACE_STYLE_USAGE(.BOTH.,#5192);
#4939=SURFACE_STYLE_USAGE(.BOTH.,#5193);
#4940=SURFACE_STYLE_USAGE(.BOTH.,#5194);
#4941=SURFACE_STYLE_USAGE(.BOTH.,#5195);
#4942=SURFACE_STYLE_USAGE(.BOTH.,#5196);
#4943=SURFACE_STYLE_USAGE(.BOTH.,#5197);
#4944=SURFACE_STYLE_USAGE(.BOTH.,#5198);
#4945=SURFACE_STYLE_USAGE(.BOTH.,#5199);
#4946=SURFACE_STYLE_USAGE(.BOTH.,#5200);
#4947=SURFACE_STYLE_USAGE(.BOTH.,#5201);
#4948=SURFACE_STYLE_USAGE(.BOTH.,#5202);
#4949=SURFACE_STYLE_USAGE(.BOTH.,#5203);
#4950=SURFACE_STYLE_USAGE(.BOTH.,#5204);
#4951=SURFACE_STYLE_USAGE(.BOTH.,#5205);
#4952=SURFACE_STYLE_USAGE(.BOTH.,#5206);
#4953=SURFACE_STYLE_USAGE(.BOTH.,#5207);
#4954=SURFACE_STYLE_USAGE(.BOTH.,#5208);
#4955=SURFACE_STYLE_USAGE(.BOTH.,#5209);
#4956=SURFACE_STYLE_USAGE(.BOTH.,#5210);
#4957=SURFACE_STYLE_USAGE(.BOTH.,#5211);
#4958=SURFACE_STYLE_USAGE(.BOTH.,#5212);
#4959=SURFACE_STYLE_USAGE(.BOTH.,#5213);
#4960=SURFACE_STYLE_USAGE(.BOTH.,#5214);
#4961=SURFACE_STYLE_USAGE(.BOTH.,#5215);
#4962=SURFACE_STYLE_USAGE(.BOTH.,#5216);
#4963=SURFACE_STYLE_USAGE(.BOTH.,#5217);
#4964=SURFACE_STYLE_USAGE(.BOTH.,#5218);
#4965=SURFACE_STYLE_USAGE(.BOTH.,#5219);
#4966=SURFACE_STYLE_USAGE(.BOTH.,#5220);
#4967=SURFACE_STYLE_USAGE(.BOTH.,#5221);
#4968=SURFACE_STYLE_USAGE(.BOTH.,#5222);
#4969=SURFACE_STYLE_USAGE(.BOTH.,#5223);
#4970=SURFACE_STYLE_USAGE(.BOTH.,#5224);
#4971=SURFACE_STYLE_USAGE(.BOTH.,#5225);
#4972=SURFACE_STYLE_USAGE(.BOTH.,#5226);
#4973=SURFACE_STYLE_USAGE(.BOTH.,#5227);
#4974=SURFACE_STYLE_USAGE(.BOTH.,#5228);
#4975=SURFACE_STYLE_USAGE(.BOTH.,#5229);
#4976=SURFACE_STYLE_USAGE(.BOTH.,#5230);
#4977=SURFACE_STYLE_USAGE(.BOTH.,#5231);
#4978=SURFACE_STYLE_USAGE(.BOTH.,#5232);
#4979=SURFACE_STYLE_USAGE(.BOTH.,#5233);
#4980=SURFACE_STYLE_USAGE(.BOTH.,#5234);
#4981=SURFACE_STYLE_USAGE(.BOTH.,#5235);
#4982=SURFACE_STYLE_USAGE(.BOTH.,#5236);
#4983=SURFACE_STYLE_USAGE(.BOTH.,#5237);
#4984=SURFACE_STYLE_USAGE(.BOTH.,#5238);
#4985=SURFACE_STYLE_USAGE(.BOTH.,#5239);
#4986=SURFACE_STYLE_USAGE(.BOTH.,#5240);
#4987=SURFACE_STYLE_USAGE(.BOTH.,#5241);
#4988=SURFACE_STYLE_USAGE(.BOTH.,#5242);
#4989=SURFACE_STYLE_USAGE(.BOTH.,#5243);
#4990=SURFACE_STYLE_USAGE(.BOTH.,#5244);
#4991=SURFACE_STYLE_USAGE(.BOTH.,#5245);
#4992=SURFACE_STYLE_USAGE(.BOTH.,#5246);
#4993=SURFACE_STYLE_USAGE(.BOTH.,#5247);
#4994=SURFACE_STYLE_USAGE(.BOTH.,#5248);
#4995=SURFACE_STYLE_USAGE(.BOTH.,#5249);
#4996=SURFACE_STYLE_USAGE(.BOTH.,#5250);
#4997=SURFACE_STYLE_USAGE(.BOTH.,#5251);
#4998=SURFACE_STYLE_USAGE(.BOTH.,#5252);
#4999=SURFACE_STYLE_USAGE(.BOTH.,#5253);
#5000=SURFACE_STYLE_USAGE(.BOTH.,#5254);
#5001=SURFACE_STYLE_USAGE(.BOTH.,#5255);
#5002=SURFACE_STYLE_USAGE(.BOTH.,#5256);
#5003=SURFACE_STYLE_USAGE(.BOTH.,#5257);
#5004=SURFACE_STYLE_USAGE(.BOTH.,#5258);
#5005=SURFACE_STYLE_USAGE(.BOTH.,#5259);
#5006=SURFACE_STYLE_USAGE(.BOTH.,#5260);
#5007=SURFACE_STYLE_USAGE(.BOTH.,#5261);
#5008=SURFACE_STYLE_USAGE(.BOTH.,#5262);
#5009=SURFACE_STYLE_USAGE(.BOTH.,#5263);
#5010=SURFACE_STYLE_USAGE(.BOTH.,#5264);
#5011=SURFACE_STYLE_USAGE(.BOTH.,#5265);
#5012=SURFACE_STYLE_USAGE(.BOTH.,#5266);
#5013=SURFACE_STYLE_USAGE(.BOTH.,#5267);
#5014=SURFACE_STYLE_USAGE(.BOTH.,#5268);
#5015=SURFACE_STYLE_USAGE(.BOTH.,#5269);
#5016=SURFACE_STYLE_USAGE(.BOTH.,#5270);
#5017=SURFACE_STYLE_USAGE(.BOTH.,#5271);
#5018=SURFACE_STYLE_USAGE(.BOTH.,#5272);
#5019=SURFACE_STYLE_USAGE(.BOTH.,#5273);
#5020=SURFACE_STYLE_USAGE(.BOTH.,#5274);
#5021=SURFACE_STYLE_USAGE(.BOTH.,#5275);
#5022=SURFACE_STYLE_USAGE(.BOTH.,#5276);
#5023=SURFACE_STYLE_USAGE(.BOTH.,#5277);
#5024=SURFACE_STYLE_USAGE(.BOTH.,#5278);
#5025=SURFACE_STYLE_USAGE(.BOTH.,#5279);
#5026=SURFACE_STYLE_USAGE(.BOTH.,#5280);
#5027=SURFACE_STYLE_USAGE(.BOTH.,#5281);
#5028=SURFACE_STYLE_USAGE(.BOTH.,#5282);
#5029=SURFACE_STYLE_USAGE(.BOTH.,#5283);
#5030=SURFACE_STYLE_USAGE(.BOTH.,#5284);
#5031=SURFACE_STYLE_USAGE(.BOTH.,#5285);
#5032=SURFACE_STYLE_USAGE(.BOTH.,#5286);
#5033=SURFACE_STYLE_USAGE(.BOTH.,#5287);
#5034=SURFACE_STYLE_USAGE(.BOTH.,#5288);
#5035=SURFACE_STYLE_USAGE(.BOTH.,#5289);
#5036=SURFACE_STYLE_USAGE(.BOTH.,#5290);
#5037=SURFACE_STYLE_USAGE(.BOTH.,#5291);
#5038=SURFACE_STYLE_USAGE(.BOTH.,#5292);
#5039=SURFACE_STYLE_USAGE(.BOTH.,#5293);
#5040=SURFACE_STYLE_USAGE(.BOTH.,#5294);
#5041=SURFACE_STYLE_USAGE(.BOTH.,#5295);
#5042=SURFACE_STYLE_USAGE(.BOTH.,#5296);
#5043=SURFACE_STYLE_USAGE(.BOTH.,#5297);
#5044=SURFACE_STYLE_USAGE(.BOTH.,#5298);
#5045=SURFACE_STYLE_USAGE(.BOTH.,#5299);
#5046=SURFACE_STYLE_USAGE(.BOTH.,#5300);
#5047=SURFACE_STYLE_USAGE(.BOTH.,#5301);
#5048=SURFACE_STYLE_USAGE(.BOTH.,#5302);
#5049=SURFACE_STYLE_USAGE(.BOTH.,#5303);
#5050=SURFACE_STYLE_USAGE(.BOTH.,#5304);
#5051=SURFACE_STYLE_USAGE(.BOTH.,#5305);
#5052=SURFACE_STYLE_USAGE(.BOTH.,#5306);
#5053=SURFACE_STYLE_USAGE(.BOTH.,#5307);
#5054=SURFACE_STYLE_USAGE(.BOTH.,#5308);
#5055=SURFACE_STYLE_USAGE(.BOTH.,#5309);
#5056=SURFACE_STYLE_USAGE(.BOTH.,#5310);
#5057=SURFACE_STYLE_USAGE(.BOTH.,#5311);
#5058=SURFACE_STYLE_USAGE(.BOTH.,#5312);
#5059=SURFACE_STYLE_USAGE(.BOTH.,#5313);
#5060=SURFACE_STYLE_USAGE(.BOTH.,#5314);
#5061=SURFACE_STYLE_USAGE(.BOTH.,#5315);
#5062=SURFACE_STYLE_USAGE(.BOTH.,#5316);
#5063=SURFACE_STYLE_USAGE(.BOTH.,#5317);
#5064=SURFACE_STYLE_USAGE(.BOTH.,#5318);
#5065=SURFACE_STYLE_USAGE(.BOTH.,#5319);
#5066=SURFACE_STYLE_USAGE(.BOTH.,#5320);
#5067=SURFACE_STYLE_USAGE(.BOTH.,#5321);
#5068=SURFACE_STYLE_USAGE(.BOTH.,#5322);
#5069=SURFACE_STYLE_USAGE(.BOTH.,#5323);
#5070=SURFACE_STYLE_USAGE(.BOTH.,#5324);
#5071=SURFACE_STYLE_USAGE(.BOTH.,#5325);
#5072=SURFACE_STYLE_USAGE(.BOTH.,#5326);
#5073=SURFACE_STYLE_USAGE(.BOTH.,#5327);
#5074=SURFACE_STYLE_USAGE(.BOTH.,#5328);
#5075=SURFACE_STYLE_USAGE(.BOTH.,#5329);
#5076=SURFACE_STYLE_USAGE(.BOTH.,#5330);
#5077=SURFACE_STYLE_USAGE(.BOTH.,#5331);
#5078=SURFACE_STYLE_USAGE(.BOTH.,#5332);
#5079=SURFACE_STYLE_USAGE(.BOTH.,#5333);
#5080=SURFACE_STYLE_USAGE(.BOTH.,#5334);
#5081=SURFACE_STYLE_USAGE(.BOTH.,#5335);
#5082=SURFACE_STYLE_USAGE(.BOTH.,#5336);
#5083=SURFACE_STYLE_USAGE(.BOTH.,#5337);
#5084=SURFACE_STYLE_USAGE(.BOTH.,#5338);
#5085=SURFACE_STYLE_USAGE(.BOTH.,#5339);
#5086=SURFACE_STYLE_USAGE(.BOTH.,#5340);
#5087=SURFACE_STYLE_USAGE(.BOTH.,#5341);
#5088=SURFACE_STYLE_USAGE(.BOTH.,#5342);
#5089=SURFACE_STYLE_USAGE(.BOTH.,#5343);
#5090=SURFACE_STYLE_USAGE(.BOTH.,#5344);
#5091=SURFACE_STYLE_USAGE(.BOTH.,#5345);
#5092=SURFACE_STYLE_USAGE(.BOTH.,#5346);
#5093=SURFACE_STYLE_USAGE(.BOTH.,#5347);
#5094=SURFACE_STYLE_USAGE(.BOTH.,#5348);
#5095=SURFACE_STYLE_USAGE(.BOTH.,#5349);
#5096=SURFACE_STYLE_USAGE(.BOTH.,#5350);
#5097=SURFACE_STYLE_USAGE(.BOTH.,#5351);
#5098=SURFACE_STYLE_USAGE(.BOTH.,#5352);
#5099=SURFACE_STYLE_USAGE(.BOTH.,#5353);
#5100=SURFACE_STYLE_USAGE(.BOTH.,#5354);
#5101=SURFACE_STYLE_USAGE(.BOTH.,#5355);
#5102=SURFACE_STYLE_USAGE(.BOTH.,#5356);
#5103=SURFACE_STYLE_USAGE(.BOTH.,#5357);
#5104=SURFACE_STYLE_USAGE(.BOTH.,#5358);
#5105=SURFACE_STYLE_USAGE(.BOTH.,#5359);
#5106=SURFACE_STYLE_USAGE(.BOTH.,#5360);
#5107=SURFACE_STYLE_USAGE(.BOTH.,#5361);
#5108=SURFACE_STYLE_USAGE(.BOTH.,#5362);
#5109=SURFACE_STYLE_USAGE(.BOTH.,#5363);
#5110=SURFACE_STYLE_USAGE(.BOTH.,#5364);
#5111=SURFACE_STYLE_USAGE(.BOTH.,#5365);
#5112=SURFACE_STYLE_USAGE(.BOTH.,#5366);
#5113=SURFACE_SIDE_STYLE('',(#5367));
#5114=SURFACE_SIDE_STYLE('',(#5368));
#5115=SURFACE_SIDE_STYLE('',(#5369));
#5116=SURFACE_SIDE_STYLE('',(#5370));
#5117=SURFACE_SIDE_STYLE('',(#5371));
#5118=SURFACE_SIDE_STYLE('',(#5372));
#5119=SURFACE_SIDE_STYLE('',(#5373));
#5120=SURFACE_SIDE_STYLE('',(#5374));
#5121=SURFACE_SIDE_STYLE('',(#5375));
#5122=SURFACE_SIDE_STYLE('',(#5376));
#5123=SURFACE_SIDE_STYLE('',(#5377));
#5124=SURFACE_SIDE_STYLE('',(#5378));
#5125=SURFACE_SIDE_STYLE('',(#5379));
#5126=SURFACE_SIDE_STYLE('',(#5380));
#5127=SURFACE_SIDE_STYLE('',(#5381));
#5128=SURFACE_SIDE_STYLE('',(#5382));
#5129=SURFACE_SIDE_STYLE('',(#5383));
#5130=SURFACE_SIDE_STYLE('',(#5384));
#5131=SURFACE_SIDE_STYLE('',(#5385));
#5132=SURFACE_SIDE_STYLE('',(#5386));
#5133=SURFACE_SIDE_STYLE('',(#5387));
#5134=SURFACE_SIDE_STYLE('',(#5388));
#5135=SURFACE_SIDE_STYLE('',(#5389));
#5136=SURFACE_SIDE_STYLE('',(#5390));
#5137=SURFACE_SIDE_STYLE('',(#5391));
#5138=SURFACE_SIDE_STYLE('',(#5392));
#5139=SURFACE_SIDE_STYLE('',(#5393));
#5140=SURFACE_SIDE_STYLE('',(#5394));
#5141=SURFACE_SIDE_STYLE('',(#5395));
#5142=SURFACE_SIDE_STYLE('',(#5396));
#5143=SURFACE_SIDE_STYLE('',(#5397));
#5144=SURFACE_SIDE_STYLE('',(#5398));
#5145=SURFACE_SIDE_STYLE('',(#5399));
#5146=SURFACE_SIDE_STYLE('',(#5400));
#5147=SURFACE_SIDE_STYLE('',(#5401));
#5148=SURFACE_SIDE_STYLE('',(#5402));
#5149=SURFACE_SIDE_STYLE('',(#5403));
#5150=SURFACE_SIDE_STYLE('',(#5404));
#5151=SURFACE_SIDE_STYLE('',(#5405));
#5152=SURFACE_SIDE_STYLE('',(#5406));
#5153=SURFACE_SIDE_STYLE('',(#5407));
#5154=SURFACE_SIDE_STYLE('',(#5408));
#5155=SURFACE_SIDE_STYLE('',(#5409));
#5156=SURFACE_SIDE_STYLE('',(#5410));
#5157=SURFACE_SIDE_STYLE('',(#5411));
#5158=SURFACE_SIDE_STYLE('',(#5412));
#5159=SURFACE_SIDE_STYLE('',(#5413));
#5160=SURFACE_SIDE_STYLE('',(#5414));
#5161=SURFACE_SIDE_STYLE('',(#5415));
#5162=SURFACE_SIDE_STYLE('',(#5416));
#5163=SURFACE_SIDE_STYLE('',(#5417));
#5164=SURFACE_SIDE_STYLE('',(#5418));
#5165=SURFACE_SIDE_STYLE('',(#5419));
#5166=SURFACE_SIDE_STYLE('',(#5420));
#5167=SURFACE_SIDE_STYLE('',(#5421));
#5168=SURFACE_SIDE_STYLE('',(#5422));
#5169=SURFACE_SIDE_STYLE('',(#5423));
#5170=SURFACE_SIDE_STYLE('',(#5424));
#5171=SURFACE_SIDE_STYLE('',(#5425));
#5172=SURFACE_SIDE_STYLE('',(#5426));
#5173=SURFACE_SIDE_STYLE('',(#5427));
#5174=SURFACE_SIDE_STYLE('',(#5428));
#5175=SURFACE_SIDE_STYLE('',(#5429));
#5176=SURFACE_SIDE_STYLE('',(#5430));
#5177=SURFACE_SIDE_STYLE('',(#5431));
#5178=SURFACE_SIDE_STYLE('',(#5432));
#5179=SURFACE_SIDE_STYLE('',(#5433));
#5180=SURFACE_SIDE_STYLE('',(#5434));
#5181=SURFACE_SIDE_STYLE('',(#5435));
#5182=SURFACE_SIDE_STYLE('',(#5436));
#5183=SURFACE_SIDE_STYLE('',(#5437));
#5184=SURFACE_SIDE_STYLE('',(#5438));
#5185=SURFACE_SIDE_STYLE('',(#5439));
#5186=SURFACE_SIDE_STYLE('',(#5440));
#5187=SURFACE_SIDE_STYLE('',(#5441));
#5188=SURFACE_SIDE_STYLE('',(#5442));
#5189=SURFACE_SIDE_STYLE('',(#5443));
#5190=SURFACE_SIDE_STYLE('',(#5444));
#5191=SURFACE_SIDE_STYLE('',(#5445));
#5192=SURFACE_SIDE_STYLE('',(#5446));
#5193=SURFACE_SIDE_STYLE('',(#5447));
#5194=SURFACE_SIDE_STYLE('',(#5448));
#5195=SURFACE_SIDE_STYLE('',(#5449));
#5196=SURFACE_SIDE_STYLE('',(#5450));
#5197=SURFACE_SIDE_STYLE('',(#5451));
#5198=SURFACE_SIDE_STYLE('',(#5452));
#5199=SURFACE_SIDE_STYLE('',(#5453));
#5200=SURFACE_SIDE_STYLE('',(#5454));
#5201=SURFACE_SIDE_STYLE('',(#5455));
#5202=SURFACE_SIDE_STYLE('',(#5456));
#5203=SURFACE_SIDE_STYLE('',(#5457));
#5204=SURFACE_SIDE_STYLE('',(#5458));
#5205=SURFACE_SIDE_STYLE('',(#5459));
#5206=SURFACE_SIDE_STYLE('',(#5460));
#5207=SURFACE_SIDE_STYLE('',(#5461));
#5208=SURFACE_SIDE_STYLE('',(#5462));
#5209=SURFACE_SIDE_STYLE('',(#5463));
#5210=SURFACE_SIDE_STYLE('',(#5464));
#5211=SURFACE_SIDE_STYLE('',(#5465));
#5212=SURFACE_SIDE_STYLE('',(#5466));
#5213=SURFACE_SIDE_STYLE('',(#5467));
#5214=SURFACE_SIDE_STYLE('',(#5468));
#5215=SURFACE_SIDE_STYLE('',(#5469));
#5216=SURFACE_SIDE_STYLE('',(#5470));
#5217=SURFACE_SIDE_STYLE('',(#5471));
#5218=SURFACE_SIDE_STYLE('',(#5472));
#5219=SURFACE_SIDE_STYLE('',(#5473));
#5220=SURFACE_SIDE_STYLE('',(#5474));
#5221=SURFACE_SIDE_STYLE('',(#5475));
#5222=SURFACE_SIDE_STYLE('',(#5476));
#5223=SURFACE_SIDE_STYLE('',(#5477));
#5224=SURFACE_SIDE_STYLE('',(#5478));
#5225=SURFACE_SIDE_STYLE('',(#5479));
#5226=SURFACE_SIDE_STYLE('',(#5480));
#5227=SURFACE_SIDE_STYLE('',(#5481));
#5228=SURFACE_SIDE_STYLE('',(#5482));
#5229=SURFACE_SIDE_STYLE('',(#5483));
#5230=SURFACE_SIDE_STYLE('',(#5484));
#5231=SURFACE_SIDE_STYLE('',(#5485));
#5232=SURFACE_SIDE_STYLE('',(#5486));
#5233=SURFACE_SIDE_STYLE('',(#5487));
#5234=SURFACE_SIDE_STYLE('',(#5488));
#5235=SURFACE_SIDE_STYLE('',(#5489));
#5236=SURFACE_SIDE_STYLE('',(#5490));
#5237=SURFACE_SIDE_STYLE('',(#5491));
#5238=SURFACE_SIDE_STYLE('',(#5492));
#5239=SURFACE_SIDE_STYLE('',(#5493));
#5240=SURFACE_SIDE_STYLE('',(#5494));
#5241=SURFACE_SIDE_STYLE('',(#5495));
#5242=SURFACE_SIDE_STYLE('',(#5496));
#5243=SURFACE_SIDE_STYLE('',(#5497));
#5244=SURFACE_SIDE_STYLE('',(#5498));
#5245=SURFACE_SIDE_STYLE('',(#5499));
#5246=SURFACE_SIDE_STYLE('',(#5500));
#5247=SURFACE_SIDE_STYLE('',(#5501));
#5248=SURFACE_SIDE_STYLE('',(#5502));
#5249=SURFACE_SIDE_STYLE('',(#5503));
#5250=SURFACE_SIDE_STYLE('',(#5504));
#5251=SURFACE_SIDE_STYLE('',(#5505));
#5252=SURFACE_SIDE_STYLE('',(#5506));
#5253=SURFACE_SIDE_STYLE('',(#5507));
#5254=SURFACE_SIDE_STYLE('',(#5508));
#5255=SURFACE_SIDE_STYLE('',(#5509));
#5256=SURFACE_SIDE_STYLE('',(#5510));
#5257=SURFACE_SIDE_STYLE('',(#5511));
#5258=SURFACE_SIDE_STYLE('',(#5512));
#5259=SURFACE_SIDE_STYLE('',(#5513));
#5260=SURFACE_SIDE_STYLE('',(#5514));
#5261=SURFACE_SIDE_STYLE('',(#5515));
#5262=SURFACE_SIDE_STYLE('',(#5516));
#5263=SURFACE_SIDE_STYLE('',(#5517));
#5264=SURFACE_SIDE_STYLE('',(#5518));
#5265=SURFACE_SIDE_STYLE('',(#5519));
#5266=SURFACE_SIDE_STYLE('',(#5520));
#5267=SURFACE_SIDE_STYLE('',(#5521));
#5268=SURFACE_SIDE_STYLE('',(#5522));
#5269=SURFACE_SIDE_STYLE('',(#5523));
#5270=SURFACE_SIDE_STYLE('',(#5524));
#5271=SURFACE_SIDE_STYLE('',(#5525));
#5272=SURFACE_SIDE_STYLE('',(#5526));
#5273=SURFACE_SIDE_STYLE('',(#5527));
#5274=SURFACE_SIDE_STYLE('',(#5528));
#5275=SURFACE_SIDE_STYLE('',(#5529));
#5276=SURFACE_SIDE_STYLE('',(#5530));
#5277=SURFACE_SIDE_STYLE('',(#5531));
#5278=SURFACE_SIDE_STYLE('',(#5532));
#5279=SURFACE_SIDE_STYLE('',(#5533));
#5280=SURFACE_SIDE_STYLE('',(#5534));
#5281=SURFACE_SIDE_STYLE('',(#5535));
#5282=SURFACE_SIDE_STYLE('',(#5536));
#5283=SURFACE_SIDE_STYLE('',(#5537));
#5284=SURFACE_SIDE_STYLE('',(#5538));
#5285=SURFACE_SIDE_STYLE('',(#5539));
#5286=SURFACE_SIDE_STYLE('',(#5540));
#5287=SURFACE_SIDE_STYLE('',(#5541));
#5288=SURFACE_SIDE_STYLE('',(#5542));
#5289=SURFACE_SIDE_STYLE('',(#5543));
#5290=SURFACE_SIDE_STYLE('',(#5544));
#5291=SURFACE_SIDE_STYLE('',(#5545));
#5292=SURFACE_SIDE_STYLE('',(#5546));
#5293=SURFACE_SIDE_STYLE('',(#5547));
#5294=SURFACE_SIDE_STYLE('',(#5548));
#5295=SURFACE_SIDE_STYLE('',(#5549));
#5296=SURFACE_SIDE_STYLE('',(#5550));
#5297=SURFACE_SIDE_STYLE('',(#5551));
#5298=SURFACE_SIDE_STYLE('',(#5552));
#5299=SURFACE_SIDE_STYLE('',(#5553));
#5300=SURFACE_SIDE_STYLE('',(#5554));
#5301=SURFACE_SIDE_STYLE('',(#5555));
#5302=SURFACE_SIDE_STYLE('',(#5556));
#5303=SURFACE_SIDE_STYLE('',(#5557));
#5304=SURFACE_SIDE_STYLE('',(#5558));
#5305=SURFACE_SIDE_STYLE('',(#5559));
#5306=SURFACE_SIDE_STYLE('',(#5560));
#5307=SURFACE_SIDE_STYLE('',(#5561));
#5308=SURFACE_SIDE_STYLE('',(#5562));
#5309=SURFACE_SIDE_STYLE('',(#5563));
#5310=SURFACE_SIDE_STYLE('',(#5564));
#5311=SURFACE_SIDE_STYLE('',(#5565));
#5312=SURFACE_SIDE_STYLE('',(#5566));
#5313=SURFACE_SIDE_STYLE('',(#5567));
#5314=SURFACE_SIDE_STYLE('',(#5568));
#5315=SURFACE_SIDE_STYLE('',(#5569));
#5316=SURFACE_SIDE_STYLE('',(#5570));
#5317=SURFACE_SIDE_STYLE('',(#5571));
#5318=SURFACE_SIDE_STYLE('',(#5572));
#5319=SURFACE_SIDE_STYLE('',(#5573));
#5320=SURFACE_SIDE_STYLE('',(#5574));
#5321=SURFACE_SIDE_STYLE('',(#5575));
#5322=SURFACE_SIDE_STYLE('',(#5576));
#5323=SURFACE_SIDE_STYLE('',(#5577));
#5324=SURFACE_SIDE_STYLE('',(#5578));
#5325=SURFACE_SIDE_STYLE('',(#5579));
#5326=SURFACE_SIDE_STYLE('',(#5580));
#5327=SURFACE_SIDE_STYLE('',(#5581));
#5328=SURFACE_SIDE_STYLE('',(#5582));
#5329=SURFACE_SIDE_STYLE('',(#5583));
#5330=SURFACE_SIDE_STYLE('',(#5584));
#5331=SURFACE_SIDE_STYLE('',(#5585));
#5332=SURFACE_SIDE_STYLE('',(#5586));
#5333=SURFACE_SIDE_STYLE('',(#5587));
#5334=SURFACE_SIDE_STYLE('',(#5588));
#5335=SURFACE_SIDE_STYLE('',(#5589));
#5336=SURFACE_SIDE_STYLE('',(#5590));
#5337=SURFACE_SIDE_STYLE('',(#5591));
#5338=SURFACE_SIDE_STYLE('',(#5592));
#5339=SURFACE_SIDE_STYLE('',(#5593));
#5340=SURFACE_SIDE_STYLE('',(#5594));
#5341=SURFACE_SIDE_STYLE('',(#5595));
#5342=SURFACE_SIDE_STYLE('',(#5596));
#5343=SURFACE_SIDE_STYLE('',(#5597));
#5344=SURFACE_SIDE_STYLE('',(#5598));
#5345=SURFACE_SIDE_STYLE('',(#5599));
#5346=SURFACE_SIDE_STYLE('',(#5600));
#5347=SURFACE_SIDE_STYLE('',(#5601));
#5348=SURFACE_SIDE_STYLE('',(#5602));
#5349=SURFACE_SIDE_STYLE('',(#5603));
#5350=SURFACE_SIDE_STYLE('',(#5604));
#5351=SURFACE_SIDE_STYLE('',(#5605));
#5352=SURFACE_SIDE_STYLE('',(#5606));
#5353=SURFACE_SIDE_STYLE('',(#5607));
#5354=SURFACE_SIDE_STYLE('',(#5608));
#5355=SURFACE_SIDE_STYLE('',(#5609));
#5356=SURFACE_SIDE_STYLE('',(#5610));
#5357=SURFACE_SIDE_STYLE('',(#5611));
#5358=SURFACE_SIDE_STYLE('',(#5612));
#5359=SURFACE_SIDE_STYLE('',(#5613));
#5360=SURFACE_SIDE_STYLE('',(#5614));
#5361=SURFACE_SIDE_STYLE('',(#5615));
#5362=SURFACE_SIDE_STYLE('',(#5616));
#5363=SURFACE_SIDE_STYLE('',(#5617));
#5364=SURFACE_SIDE_STYLE('',(#5618));
#5365=SURFACE_SIDE_STYLE('',(#5619));
#5366=SURFACE_SIDE_STYLE('',(#5620));
#5367=SURFACE_STYLE_FILL_AREA(#5621);
#5368=SURFACE_STYLE_FILL_AREA(#5622);
#5369=SURFACE_STYLE_FILL_AREA(#5623);
#5370=SURFACE_STYLE_FILL_AREA(#5624);
#5371=SURFACE_STYLE_FILL_AREA(#5625);
#5372=SURFACE_STYLE_FILL_AREA(#5626);
#5373=SURFACE_STYLE_FILL_AREA(#5627);
#5374=SURFACE_STYLE_FILL_AREA(#5628);
#5375=SURFACE_STYLE_FILL_AREA(#5629);
#5376=SURFACE_STYLE_FILL_AREA(#5630);
#5377=SURFACE_STYLE_FILL_AREA(#5631);
#5378=SURFACE_STYLE_FILL_AREA(#5632);
#5379=SURFACE_STYLE_FILL_AREA(#5633);
#5380=SURFACE_STYLE_FILL_AREA(#5634);
#5381=SURFACE_STYLE_FILL_AREA(#5635);
#5382=SURFACE_STYLE_FILL_AREA(#5636);
#5383=SURFACE_STYLE_FILL_AREA(#5637);
#5384=SURFACE_STYLE_FILL_AREA(#5638);
#5385=SURFACE_STYLE_FILL_AREA(#5639);
#5386=SURFACE_STYLE_FILL_AREA(#5640);
#5387=SURFACE_STYLE_FILL_AREA(#5641);
#5388=SURFACE_STYLE_FILL_AREA(#5642);
#5389=SURFACE_STYLE_FILL_AREA(#5643);
#5390=SURFACE_STYLE_FILL_AREA(#5644);
#5391=SURFACE_STYLE_FILL_AREA(#5645);
#5392=SURFACE_STYLE_FILL_AREA(#5646);
#5393=SURFACE_STYLE_FILL_AREA(#5647);
#5394=SURFACE_STYLE_FILL_AREA(#5648);
#5395=SURFACE_STYLE_FILL_AREA(#5649);
#5396=SURFACE_STYLE_FILL_AREA(#5650);
#5397=SURFACE_STYLE_FILL_AREA(#5651);
#5398=SURFACE_STYLE_FILL_AREA(#5652);
#5399=SURFACE_STYLE_FILL_AREA(#5653);
#5400=SURFACE_STYLE_FILL_AREA(#5654);
#5401=SURFACE_STYLE_FILL_AREA(#5655);
#5402=SURFACE_STYLE_FILL_AREA(#5656);
#5403=SURFACE_STYLE_FILL_AREA(#5657);
#5404=SURFACE_STYLE_FILL_AREA(#5658);
#5405=SURFACE_STYLE_FILL_AREA(#5659);
#5406=SURFACE_STYLE_FILL_AREA(#5660);
#5407=SURFACE_STYLE_FILL_AREA(#5661);
#5408=SURFACE_STYLE_FILL_AREA(#5662);
#5409=SURFACE_STYLE_FILL_AREA(#5663);
#5410=SURFACE_STYLE_FILL_AREA(#5664);
#5411=SURFACE_STYLE_FILL_AREA(#5665);
#5412=SURFACE_STYLE_FILL_AREA(#5666);
#5413=SURFACE_STYLE_FILL_AREA(#5667);
#5414=SURFACE_STYLE_FILL_AREA(#5668);
#5415=SURFACE_STYLE_FILL_AREA(#5669);
#5416=SURFACE_STYLE_FILL_AREA(#5670);
#5417=SURFACE_STYLE_FILL_AREA(#5671);
#5418=SURFACE_STYLE_FILL_AREA(#5672);
#5419=SURFACE_STYLE_FILL_AREA(#5673);
#5420=SURFACE_STYLE_FILL_AREA(#5674);
#5421=SURFACE_STYLE_FILL_AREA(#5675);
#5422=SURFACE_STYLE_FILL_AREA(#5676);
#5423=SURFACE_STYLE_FILL_AREA(#5677);
#5424=SURFACE_STYLE_FILL_AREA(#5678);
#5425=SURFACE_STYLE_FILL_AREA(#5679);
#5426=SURFACE_STYLE_FILL_AREA(#5680);
#5427=SURFACE_STYLE_FILL_AREA(#5681);
#5428=SURFACE_STYLE_FILL_AREA(#5682);
#5429=SURFACE_STYLE_FILL_AREA(#5683);
#5430=SURFACE_STYLE_FILL_AREA(#5684);
#5431=SURFACE_STYLE_FILL_AREA(#5685);
#5432=SURFACE_STYLE_FILL_AREA(#5686);
#5433=SURFACE_STYLE_FILL_AREA(#5687);
#5434=SURFACE_STYLE_FILL_AREA(#5688);
#5435=SURFACE_STYLE_FILL_AREA(#5689);
#5436=SURFACE_STYLE_FILL_AREA(#5690);
#5437=SURFACE_STYLE_FILL_AREA(#5691);
#5438=SURFACE_STYLE_FILL_AREA(#5692);
#5439=SURFACE_STYLE_FILL_AREA(#5693);
#5440=SURFACE_STYLE_FILL_AREA(#5694);
#5441=SURFACE_STYLE_FILL_AREA(#5695);
#5442=SURFACE_STYLE_FILL_AREA(#5696);
#5443=SURFACE_STYLE_FILL_AREA(#5697);
#5444=SURFACE_STYLE_FILL_AREA(#5698);
#5445=SURFACE_STYLE_FILL_AREA(#5699);
#5446=SURFACE_STYLE_FILL_AREA(#5700);
#5447=SURFACE_STYLE_FILL_AREA(#5701);
#5448=SURFACE_STYLE_FILL_AREA(#5702);
#5449=SURFACE_STYLE_FILL_AREA(#5703);
#5450=SURFACE_STYLE_FILL_AREA(#5704);
#5451=SURFACE_STYLE_FILL_AREA(#5705);
#5452=SURFACE_STYLE_FILL_AREA(#5706);
#5453=SURFACE_STYLE_FILL_AREA(#5707);
#5454=SURFACE_STYLE_FILL_AREA(#5708);
#5455=SURFACE_STYLE_FILL_AREA(#5709);
#5456=SURFACE_STYLE_FILL_AREA(#5710);
#5457=SURFACE_STYLE_FILL_AREA(#5711);
#5458=SURFACE_STYLE_FILL_AREA(#5712);
#5459=SURFACE_STYLE_FILL_AREA(#5713);
#5460=SURFACE_STYLE_FILL_AREA(#5714);
#5461=SURFACE_STYLE_FILL_AREA(#5715);
#5462=SURFACE_STYLE_FILL_AREA(#5716);
#5463=SURFACE_STYLE_FILL_AREA(#5717);
#5464=SURFACE_STYLE_FILL_AREA(#5718);
#5465=SURFACE_STYLE_FILL_AREA(#5719);
#5466=SURFACE_STYLE_FILL_AREA(#5720);
#5467=SURFACE_STYLE_FILL_AREA(#5721);
#5468=SURFACE_STYLE_FILL_AREA(#5722);
#5469=SURFACE_STYLE_FILL_AREA(#5723);
#5470=SURFACE_STYLE_FILL_AREA(#5724);
#5471=SURFACE_STYLE_FILL_AREA(#5725);
#5472=SURFACE_STYLE_FILL_AREA(#5726);
#5473=SURFACE_STYLE_FILL_AREA(#5727);
#5474=SURFACE_STYLE_FILL_AREA(#5728);
#5475=SURFACE_STYLE_FILL_AREA(#5729);
#5476=SURFACE_STYLE_FILL_AREA(#5730);
#5477=SURFACE_STYLE_FILL_AREA(#5731);
#5478=SURFACE_STYLE_FILL_AREA(#5732);
#5479=SURFACE_STYLE_FILL_AREA(#5733);
#5480=SURFACE_STYLE_FILL_AREA(#5734);
#5481=SURFACE_STYLE_FILL_AREA(#5735);
#5482=SURFACE_STYLE_FILL_AREA(#5736);
#5483=SURFACE_STYLE_FILL_AREA(#5737);
#5484=SURFACE_STYLE_FILL_AREA(#5738);
#5485=SURFACE_STYLE_FILL_AREA(#5739);
#5486=SURFACE_STYLE_FILL_AREA(#5740);
#5487=SURFACE_STYLE_FILL_AREA(#5741);
#5488=SURFACE_STYLE_FILL_AREA(#5742);
#5489=SURFACE_STYLE_FILL_AREA(#5743);
#5490=SURFACE_STYLE_FILL_AREA(#5744);
#5491=SURFACE_STYLE_FILL_AREA(#5745);
#5492=SURFACE_STYLE_FILL_AREA(#5746);
#5493=SURFACE_STYLE_FILL_AREA(#5747);
#5494=SURFACE_STYLE_FILL_AREA(#5748);
#5495=SURFACE_STYLE_FILL_AREA(#5749);
#5496=SURFACE_STYLE_FILL_AREA(#5750);
#5497=SURFACE_STYLE_FILL_AREA(#5751);
#5498=SURFACE_STYLE_FILL_AREA(#5752);
#5499=SURFACE_STYLE_FILL_AREA(#5753);
#5500=SURFACE_STYLE_FILL_AREA(#5754);
#5501=SURFACE_STYLE_FILL_AREA(#5755);
#5502=SURFACE_STYLE_FILL_AREA(#5756);
#5503=SURFACE_STYLE_FILL_AREA(#5757);
#5504=SURFACE_STYLE_FILL_AREA(#5758);
#5505=SURFACE_STYLE_FILL_AREA(#5759);
#5506=SURFACE_STYLE_FILL_AREA(#5760);
#5507=SURFACE_STYLE_FILL_AREA(#5761);
#5508=SURFACE_STYLE_FILL_AREA(#5762);
#5509=SURFACE_STYLE_FILL_AREA(#5763);
#5510=SURFACE_STYLE_FILL_AREA(#5764);
#5511=SURFACE_STYLE_FILL_AREA(#5765);
#5512=SURFACE_STYLE_FILL_AREA(#5766);
#5513=SURFACE_STYLE_FILL_AREA(#5767);
#5514=SURFACE_STYLE_FILL_AREA(#5768);
#5515=SURFACE_STYLE_FILL_AREA(#5769);
#5516=SURFACE_STYLE_FILL_AREA(#5770);
#5517=SURFACE_STYLE_FILL_AREA(#5771);
#5518=SURFACE_STYLE_FILL_AREA(#5772);
#5519=SURFACE_STYLE_FILL_AREA(#5773);
#5520=SURFACE_STYLE_FILL_AREA(#5774);
#5521=SURFACE_STYLE_FILL_AREA(#5775);
#5522=SURFACE_STYLE_FILL_AREA(#5776);
#5523=SURFACE_STYLE_FILL_AREA(#5777);
#5524=SURFACE_STYLE_FILL_AREA(#5778);
#5525=SURFACE_STYLE_FILL_AREA(#5779);
#5526=SURFACE_STYLE_FILL_AREA(#5780);
#5527=SURFACE_STYLE_FILL_AREA(#5781);
#5528=SURFACE_STYLE_FILL_AREA(#5782);
#5529=SURFACE_STYLE_FILL_AREA(#5783);
#5530=SURFACE_STYLE_FILL_AREA(#5784);
#5531=SURFACE_STYLE_FILL_AREA(#5785);
#5532=SURFACE_STYLE_FILL_AREA(#5786);
#5533=SURFACE_STYLE_FILL_AREA(#5787);
#5534=SURFACE_STYLE_FILL_AREA(#5788);
#5535=SURFACE_STYLE_FILL_AREA(#5789);
#5536=SURFACE_STYLE_FILL_AREA(#5790);
#5537=SURFACE_STYLE_FILL_AREA(#5791);
#5538=SURFACE_STYLE_FILL_AREA(#5792);
#5539=SURFACE_STYLE_FILL_AREA(#5793);
#5540=SURFACE_STYLE_FILL_AREA(#5794);
#5541=SURFACE_STYLE_FILL_AREA(#5795);
#5542=SURFACE_STYLE_FILL_AREA(#5796);
#5543=SURFACE_STYLE_FILL_AREA(#5797);
#5544=SURFACE_STYLE_FILL_AREA(#5798);
#5545=SURFACE_STYLE_FILL_AREA(#5799);
#5546=SURFACE_STYLE_FILL_AREA(#5800);
#5547=SURFACE_STYLE_FILL_AREA(#5801);
#5548=SURFACE_STYLE_FILL_AREA(#5802);
#5549=SURFACE_STYLE_FILL_AREA(#5803);
#5550=SURFACE_STYLE_FILL_AREA(#5804);
#5551=SURFACE_STYLE_FILL_AREA(#5805);
#5552=SURFACE_STYLE_FILL_AREA(#5806);
#5553=SURFACE_STYLE_FILL_AREA(#5807);
#5554=SURFACE_STYLE_FILL_AREA(#5808);
#5555=SURFACE_STYLE_FILL_AREA(#5809);
#5556=SURFACE_STYLE_FILL_AREA(#5810);
#5557=SURFACE_STYLE_FILL_AREA(#5811);
#5558=SURFACE_STYLE_FILL_AREA(#5812);
#5559=SURFACE_STYLE_FILL_AREA(#5813);
#5560=SURFACE_STYLE_FILL_AREA(#5814);
#5561=SURFACE_STYLE_FILL_AREA(#5815);
#5562=SURFACE_STYLE_FILL_AREA(#5816);
#5563=SURFACE_STYLE_FILL_AREA(#5817);
#5564=SURFACE_STYLE_FILL_AREA(#5818);
#5565=SURFACE_STYLE_FILL_AREA(#5819);
#5566=SURFACE_STYLE_FILL_AREA(#5820);
#5567=SURFACE_STYLE_FILL_AREA(#5821);
#5568=SURFACE_STYLE_FILL_AREA(#5822);
#5569=SURFACE_STYLE_FILL_AREA(#5823);
#5570=SURFACE_STYLE_FILL_AREA(#5824);
#5571=SURFACE_STYLE_FILL_AREA(#5825);
#5572=SURFACE_STYLE_FILL_AREA(#5826);
#5573=SURFACE_STYLE_FILL_AREA(#5827);
#5574=SURFACE_STYLE_FILL_AREA(#5828);
#5575=SURFACE_STYLE_FILL_AREA(#5829);
#5576=SURFACE_STYLE_FILL_AREA(#5830);
#5577=SURFACE_STYLE_FILL_AREA(#5831);
#5578=SURFACE_STYLE_FILL_AREA(#5832);
#5579=SURFACE_STYLE_FILL_AREA(#5833);
#5580=SURFACE_STYLE_FILL_AREA(#5834);
#5581=SURFACE_STYLE_FILL_AREA(#5835);
#5582=SURFACE_STYLE_FILL_AREA(#5836);
#5583=SURFACE_STYLE_FILL_AREA(#5837);
#5584=SURFACE_STYLE_FILL_AREA(#5838);
#5585=SURFACE_STYLE_FILL_AREA(#5839);
#5586=SURFACE_STYLE_FILL_AREA(#5840);
#5587=SURFACE_STYLE_FILL_AREA(#5841);
#5588=SURFACE_STYLE_FILL_AREA(#5842);
#5589=SURFACE_STYLE_FILL_AREA(#5843);
#5590=SURFACE_STYLE_FILL_AREA(#5844);
#5591=SURFACE_STYLE_FILL_AREA(#5845);
#5592=SURFACE_STYLE_FILL_AREA(#5846);
#5593=SURFACE_STYLE_FILL_AREA(#5847);
#5594=SURFACE_STYLE_FILL_AREA(#5848);
#5595=SURFACE_STYLE_FILL_AREA(#5849);
#5596=SURFACE_STYLE_FILL_AREA(#5850);
#5597=SURFACE_STYLE_FILL_AREA(#5851);
#5598=SURFACE_STYLE_FILL_AREA(#5852);
#5599=SURFACE_STYLE_FILL_AREA(#5853);
#5600=SURFACE_STYLE_FILL_AREA(#5854);
#5601=SURFACE_STYLE_FILL_AREA(#5855);
#5602=SURFACE_STYLE_FILL_AREA(#5856);
#5603=SURFACE_STYLE_FILL_AREA(#5857);
#5604=SURFACE_STYLE_FILL_AREA(#5858);
#5605=SURFACE_STYLE_FILL_AREA(#5859);
#5606=SURFACE_STYLE_FILL_AREA(#5860);
#5607=SURFACE_STYLE_FILL_AREA(#5861);
#5608=SURFACE_STYLE_FILL_AREA(#5862);
#5609=SURFACE_STYLE_FILL_AREA(#5863);
#5610=SURFACE_STYLE_FILL_AREA(#5864);
#5611=SURFACE_STYLE_FILL_AREA(#5865);
#5612=SURFACE_STYLE_FILL_AREA(#5866);
#5613=SURFACE_STYLE_FILL_AREA(#5867);
#5614=SURFACE_STYLE_FILL_AREA(#5868);
#5615=SURFACE_STYLE_FILL_AREA(#5869);
#5616=SURFACE_STYLE_FILL_AREA(#5870);
#5617=SURFACE_STYLE_FILL_AREA(#5871);
#5618=SURFACE_STYLE_FILL_AREA(#5872);
#5619=SURFACE_STYLE_FILL_AREA(#5873);
#5620=SURFACE_STYLE_FILL_AREA(#5874);
#5621=FILL_AREA_STYLE('',(#5875));
#5622=FILL_AREA_STYLE('',(#5876));
#5623=FILL_AREA_STYLE('',(#5877));
#5624=FILL_AREA_STYLE('',(#5878));
#5625=FILL_AREA_STYLE('',(#5879));
#5626=FILL_AREA_STYLE('',(#5880));
#5627=FILL_AREA_STYLE('',(#5881));
#5628=FILL_AREA_STYLE('',(#5882));
#5629=FILL_AREA_STYLE('',(#5883));
#5630=FILL_AREA_STYLE('',(#5884));
#5631=FILL_AREA_STYLE('',(#5885));
#5632=FILL_AREA_STYLE('',(#5886));
#5633=FILL_AREA_STYLE('',(#5887));
#5634=FILL_AREA_STYLE('',(#5888));
#5635=FILL_AREA_STYLE('',(#5889));
#5636=FILL_AREA_STYLE('',(#5890));
#5637=FILL_AREA_STYLE('',(#5891));
#5638=FILL_AREA_STYLE('',(#5892));
#5639=FILL_AREA_STYLE('',(#5893));
#5640=FILL_AREA_STYLE('',(#5894));
#5641=FILL_AREA_STYLE('',(#5895));
#5642=FILL_AREA_STYLE('',(#5896));
#5643=FILL_AREA_STYLE('',(#5897));
#5644=FILL_AREA_STYLE('',(#5898));
#5645=FILL_AREA_STYLE('',(#5899));
#5646=FILL_AREA_STYLE('',(#5900));
#5647=FILL_AREA_STYLE('',(#5901));
#5648=FILL_AREA_STYLE('',(#5902));
#5649=FILL_AREA_STYLE('',(#5903));
#5650=FILL_AREA_STYLE('',(#5904));
#5651=FILL_AREA_STYLE('',(#5905));
#5652=FILL_AREA_STYLE('',(#5906));
#5653=FILL_AREA_STYLE('',(#5907));
#5654=FILL_AREA_STYLE('',(#5908));
#5655=FILL_AREA_STYLE('',(#5909));
#5656=FILL_AREA_STYLE('',(#5910));
#5657=FILL_AREA_STYLE('',(#5911));
#5658=FILL_AREA_STYLE('',(#5912));
#5659=FILL_AREA_STYLE('',(#5913));
#5660=FILL_AREA_STYLE('',(#5914));
#5661=FILL_AREA_STYLE('',(#5915));
#5662=FILL_AREA_STYLE('',(#5916));
#5663=FILL_AREA_STYLE('',(#5917));
#5664=FILL_AREA_STYLE('',(#5918));
#5665=FILL_AREA_STYLE('',(#5919));
#5666=FILL_AREA_STYLE('',(#5920));
#5667=FILL_AREA_STYLE('',(#5921));
#5668=FILL_AREA_STYLE('',(#5922));
#5669=FILL_AREA_STYLE('',(#5923));
#5670=FILL_AREA_STYLE('',(#5924));
#5671=FILL_AREA_STYLE('',(#5925));
#5672=FILL_AREA_STYLE('',(#5926));
#5673=FILL_AREA_STYLE('',(#5927));
#5674=FILL_AREA_STYLE('',(#5928));
#5675=FILL_AREA_STYLE('',(#5929));
#5676=FILL_AREA_STYLE('',(#5930));
#5677=FILL_AREA_STYLE('',(#5931));
#5678=FILL_AREA_STYLE('',(#5932));
#5679=FILL_AREA_STYLE('',(#5933));
#5680=FILL_AREA_STYLE('',(#5934));
#5681=FILL_AREA_STYLE('',(#5935));
#5682=FILL_AREA_STYLE('',(#5936));
#5683=FILL_AREA_STYLE('',(#5937));
#5684=FILL_AREA_STYLE('',(#5938));
#5685=FILL_AREA_STYLE('',(#5939));
#5686=FILL_AREA_STYLE('',(#5940));
#5687=FILL_AREA_STYLE('',(#5941));
#5688=FILL_AREA_STYLE('',(#5942));
#5689=FILL_AREA_STYLE('',(#5943));
#5690=FILL_AREA_STYLE('',(#5944));
#5691=FILL_AREA_STYLE('',(#5945));
#5692=FILL_AREA_STYLE('',(#5946));
#5693=FILL_AREA_STYLE('',(#5947));
#5694=FILL_AREA_STYLE('',(#5948));
#5695=FILL_AREA_STYLE('',(#5949));
#5696=FILL_AREA_STYLE('',(#5950));
#5697=FILL_AREA_STYLE('',(#5951));
#5698=FILL_AREA_STYLE('',(#5952));
#5699=FILL_AREA_STYLE('',(#5953));
#5700=FILL_AREA_STYLE('',(#5954));
#5701=FILL_AREA_STYLE('',(#5955));
#5702=FILL_AREA_STYLE('',(#5956));
#5703=FILL_AREA_STYLE('',(#5957));
#5704=FILL_AREA_STYLE('',(#5958));
#5705=FILL_AREA_STYLE('',(#5959));
#5706=FILL_AREA_STYLE('',(#5960));
#5707=FILL_AREA_STYLE('',(#5961));
#5708=FILL_AREA_STYLE('',(#5962));
#5709=FILL_AREA_STYLE('',(#5963));
#5710=FILL_AREA_STYLE('',(#5964));
#5711=FILL_AREA_STYLE('',(#5965));
#5712=FILL_AREA_STYLE('',(#5966));
#5713=FILL_AREA_STYLE('',(#5967));
#5714=FILL_AREA_STYLE('',(#5968));
#5715=FILL_AREA_STYLE('',(#5969));
#5716=FILL_AREA_STYLE('',(#5970));
#5717=FILL_AREA_STYLE('',(#5971));
#5718=FILL_AREA_STYLE('',(#5972));
#5719=FILL_AREA_STYLE('',(#5973));
#5720=FILL_AREA_STYLE('',(#5974));
#5721=FILL_AREA_STYLE('',(#5975));
#5722=FILL_AREA_STYLE('',(#5976));
#5723=FILL_AREA_STYLE('',(#5977));
#5724=FILL_AREA_STYLE('',(#5978));
#5725=FILL_AREA_STYLE('',(#5979));
#5726=FILL_AREA_STYLE('',(#5980));
#5727=FILL_AREA_STYLE('',(#5981));
#5728=FILL_AREA_STYLE('',(#5982));
#5729=FILL_AREA_STYLE('',(#5983));
#5730=FILL_AREA_STYLE('',(#5984));
#5731=FILL_AREA_STYLE('',(#5985));
#5732=FILL_AREA_STYLE('',(#5986));
#5733=FILL_AREA_STYLE('',(#5987));
#5734=FILL_AREA_STYLE('',(#5988));
#5735=FILL_AREA_STYLE('',(#5989));
#5736=FILL_AREA_STYLE('',(#5990));
#5737=FILL_AREA_STYLE('',(#5991));
#5738=FILL_AREA_STYLE('',(#5992));
#5739=FILL_AREA_STYLE('',(#5993));
#5740=FILL_AREA_STYLE('',(#5994));
#5741=FILL_AREA_STYLE('',(#5995));
#5742=FILL_AREA_STYLE('',(#5996));
#5743=FILL_AREA_STYLE('',(#5997));
#5744=FILL_AREA_STYLE('',(#5998));
#5745=FILL_AREA_STYLE('',(#5999));
#5746=FILL_AREA_STYLE('',(#6000));
#5747=FILL_AREA_STYLE('',(#6001));
#5748=FILL_AREA_STYLE('',(#6002));
#5749=FILL_AREA_STYLE('',(#6003));
#5750=FILL_AREA_STYLE('',(#6004));
#5751=FILL_AREA_STYLE('',(#6005));
#5752=FILL_AREA_STYLE('',(#6006));
#5753=FILL_AREA_STYLE('',(#6007));
#5754=FILL_AREA_STYLE('',(#6008));
#5755=FILL_AREA_STYLE('',(#6009));
#5756=FILL_AREA_STYLE('',(#6010));
#5757=FILL_AREA_STYLE('',(#6011));
#5758=FILL_AREA_STYLE('',(#6012));
#5759=FILL_AREA_STYLE('',(#6013));
#5760=FILL_AREA_STYLE('',(#6014));
#5761=FILL_AREA_STYLE('',(#6015));
#5762=FILL_AREA_STYLE('',(#6016));
#5763=FILL_AREA_STYLE('',(#6017));
#5764=FILL_AREA_STYLE('',(#6018));
#5765=FILL_AREA_STYLE('',(#6019));
#5766=FILL_AREA_STYLE('',(#6020));
#5767=FILL_AREA_STYLE('',(#6021));
#5768=FILL_AREA_STYLE('',(#6022));
#5769=FILL_AREA_STYLE('',(#6023));
#5770=FILL_AREA_STYLE('',(#6024));
#5771=FILL_AREA_STYLE('',(#6025));
#5772=FILL_AREA_STYLE('',(#6026));
#5773=FILL_AREA_STYLE('',(#6027));
#5774=FILL_AREA_STYLE('',(#6028));
#5775=FILL_AREA_STYLE('',(#6029));
#5776=FILL_AREA_STYLE('',(#6030));
#5777=FILL_AREA_STYLE('',(#6031));
#5778=FILL_AREA_STYLE('',(#6032));
#5779=FILL_AREA_STYLE('',(#6033));
#5780=FILL_AREA_STYLE('',(#6034));
#5781=FILL_AREA_STYLE('',(#6035));
#5782=FILL_AREA_STYLE('',(#6036));
#5783=FILL_AREA_STYLE('',(#6037));
#5784=FILL_AREA_STYLE('',(#6038));
#5785=FILL_AREA_STYLE('',(#6039));
#5786=FILL_AREA_STYLE('',(#6040));
#5787=FILL_AREA_STYLE('',(#6041));
#5788=FILL_AREA_STYLE('',(#6042));
#5789=FILL_AREA_STYLE('',(#6043));
#5790=FILL_AREA_STYLE('',(#6044));
#5791=FILL_AREA_STYLE('',(#6045));
#5792=FILL_AREA_STYLE('',(#6046));
#5793=FILL_AREA_STYLE('',(#6047));
#5794=FILL_AREA_STYLE('',(#6048));
#5795=FILL_AREA_STYLE('',(#6049));
#5796=FILL_AREA_STYLE('',(#6050));
#5797=FILL_AREA_STYLE('',(#6051));
#5798=FILL_AREA_STYLE('',(#6052));
#5799=FILL_AREA_STYLE('',(#6053));
#5800=FILL_AREA_STYLE('',(#6054));
#5801=FILL_AREA_STYLE('',(#6055));
#5802=FILL_AREA_STYLE('',(#6056));
#5803=FILL_AREA_STYLE('',(#6057));
#5804=FILL_AREA_STYLE('',(#6058));
#5805=FILL_AREA_STYLE('',(#6059));
#5806=FILL_AREA_STYLE('',(#6060));
#5807=FILL_AREA_STYLE('',(#6061));
#5808=FILL_AREA_STYLE('',(#6062));
#5809=FILL_AREA_STYLE('',(#6063));
#5810=FILL_AREA_STYLE('',(#6064));
#5811=FILL_AREA_STYLE('',(#6065));
#5812=FILL_AREA_STYLE('',(#6066));
#5813=FILL_AREA_STYLE('',(#6067));
#5814=FILL_AREA_STYLE('',(#6068));
#5815=FILL_AREA_STYLE('',(#6069));
#5816=FILL_AREA_STYLE('',(#6070));
#5817=FILL_AREA_STYLE('',(#6071));
#5818=FILL_AREA_STYLE('',(#6072));
#5819=FILL_AREA_STYLE('',(#6073));
#5820=FILL_AREA_STYLE('',(#6074));
#5821=FILL_AREA_STYLE('',(#6075));
#5822=FILL_AREA_STYLE('',(#6076));
#5823=FILL_AREA_STYLE('',(#6077));
#5824=FILL_AREA_STYLE('',(#6078));
#5825=FILL_AREA_STYLE('',(#6079));
#5826=FILL_AREA_STYLE('',(#6080));
#5827=FILL_AREA_STYLE('',(#6081));
#5828=FILL_AREA_STYLE('',(#6082));
#5829=FILL_AREA_STYLE('',(#6083));
#5830=FILL_AREA_STYLE('',(#6084));
#5831=FILL_AREA_STYLE('',(#6085));
#5832=FILL_AREA_STYLE('',(#6086));
#5833=FILL_AREA_STYLE('',(#6087));
#5834=FILL_AREA_STYLE('',(#6088));
#5835=FILL_AREA_STYLE('',(#6089));
#5836=FILL_AREA_STYLE('',(#6090));
#5837=FILL_AREA_STYLE('',(#6091));
#5838=FILL_AREA_STYLE('',(#6092));
#5839=FILL_AREA_STYLE('',(#6093));
#5840=FILL_AREA_STYLE('',(#6094));
#5841=FILL_AREA_STYLE('',(#6095));
#5842=FILL_AREA_STYLE('',(#6096));
#5843=FILL_AREA_STYLE('',(#6097));
#5844=FILL_AREA_STYLE('',(#6098));
#5845=FILL_AREA_STYLE('',(#6099));
#5846=FILL_AREA_STYLE('',(#6100));
#5847=FILL_AREA_STYLE('',(#6101));
#5848=FILL_AREA_STYLE('',(#6102));
#5849=FILL_AREA_STYLE('',(#6103));
#5850=FILL_AREA_STYLE('',(#6104));
#5851=FILL_AREA_STYLE('',(#6105));
#5852=FILL_AREA_STYLE('',(#6106));
#5853=FILL_AREA_STYLE('',(#6107));
#5854=FILL_AREA_STYLE('',(#6108));
#5855=FILL_AREA_STYLE('',(#6109));
#5856=FILL_AREA_STYLE('',(#6110));
#5857=FILL_AREA_STYLE('',(#6111));
#5858=FILL_AREA_STYLE('',(#6112));
#5859=FILL_AREA_STYLE('',(#6113));
#5860=FILL_AREA_STYLE('',(#6114));
#5861=FILL_AREA_STYLE('',(#6115));
#5862=FILL_AREA_STYLE('',(#6116));
#5863=FILL_AREA_STYLE('',(#6117));
#5864=FILL_AREA_STYLE('',(#6118));
#5865=FILL_AREA_STYLE('',(#6119));
#5866=FILL_AREA_STYLE('',(#6120));
#5867=FILL_AREA_STYLE('',(#6121));
#5868=FILL_AREA_STYLE('',(#6122));
#5869=FILL_AREA_STYLE('',(#6123));
#5870=FILL_AREA_STYLE('',(#6124));
#5871=FILL_AREA_STYLE('',(#6125));
#5872=FILL_AREA_STYLE('',(#6126));
#5873=FILL_AREA_STYLE('',(#6127));
#5874=FILL_AREA_STYLE('',(#6128));
#5875=FILL_AREA_STYLE_COLOUR('',#6129);
#5876=FILL_AREA_STYLE_COLOUR('',#6129);
#5877=FILL_AREA_STYLE_COLOUR('',#6129);
#5878=FILL_AREA_STYLE_COLOUR('',#6129);
#5879=FILL_AREA_STYLE_COLOUR('',#6129);
#5880=FILL_AREA_STYLE_COLOUR('',#6130);
#5881=FILL_AREA_STYLE_COLOUR('',#6129);
#5882=FILL_AREA_STYLE_COLOUR('',#6129);
#5883=FILL_AREA_STYLE_COLOUR('',#6129);
#5884=FILL_AREA_STYLE_COLOUR('',#6129);
#5885=FILL_AREA_STYLE_COLOUR('',#6129);
#5886=FILL_AREA_STYLE_COLOUR('',#6129);
#5887=FILL_AREA_STYLE_COLOUR('',#6129);
#5888=FILL_AREA_STYLE_COLOUR('',#6129);
#5889=FILL_AREA_STYLE_COLOUR('',#6129);
#5890=FILL_AREA_STYLE_COLOUR('',#6129);
#5891=FILL_AREA_STYLE_COLOUR('',#6129);
#5892=FILL_AREA_STYLE_COLOUR('',#6129);
#5893=FILL_AREA_STYLE_COLOUR('',#6129);
#5894=FILL_AREA_STYLE_COLOUR('',#6129);
#5895=FILL_AREA_STYLE_COLOUR('',#6129);
#5896=FILL_AREA_STYLE_COLOUR('',#6129);
#5897=FILL_AREA_STYLE_COLOUR('',#6129);
#5898=FILL_AREA_STYLE_COLOUR('',#6129);
#5899=FILL_AREA_STYLE_COLOUR('',#6129);
#5900=FILL_AREA_STYLE_COLOUR('',#6129);
#5901=FILL_AREA_STYLE_COLOUR('',#6129);
#5902=FILL_AREA_STYLE_COLOUR('',#6129);
#5903=FILL_AREA_STYLE_COLOUR('',#6129);
#5904=FILL_AREA_STYLE_COLOUR('',#6129);
#5905=FILL_AREA_STYLE_COLOUR('',#6129);
#5906=FILL_AREA_STYLE_COLOUR('',#6129);
#5907=FILL_AREA_STYLE_COLOUR('',#6129);
#5908=FILL_AREA_STYLE_COLOUR('',#6129);
#5909=FILL_AREA_STYLE_COLOUR('',#6129);
#5910=FILL_AREA_STYLE_COLOUR('',#6129);
#5911=FILL_AREA_STYLE_COLOUR('',#6130);
#5912=FILL_AREA_STYLE_COLOUR('',#6129);
#5913=FILL_AREA_STYLE_COLOUR('',#6129);
#5914=FILL_AREA_STYLE_COLOUR('',#6129);
#5915=FILL_AREA_STYLE_COLOUR('',#6129);
#5916=FILL_AREA_STYLE_COLOUR('',#6129);
#5917=FILL_AREA_STYLE_COLOUR('',#6129);
#5918=FILL_AREA_STYLE_COLOUR('',#6129);
#5919=FILL_AREA_STYLE_COLOUR('',#6129);
#5920=FILL_AREA_STYLE_COLOUR('',#6129);
#5921=FILL_AREA_STYLE_COLOUR('',#6129);
#5922=FILL_AREA_STYLE_COLOUR('',#6129);
#5923=FILL_AREA_STYLE_COLOUR('',#6129);
#5924=FILL_AREA_STYLE_COLOUR('',#6129);
#5925=FILL_AREA_STYLE_COLOUR('',#6129);
#5926=FILL_AREA_STYLE_COLOUR('',#6129);
#5927=FILL_AREA_STYLE_COLOUR('',#6129);
#5928=FILL_AREA_STYLE_COLOUR('',#6129);
#5929=FILL_AREA_STYLE_COLOUR('',#6129);
#5930=FILL_AREA_STYLE_COLOUR('',#6129);
#5931=FILL_AREA_STYLE_COLOUR('',#6129);
#5932=FILL_AREA_STYLE_COLOUR('',#6129);
#5933=FILL_AREA_STYLE_COLOUR('',#6129);
#5934=FILL_AREA_STYLE_COLOUR('',#6129);
#5935=FILL_AREA_STYLE_COLOUR('',#6129);
#5936=FILL_AREA_STYLE_COLOUR('',#6129);
#5937=FILL_AREA_STYLE_COLOUR('',#6129);
#5938=FILL_AREA_STYLE_COLOUR('',#6129);
#5939=FILL_AREA_STYLE_COLOUR('',#6129);
#5940=FILL_AREA_STYLE_COLOUR('',#6129);
#5941=FILL_AREA_STYLE_COLOUR('',#6129);
#5942=FILL_AREA_STYLE_COLOUR('',#6129);
#5943=FILL_AREA_STYLE_COLOUR('',#6129);
#5944=FILL_AREA_STYLE_COLOUR('',#6129);
#5945=FILL_AREA_STYLE_COLOUR('',#6129);
#5946=FILL_AREA_STYLE_COLOUR('',#6129);
#5947=FILL_AREA_STYLE_COLOUR('',#6129);
#5948=FILL_AREA_STYLE_COLOUR('',#6129);
#5949=FILL_AREA_STYLE_COLOUR('',#6129);
#5950=FILL_AREA_STYLE_COLOUR('',#6129);
#5951=FILL_AREA_STYLE_COLOUR('',#6129);
#5952=FILL_AREA_STYLE_COLOUR('',#6129);
#5953=FILL_AREA_STYLE_COLOUR('',#6129);
#5954=FILL_AREA_STYLE_COLOUR('',#6129);
#5955=FILL_AREA_STYLE_COLOUR('',#6129);
#5956=FILL_AREA_STYLE_COLOUR('',#6129);
#5957=FILL_AREA_STYLE_COLOUR('',#6129);
#5958=FILL_AREA_STYLE_COLOUR('',#6129);
#5959=FILL_AREA_STYLE_COLOUR('',#6129);
#5960=FILL_AREA_STYLE_COLOUR('',#6129);
#5961=FILL_AREA_STYLE_COLOUR('',#6129);
#5962=FILL_AREA_STYLE_COLOUR('',#6129);
#5963=FILL_AREA_STYLE_COLOUR('',#6129);
#5964=FILL_AREA_STYLE_COLOUR('',#6129);
#5965=FILL_AREA_STYLE_COLOUR('',#6129);
#5966=FILL_AREA_STYLE_COLOUR('',#6129);
#5967=FILL_AREA_STYLE_COLOUR('',#6129);
#5968=FILL_AREA_STYLE_COLOUR('',#6129);
#5969=FILL_AREA_STYLE_COLOUR('',#6129);
#5970=FILL_AREA_STYLE_COLOUR('',#6129);
#5971=FILL_AREA_STYLE_COLOUR('',#6129);
#5972=FILL_AREA_STYLE_COLOUR('',#6129);
#5973=FILL_AREA_STYLE_COLOUR('',#6129);
#5974=FILL_AREA_STYLE_COLOUR('',#6129);
#5975=FILL_AREA_STYLE_COLOUR('',#6129);
#5976=FILL_AREA_STYLE_COLOUR('',#6129);
#5977=FILL_AREA_STYLE_COLOUR('',#6129);
#5978=FILL_AREA_STYLE_COLOUR('',#6129);
#5979=FILL_AREA_STYLE_COLOUR('',#6129);
#5980=FILL_AREA_STYLE_COLOUR('',#6129);
#5981=FILL_AREA_STYLE_COLOUR('',#6129);
#5982=FILL_AREA_STYLE_COLOUR('',#6129);
#5983=FILL_AREA_STYLE_COLOUR('',#6129);
#5984=FILL_AREA_STYLE_COLOUR('',#6129);
#5985=FILL_AREA_STYLE_COLOUR('',#6129);
#5986=FILL_AREA_STYLE_COLOUR('',#6129);
#5987=FILL_AREA_STYLE_COLOUR('',#6129);
#5988=FILL_AREA_STYLE_COLOUR('',#6129);
#5989=FILL_AREA_STYLE_COLOUR('',#6129);
#5990=FILL_AREA_STYLE_COLOUR('',#6129);
#5991=FILL_AREA_STYLE_COLOUR('',#6129);
#5992=FILL_AREA_STYLE_COLOUR('',#6129);
#5993=FILL_AREA_STYLE_COLOUR('',#6129);
#5994=FILL_AREA_STYLE_COLOUR('',#6129);
#5995=FILL_AREA_STYLE_COLOUR('',#6129);
#5996=FILL_AREA_STYLE_COLOUR('',#6129);
#5997=FILL_AREA_STYLE_COLOUR('',#6129);
#5998=FILL_AREA_STYLE_COLOUR('',#6129);
#5999=FILL_AREA_STYLE_COLOUR('',#6129);
#6000=FILL_AREA_STYLE_COLOUR('',#6129);
#6001=FILL_AREA_STYLE_COLOUR('',#6129);
#6002=FILL_AREA_STYLE_COLOUR('',#6129);
#6003=FILL_AREA_STYLE_COLOUR('',#6129);
#6004=FILL_AREA_STYLE_COLOUR('',#6129);
#6005=FILL_AREA_STYLE_COLOUR('',#6129);
#6006=FILL_AREA_STYLE_COLOUR('',#6129);
#6007=FILL_AREA_STYLE_COLOUR('',#6129);
#6008=FILL_AREA_STYLE_COLOUR('',#6129);
#6009=FILL_AREA_STYLE_COLOUR('',#6129);
#6010=FILL_AREA_STYLE_COLOUR('',#6129);
#6011=FILL_AREA_STYLE_COLOUR('',#6129);
#6012=FILL_AREA_STYLE_COLOUR('',#6129);
#6013=FILL_AREA_STYLE_COLOUR('',#6129);
#6014=FILL_AREA_STYLE_COLOUR('',#6129);
#6015=FILL_AREA_STYLE_COLOUR('',#6129);
#6016=FILL_AREA_STYLE_COLOUR('',#6129);
#6017=FILL_AREA_STYLE_COLOUR('',#6129);
#6018=FILL_AREA_STYLE_COLOUR('',#6129);
#6019=FILL_AREA_STYLE_COLOUR('',#6129);
#6020=FILL_AREA_STYLE_COLOUR('',#6129);
#6021=FILL_AREA_STYLE_COLOUR('',#6129);
#6022=FILL_AREA_STYLE_COLOUR('',#6129);
#6023=FILL_AREA_STYLE_COLOUR('',#6129);
#6024=FILL_AREA_STYLE_COLOUR('',#6129);
#6025=FILL_AREA_STYLE_COLOUR('',#6129);
#6026=FILL_AREA_STYLE_COLOUR('',#6129);
#6027=FILL_AREA_STYLE_COLOUR('',#6129);
#6028=FILL_AREA_STYLE_COLOUR('',#6129);
#6029=FILL_AREA_STYLE_COLOUR('',#6129);
#6030=FILL_AREA_STYLE_COLOUR('',#6129);
#6031=FILL_AREA_STYLE_COLOUR('',#6129);
#6032=FILL_AREA_STYLE_COLOUR('',#6129);
#6033=FILL_AREA_STYLE_COLOUR('',#6129);
#6034=FILL_AREA_STYLE_COLOUR('',#6129);
#6035=FILL_AREA_STYLE_COLOUR('',#6129);
#6036=FILL_AREA_STYLE_COLOUR('',#6129);
#6037=FILL_AREA_STYLE_COLOUR('',#6129);
#6038=FILL_AREA_STYLE_COLOUR('',#6129);
#6039=FILL_AREA_STYLE_COLOUR('',#6129);
#6040=FILL_AREA_STYLE_COLOUR('',#6129);
#6041=FILL_AREA_STYLE_COLOUR('',#6129);
#6042=FILL_AREA_STYLE_COLOUR('',#6129);
#6043=FILL_AREA_STYLE_COLOUR('',#6129);
#6044=FILL_AREA_STYLE_COLOUR('',#6130);
#6045=FILL_AREA_STYLE_COLOUR('',#6129);
#6046=FILL_AREA_STYLE_COLOUR('',#6129);
#6047=FILL_AREA_STYLE_COLOUR('',#6129);
#6048=FILL_AREA_STYLE_COLOUR('',#6129);
#6049=FILL_AREA_STYLE_COLOUR('',#6129);
#6050=FILL_AREA_STYLE_COLOUR('',#6129);
#6051=FILL_AREA_STYLE_COLOUR('',#6129);
#6052=FILL_AREA_STYLE_COLOUR('',#6129);
#6053=FILL_AREA_STYLE_COLOUR('',#6129);
#6054=FILL_AREA_STYLE_COLOUR('',#6129);
#6055=FILL_AREA_STYLE_COLOUR('',#6129);
#6056=FILL_AREA_STYLE_COLOUR('',#6129);
#6057=FILL_AREA_STYLE_COLOUR('',#6129);
#6058=FILL_AREA_STYLE_COLOUR('',#6129);
#6059=FILL_AREA_STYLE_COLOUR('',#6129);
#6060=FILL_AREA_STYLE_COLOUR('',#6129);
#6061=FILL_AREA_STYLE_COLOUR('',#6129);
#6062=FILL_AREA_STYLE_COLOUR('',#6129);
#6063=FILL_AREA_STYLE_COLOUR('',#6129);
#6064=FILL_AREA_STYLE_COLOUR('',#6129);
#6065=FILL_AREA_STYLE_COLOUR('',#6129);
#6066=FILL_AREA_STYLE_COLOUR('',#6129);
#6067=FILL_AREA_STYLE_COLOUR('',#6129);
#6068=FILL_AREA_STYLE_COLOUR('',#6129);
#6069=FILL_AREA_STYLE_COLOUR('',#6129);
#6070=FILL_AREA_STYLE_COLOUR('',#6129);
#6071=FILL_AREA_STYLE_COLOUR('',#6129);
#6072=FILL_AREA_STYLE_COLOUR('',#6129);
#6073=FILL_AREA_STYLE_COLOUR('',#6129);
#6074=FILL_AREA_STYLE_COLOUR('',#6129);
#6075=FILL_AREA_STYLE_COLOUR('',#6129);
#6076=FILL_AREA_STYLE_COLOUR('',#6129);
#6077=FILL_AREA_STYLE_COLOUR('',#6129);
#6078=FILL_AREA_STYLE_COLOUR('',#6129);
#6079=FILL_AREA_STYLE_COLOUR('',#6129);
#6080=FILL_AREA_STYLE_COLOUR('',#6129);
#6081=FILL_AREA_STYLE_COLOUR('',#6129);
#6082=FILL_AREA_STYLE_COLOUR('',#6129);
#6083=FILL_AREA_STYLE_COLOUR('',#6129);
#6084=FILL_AREA_STYLE_COLOUR('',#6129);
#6085=FILL_AREA_STYLE_COLOUR('',#6129);
#6086=FILL_AREA_STYLE_COLOUR('',#6129);
#6087=FILL_AREA_STYLE_COLOUR('',#6129);
#6088=FILL_AREA_STYLE_COLOUR('',#6129);
#6089=FILL_AREA_STYLE_COLOUR('',#6129);
#6090=FILL_AREA_STYLE_COLOUR('',#6129);
#6091=FILL_AREA_STYLE_COLOUR('',#6129);
#6092=FILL_AREA_STYLE_COLOUR('',#6129);
#6093=FILL_AREA_STYLE_COLOUR('',#6129);
#6094=FILL_AREA_STYLE_COLOUR('',#6129);
#6095=FILL_AREA_STYLE_COLOUR('',#6129);
#6096=FILL_AREA_STYLE_COLOUR('',#6129);
#6097=FILL_AREA_STYLE_COLOUR('',#6129);
#6098=FILL_AREA_STYLE_COLOUR('',#6129);
#6099=FILL_AREA_STYLE_COLOUR('',#6129);
#6100=FILL_AREA_STYLE_COLOUR('',#6129);
#6101=FILL_AREA_STYLE_COLOUR('',#6129);
#6102=FILL_AREA_STYLE_COLOUR('',#6130);
#6103=FILL_AREA_STYLE_COLOUR('',#6130);
#6104=FILL_AREA_STYLE_COLOUR('',#6129);
#6105=FILL_AREA_STYLE_COLOUR('',#6129);
#6106=FILL_AREA_STYLE_COLOUR('',#6129);
#6107=FILL_AREA_STYLE_COLOUR('',#6129);
#6108=FILL_AREA_STYLE_COLOUR('',#6129);
#6109=FILL_AREA_STYLE_COLOUR('',#6129);
#6110=FILL_AREA_STYLE_COLOUR('',#6129);
#6111=FILL_AREA_STYLE_COLOUR('',#6129);
#6112=FILL_AREA_STYLE_COLOUR('',#6129);
#6113=FILL_AREA_STYLE_COLOUR('',#6129);
#6114=FILL_AREA_STYLE_COLOUR('',#6129);
#6115=FILL_AREA_STYLE_COLOUR('',#6129);
#6116=FILL_AREA_STYLE_COLOUR('',#6130);
#6117=FILL_AREA_STYLE_COLOUR('',#6129);
#6118=FILL_AREA_STYLE_COLOUR('',#6129);
#6119=FILL_AREA_STYLE_COLOUR('',#6129);
#6120=FILL_AREA_STYLE_COLOUR('',#6129);
#6121=FILL_AREA_STYLE_COLOUR('',#6129);
#6122=FILL_AREA_STYLE_COLOUR('',#6129);
#6123=FILL_AREA_STYLE_COLOUR('',#6129);
#6124=FILL_AREA_STYLE_COLOUR('',#6129);
#6125=FILL_AREA_STYLE_COLOUR('',#6129);
#6126=FILL_AREA_STYLE_COLOUR('',#6129);
#6127=FILL_AREA_STYLE_COLOUR('',#6130);
#6128=FILL_AREA_STYLE_COLOUR('',#6130);
#6129=COLOUR_RGB('',0.800000011920929,0.666434764862061,0.319999992847443);
#6130=COLOUR_RGB('',0.200000002980232,0.200000002980232,0.200000002980232);
#6131=ADVANCED_FACE('',(#3841),#4138,.F.);
#6132=ADVANCED_FACE('',(#3842),#4139,.F.);
#6133=ADVANCED_FACE('',(#3843),#4140,.F.);
#6134=ADVANCED_FACE('',(#3844),#4141,.T.);
#6135=ADVANCED_FACE('',(#3845),#4142,.F.);
#6136=ADVANCED_FACE('',(#3846,#3847,#3848,#3849,#3850,#3851,#3852),#4143,
 .F.);
#6137=ADVANCED_FACE('',(#3853),#4144,.F.);
#6138=ADVANCED_FACE('',(#3854),#4145,.F.);
#6139=ADVANCED_FACE('',(#3855),#4146,.F.);
#6140=ADVANCED_FACE('',(#3856),#4147,.F.);
#6141=ADVANCED_FACE('',(#3857),#4148,.T.);
#6142=ADVANCED_FACE('',(#3858),#4149,.F.);
#6143=ADVANCED_FACE('',(#3859),#4150,.F.);
#6144=ADVANCED_FACE('',(#3860),#4151,.T.);
#6145=ADVANCED_FACE('',(#3861),#4152,.F.);
#6146=ADVANCED_FACE('',(#3862),#4153,.F.);
#6147=ADVANCED_FACE('',(#3863),#4154,.T.);
#6148=ADVANCED_FACE('',(#3864),#4155,.F.);
#6149=ADVANCED_FACE('',(#3865),#4156,.F.);
#6150=ADVANCED_FACE('',(#3866),#4157,.F.);
#6151=ADVANCED_FACE('',(#3867),#4158,.F.);
#6152=ADVANCED_FACE('',(#3868),#4159,.F.);
#6153=ADVANCED_FACE('',(#3869),#4160,.F.);
#6154=ADVANCED_FACE('',(#3870),#4161,.T.);
#6155=ADVANCED_FACE('',(#3871),#4162,.F.);
#6156=ADVANCED_FACE('',(#3872),#4163,.F.);
#6157=ADVANCED_FACE('',(#3873),#4164,.T.);
#6158=ADVANCED_FACE('',(#3874),#4165,.F.);
#6159=ADVANCED_FACE('',(#3875),#4166,.F.);
#6160=ADVANCED_FACE('',(#3876),#4167,.F.);
#6161=ADVANCED_FACE('',(#3877),#4168,.F.);
#6162=ADVANCED_FACE('',(#3878),#4169,.F.);
#6163=ADVANCED_FACE('',(#3879),#4170,.F.);
#6164=ADVANCED_FACE('',(#3880),#4171,.F.);
#6165=ADVANCED_FACE('',(#3881),#4172,.F.);
#6166=ADVANCED_FACE('',(#3882),#4173,.T.);
#6167=ADVANCED_FACE('',(#3883,#3884,#3885,#3886,#3887,#3888,#3889),#4174,
 .F.);
#6168=ADVANCED_FACE('',(#3890),#4175,.F.);
#6169=ADVANCED_FACE('',(#3891),#4176,.F.);
#6170=ADVANCED_FACE('',(#3892),#4177,.T.);
#6171=ADVANCED_FACE('',(#3893),#4178,.F.);
#6172=ADVANCED_FACE('',(#3894),#4179,.F.);
#6173=ADVANCED_FACE('',(#3895),#4180,.F.);
#6174=ADVANCED_FACE('',(#3896),#4181,.F.);
#6175=ADVANCED_FACE('',(#3897),#4182,.T.);
#6176=ADVANCED_FACE('',(#3898),#4183,.F.);
#6177=ADVANCED_FACE('',(#3899),#4184,.F.);
#6178=ADVANCED_FACE('',(#3900),#4185,.F.);
#6179=ADVANCED_FACE('',(#3901),#4186,.T.);
#6180=ADVANCED_FACE('',(#3902),#4187,.F.);
#6181=ADVANCED_FACE('',(#3903),#4188,.F.);
#6182=ADVANCED_FACE('',(#3904),#4189,.F.);
#6183=ADVANCED_FACE('',(#3905),#4190,.F.);
#6184=ADVANCED_FACE('',(#3906),#4191,.F.);
#6185=ADVANCED_FACE('',(#3907),#4192,.F.);
#6186=ADVANCED_FACE('',(#3908),#4193,.F.);
#6187=ADVANCED_FACE('',(#3909),#4194,.T.);
#6188=ADVANCED_FACE('',(#3910),#4195,.F.);
#6189=ADVANCED_FACE('',(#3911),#4196,.F.);
#6190=ADVANCED_FACE('',(#3912),#4197,.F.);
#6191=ADVANCED_FACE('',(#3913),#4198,.F.);
#6192=ADVANCED_FACE('',(#3914),#4199,.F.);
#6193=ADVANCED_FACE('',(#3915),#4200,.F.);
#6194=ADVANCED_FACE('',(#3916),#4201,.F.);
#6195=ADVANCED_FACE('',(#3917),#4202,.F.);
#6196=ADVANCED_FACE('',(#3918),#4203,.F.);
#6197=ADVANCED_FACE('',(#3919),#4204,.F.);
#6198=ADVANCED_FACE('',(#3920),#4205,.F.);
#6199=ADVANCED_FACE('',(#3921),#4206,.F.);
#6200=ADVANCED_FACE('',(#3922),#4207,.F.);
#6201=ADVANCED_FACE('',(#3923),#4208,.F.);
#6202=ADVANCED_FACE('',(#3924),#4209,.T.);
#6203=ADVANCED_FACE('',(#3925),#4210,.F.);
#6204=ADVANCED_FACE('',(#3926),#4211,.T.);
#6205=ADVANCED_FACE('',(#3927),#4212,.T.);
#6206=ADVANCED_FACE('',(#3928),#4213,.T.);
#6207=ADVANCED_FACE('',(#3929),#4214,.T.);
#6208=ADVANCED_FACE('',(#3930),#4215,.T.);
#6209=ADVANCED_FACE('',(#3931),#4216,.T.);
#6210=ADVANCED_FACE('',(#3932),#4217,.T.);
#6211=ADVANCED_FACE('',(#3933),#4218,.T.);
#6212=ADVANCED_FACE('',(#3934),#4219,.T.);
#6213=ADVANCED_FACE('',(#3935),#4220,.T.);
#6214=ADVANCED_FACE('',(#3936),#4221,.T.);
#6215=ADVANCED_FACE('',(#3937),#4222,.T.);
#6216=ADVANCED_FACE('',(#3938),#4223,.T.);
#6217=ADVANCED_FACE('',(#3939),#4224,.T.);
#6218=ADVANCED_FACE('',(#3940),#4225,.T.);
#6219=ADVANCED_FACE('',(#3941),#4226,.T.);
#6220=ADVANCED_FACE('',(#3942),#4227,.F.);
#6221=ADVANCED_FACE('',(#3943),#4228,.F.);
#6222=ADVANCED_FACE('',(#3944),#4229,.F.);
#6223=ADVANCED_FACE('',(#3945),#4230,.F.);
#6224=ADVANCED_FACE('',(#3946),#4231,.F.);
#6225=ADVANCED_FACE('',(#3947),#4232,.F.);
#6226=ADVANCED_FACE('',(#3948),#4233,.F.);
#6227=ADVANCED_FACE('',(#3949),#4234,.F.);
#6228=ADVANCED_FACE('',(#3950),#4235,.F.);
#6229=ADVANCED_FACE('',(#3951),#4236,.T.);
#6230=ADVANCED_FACE('',(#3952),#4237,.T.);
#6231=ADVANCED_FACE('',(#3953),#4238,.T.);
#6232=ADVANCED_FACE('',(#3954),#20,.T.);
#6233=ADVANCED_FACE('',(#3955),#4239,.T.);
#6234=ADVANCED_FACE('',(#3956),#21,.T.);
#6235=ADVANCED_FACE('',(#3957),#4240,.T.);
#6236=ADVANCED_FACE('',(#3958),#4241,.T.);
#6237=ADVANCED_FACE('',(#3959),#4242,.T.);
#6238=ADVANCED_FACE('',(#3960),#22,.T.);
#6239=ADVANCED_FACE('',(#3961),#4243,.T.);
#6240=ADVANCED_FACE('',(#3962),#23,.T.);
#6241=ADVANCED_FACE('',(#3963),#4244,.T.);
#6242=ADVANCED_FACE('',(#3964),#4245,.T.);
#6243=ADVANCED_FACE('',(#3965),#24,.T.);
#6244=ADVANCED_FACE('',(#3966),#4246,.T.);
#6245=ADVANCED_FACE('',(#3967),#25,.T.);
#6246=ADVANCED_FACE('',(#3968),#4247,.T.);
#6247=ADVANCED_FACE('',(#3969),#4248,.T.);
#6248=ADVANCED_FACE('',(#3970),#4249,.T.);
#6249=ADVANCED_FACE('',(#3971),#4250,.T.);
#6250=ADVANCED_FACE('',(#3972),#26,.T.);
#6251=ADVANCED_FACE('',(#3973),#4251,.T.);
#6252=ADVANCED_FACE('',(#3974),#27,.T.);
#6253=ADVANCED_FACE('',(#3975),#28,.T.);
#6254=ADVANCED_FACE('',(#3976),#4252,.T.);
#6255=ADVANCED_FACE('',(#3977),#4253,.T.);
#6256=ADVANCED_FACE('',(#3978),#4254,.T.);
#6257=ADVANCED_FACE('',(#3979),#29,.T.);
#6258=ADVANCED_FACE('',(#3980),#4255,.T.);
#6259=ADVANCED_FACE('',(#3981),#30,.T.);
#6260=ADVANCED_FACE('',(#3982),#4256,.T.);
#6261=ADVANCED_FACE('',(#3983),#4257,.T.);
#6262=ADVANCED_FACE('',(#3984),#4258,.T.);
#6263=ADVANCED_FACE('',(#3985),#31,.T.);
#6264=ADVANCED_FACE('',(#3986),#4259,.T.);
#6265=ADVANCED_FACE('',(#3987),#32,.T.);
#6266=ADVANCED_FACE('',(#3988),#4260,.T.);
#6267=ADVANCED_FACE('',(#3989),#4261,.T.);
#6268=ADVANCED_FACE('',(#3990),#4262,.T.);
#6269=ADVANCED_FACE('',(#3991),#33,.T.);
#6270=ADVANCED_FACE('',(#3992),#4263,.T.);
#6271=ADVANCED_FACE('',(#3993),#4264,.T.);
#6272=ADVANCED_FACE('',(#3994),#34,.T.);
#6273=ADVANCED_FACE('',(#3995),#4265,.T.);
#6274=ADVANCED_FACE('',(#3996),#4266,.T.);
#6275=ADVANCED_FACE('',(#3997),#4267,.T.);
#6276=ADVANCED_FACE('',(#3998),#35,.T.);
#6277=ADVANCED_FACE('',(#3999),#36,.T.);
#6278=ADVANCED_FACE('',(#4000),#4268,.T.);
#6279=ADVANCED_FACE('',(#4001),#37,.T.);
#6280=ADVANCED_FACE('',(#4002),#4269,.T.);
#6281=ADVANCED_FACE('',(#4003),#4270,.T.);
#6282=ADVANCED_FACE('',(#4004),#4271,.T.);
#6283=ADVANCED_FACE('',(#4005),#4272,.T.);
#6284=ADVANCED_FACE('',(#4006),#4273,.T.);
#6285=ADVANCED_FACE('',(#4007),#38,.T.);
#6286=ADVANCED_FACE('',(#4008),#4274,.T.);
#6287=ADVANCED_FACE('',(#4009),#39,.T.);
#6288=ADVANCED_FACE('',(#4010),#4275,.T.);
#6289=ADVANCED_FACE('',(#4011),#4276,.F.);
#6290=ADVANCED_FACE('',(#4012),#4277,.F.);
#6291=ADVANCED_FACE('',(#4013),#4278,.F.);
#6292=ADVANCED_FACE('',(#4014),#4279,.F.);
#6293=ADVANCED_FACE('',(#4015),#4280,.F.);
#6294=ADVANCED_FACE('',(#4016),#4281,.T.);
#6295=ADVANCED_FACE('',(#4017),#4282,.T.);
#6296=ADVANCED_FACE('',(#4018),#40,.T.);
#6297=ADVANCED_FACE('',(#4019),#4283,.T.);
#6298=ADVANCED_FACE('',(#4020),#41,.T.);
#6299=ADVANCED_FACE('',(#4021),#4284,.T.);
#6300=ADVANCED_FACE('',(#4022,#4023,#4024,#4025,#4026),#4285,.F.);
#6301=ADVANCED_FACE('',(#4027),#4286,.T.);
#6302=ADVANCED_FACE('',(#4028),#4287,.T.);
#6303=ADVANCED_FACE('',(#4029),#42,.T.);
#6304=ADVANCED_FACE('',(#4030),#4288,.T.);
#6305=ADVANCED_FACE('',(#4031),#43,.T.);
#6306=ADVANCED_FACE('',(#4032),#4289,.T.);
#6307=ADVANCED_FACE('',(#4033),#4290,.T.);
#6308=ADVANCED_FACE('',(#4034),#4291,.T.);
#6309=ADVANCED_FACE('',(#4035),#44,.T.);
#6310=ADVANCED_FACE('',(#4036),#4292,.T.);
#6311=ADVANCED_FACE('',(#4037),#45,.T.);
#6312=ADVANCED_FACE('',(#4038),#4293,.T.);
#6313=ADVANCED_FACE('',(#4039),#4294,.T.);
#6314=ADVANCED_FACE('',(#4040),#46,.T.);
#6315=ADVANCED_FACE('',(#4041),#4295,.T.);
#6316=ADVANCED_FACE('',(#4042),#4296,.T.);
#6317=ADVANCED_FACE('',(#4043),#4297,.T.);
#6318=ADVANCED_FACE('',(#4044),#47,.T.);
#6319=ADVANCED_FACE('',(#4045),#4298,.T.);
#6320=ADVANCED_FACE('',(#4046),#48,.T.);
#6321=ADVANCED_FACE('',(#4047),#4299,.T.);
#6322=ADVANCED_FACE('',(#4048),#4300,.T.);
#6323=ADVANCED_FACE('',(#4049),#4301,.T.);
#6324=ADVANCED_FACE('',(#4050),#49,.T.);
#6325=ADVANCED_FACE('',(#4051),#50,.T.);
#6326=ADVANCED_FACE('',(#4052),#4302,.T.);
#6327=ADVANCED_FACE('',(#4053),#4303,.T.);
#6328=ADVANCED_FACE('',(#4054),#4304,.T.);
#6329=ADVANCED_FACE('',(#4055),#51,.T.);
#6330=ADVANCED_FACE('',(#4056),#4305,.T.);
#6331=ADVANCED_FACE('',(#4057),#4306,.T.);
#6332=ADVANCED_FACE('',(#4058),#52,.T.);
#6333=ADVANCED_FACE('',(#4059),#4307,.T.);
#6334=ADVANCED_FACE('',(#4060),#4308,.T.);
#6335=ADVANCED_FACE('',(#4061),#4309,.T.);
#6336=ADVANCED_FACE('',(#4062),#53,.T.);
#6337=ADVANCED_FACE('',(#4063),#4310,.T.);
#6338=ADVANCED_FACE('',(#4064),#54,.T.);
#6339=ADVANCED_FACE('',(#4065),#4311,.T.);
#6340=ADVANCED_FACE('',(#4066),#4312,.T.);
#6341=ADVANCED_FACE('',(#4067),#4313,.T.);
#6342=ADVANCED_FACE('',(#4068),#55,.T.);
#6343=ADVANCED_FACE('',(#4069),#4314,.T.);
#6344=ADVANCED_FACE('',(#4070),#4315,.T.);
#6345=ADVANCED_FACE('',(#4071),#4316,.T.);
#6346=ADVANCED_FACE('',(#4072),#56,.T.);
#6347=ADVANCED_FACE('',(#4073),#4317,.T.);
#6348=ADVANCED_FACE('',(#4074),#57,.T.);
#6349=ADVANCED_FACE('',(#4075),#58,.T.);
#6350=ADVANCED_FACE('',(#4076),#4318,.T.);
#6351=ADVANCED_FACE('',(#4077),#4319,.T.);
#6352=ADVANCED_FACE('',(#4078),#4320,.T.);
#6353=ADVANCED_FACE('',(#4079),#59,.T.);
#6354=ADVANCED_FACE('',(#4080),#4321,.T.);
#6355=ADVANCED_FACE('',(#4081),#4322,.F.);
#6356=ADVANCED_FACE('',(#4082),#4323,.F.);
#6357=ADVANCED_FACE('',(#4083),#4324,.F.);
#6358=ADVANCED_FACE('',(#4084,#4085),#4325,.T.);
#6359=ADVANCED_FACE('',(#4086,#4087,#4088,#4089,#4090,#4091,#4092,#4093,
#4094,#4095,#4096,#4097,#4098,#4099,#4100,#4101,#4102,#4103,#4104,#4105,
#4106,#4107),#4326,.F.);
#6360=ADVANCED_FACE('',(#4108),#4327,.T.);
#6361=ADVANCED_FACE('',(#4109),#4328,.T.);
#6362=ADVANCED_FACE('',(#4110),#4329,.T.);
#6363=ADVANCED_FACE('',(#4111),#4330,.T.);
#6364=ADVANCED_FACE('',(#4112),#4331,.T.);
#6365=ADVANCED_FACE('',(#4113),#4332,.T.);
#6366=ADVANCED_FACE('',(#4114),#4333,.T.);
#6367=ADVANCED_FACE('',(#4115),#4334,.T.);
#6368=ADVANCED_FACE('',(#4116),#4335,.T.);
#6369=ADVANCED_FACE('',(#4117),#4336,.T.);
#6370=ADVANCED_FACE('',(#4118),#4337,.T.);
#6371=ADVANCED_FACE('',(#4119),#4338,.T.);
#6372=ADVANCED_FACE('',(#4120,#4121,#4122,#4123,#4124),#4339,.F.);
#6373=ADVANCED_FACE('',(#4125),#4340,.F.);
#6374=ADVANCED_FACE('',(#4126),#4341,.T.);
#6375=ADVANCED_FACE('',(#4127),#4342,.T.);
#6376=ADVANCED_FACE('',(#4128),#4343,.T.);
#6377=ADVANCED_FACE('',(#4129),#4344,.T.);
#6378=ADVANCED_FACE('',(#4130),#4345,.F.);
#6379=ADVANCED_FACE('',(#4131),#4346,.F.);
#6380=ADVANCED_FACE('',(#4132),#4347,.F.);
#6381=ADVANCED_FACE('',(#4133),#4348,.F.);
#6382=ADVANCED_FACE('',(#4134),#4349,.T.);
#6383=ADVANCED_FACE('',(#4135,#4136),#60,.F.);
#6384=ADVANCED_FACE('',(#4137),#4350,.F.);
#6385=CLOSED_SHELL('',(#6131,#6132,#6133,#6134,#6135,#6136,#6137,#6138,
#6139,#6140,#6141,#6142,#6143,#6144,#6145,#6146,#6147,#6148,#6149,#6150,
#6151,#6152,#6153,#6154,#6155,#6156,#6157,#6158,#6159,#6160,#6161,#6162,
#6163,#6164,#6165,#6166,#6167,#6168,#6169,#6170,#6171,#6172,#6173,#6174,
#6175,#6176,#6177,#6178,#6179,#6180,#6181,#6182,#6183,#6184,#6185,#6186,
#6187,#6188,#6189,#6190,#6191,#6192,#6193,#6194,#6195,#6196,#6197,#6198,
#6199,#6200,#6201,#6202,#6203,#6204,#6205,#6206,#6207,#6208,#6209,#6210,
#6211,#6212,#6213,#6214,#6215,#6216,#6217,#6218,#6219,#6220,#6221,#6222,
#6223,#6224,#6225,#6226,#6227,#6228,#6229,#6230,#6231,#6232,#6233,#6234,
#6235,#6236,#6237,#6238,#6239,#6240,#6241,#6242,#6243,#6244,#6245,#6246,
#6247,#6248,#6249,#6250,#6251,#6252,#6253,#6254,#6255,#6256,#6257,#6258,
#6259,#6260,#6261,#6262,#6263,#6264,#6265,#6266,#6267,#6268,#6269,#6270,
#6271,#6272,#6273,#6274,#6275,#6276,#6277,#6278,#6279,#6280,#6281,#6282,
#6283,#6284,#6285,#6286,#6287,#6288,#6289,#6290,#6291,#6292,#6293,#6294,
#6295,#6296,#6297,#6298,#6299,#6300,#6301,#6302,#6303,#6304,#6305,#6306,
#6307,#6308,#6309,#6310,#6311,#6312,#6313,#6314,#6315,#6316,#6317,#6318,
#6319,#6320,#6321,#6322,#6323,#6324,#6325,#6326,#6327,#6328,#6329,#6330,
#6331,#6332,#6333,#6334,#6335,#6336,#6337,#6338,#6339,#6340,#6341,#6342,
#6343,#6344,#6345,#6346,#6347,#6348,#6349,#6350,#6351,#6352,#6353,#6354,
#6355,#6356,#6357,#6358,#6359,#6360,#6361,#6362,#6363,#6364,#6365,#6366,
#6367,#6368,#6369,#6370,#6371,#6372,#6373,#6374,#6375,#6376,#6377,#6378,
#6379,#6380,#6381,#6382,#6383,#6384));
#6386=MANIFOLD_SOLID_BREP('',#6385);
#6387=SHAPE_DEFINITION_REPRESENTATION(#9257,#6388);
#6388=SHAPE_REPRESENTATION('QPA0001',(#6389),#9252);
#6389=AXIS2_PLACEMENT_3D('',#7947,#6726,#6727);
#6390=AXIS2_PLACEMENT_3D('',#7948,#6728,#6729);
#6391=AXIS2_PLACEMENT_3D('',#7957,#6734,#6735);
#6392=AXIS2_PLACEMENT_3D('',#7963,#6739,#6740);
#6393=AXIS2_PLACEMENT_3D('',#7969,#6744,#6745);
#6394=AXIS2_PLACEMENT_3D('',#7971,#6747,#6748);
#6395=AXIS2_PLACEMENT_3D('',#7973,#6750,#6751);
#6396=AXIS2_PLACEMENT_3D('',#8022,#6776,#6777);
#6397=AXIS2_PLACEMENT_3D('',#8028,#6781,#6782);
#6398=AXIS2_PLACEMENT_3D('',#8032,#6785,#6786);
#6399=AXIS2_PLACEMENT_3D('',#8036,#6789,#6790);
#6400=AXIS2_PLACEMENT_3D('',#8038,#6792,#6793);
#6401=AXIS2_PLACEMENT_3D('',#8039,#6794,#6795);
#6402=AXIS2_PLACEMENT_3D('',#8045,#6799,#6800);
#6403=AXIS2_PLACEMENT_3D('',#8051,#6804,#6805);
#6404=AXIS2_PLACEMENT_3D('',#8054,#6808,#6809);
#6405=AXIS2_PLACEMENT_3D('',#8055,#6810,#6811);
#6406=AXIS2_PLACEMENT_3D('',#8056,#6812,#6813);
#6407=AXIS2_PLACEMENT_3D('',#8065,#6818,#6819);
#6408=AXIS2_PLACEMENT_3D('',#8068,#6822,#6823);
#6409=AXIS2_PLACEMENT_3D('',#8070,#6825,#6826);
#6410=AXIS2_PLACEMENT_3D('',#8072,#6828,#6829);
#6411=AXIS2_PLACEMENT_3D('',#8073,#6830,#6831);
#6412=AXIS2_PLACEMENT_3D('',#8079,#6835,#6836);
#6413=AXIS2_PLACEMENT_3D('',#8085,#6840,#6841);
#6414=AXIS2_PLACEMENT_3D('',#8088,#6844,#6845);
#6415=AXIS2_PLACEMENT_3D('',#8089,#6846,#6847);
#6416=AXIS2_PLACEMENT_3D('',#8090,#6848,#6849);
#6417=AXIS2_PLACEMENT_3D('',#8099,#6854,#6855);
#6418=AXIS2_PLACEMENT_3D('',#8102,#6858,#6859);
#6419=AXIS2_PLACEMENT_3D('',#8104,#6861,#6862);
#6420=AXIS2_PLACEMENT_3D('',#8106,#6864,#6865);
#6421=AXIS2_PLACEMENT_3D('',#8107,#6866,#6867);
#6422=AXIS2_PLACEMENT_3D('',#8116,#6872,#6873);
#6423=AXIS2_PLACEMENT_3D('',#8122,#6877,#6878);
#6424=AXIS2_PLACEMENT_3D('',#8128,#6882,#6883);
#6425=AXIS2_PLACEMENT_3D('',#8131,#6886,#6887);
#6426=AXIS2_PLACEMENT_3D('',#8132,#6888,#6889);
#6427=AXIS2_PLACEMENT_3D('',#8181,#6914,#6915);
#6428=AXIS2_PLACEMENT_3D('',#8187,#6919,#6920);
#6429=AXIS2_PLACEMENT_3D('',#8193,#6924,#6925);
#6430=AXIS2_PLACEMENT_3D('',#8196,#6928,#6929);
#6431=AXIS2_PLACEMENT_3D('',#8197,#6930,#6931);
#6432=AXIS2_PLACEMENT_3D('',#8198,#6932,#6933);
#6433=AXIS2_PLACEMENT_3D('',#8204,#6937,#6938);
#6434=AXIS2_PLACEMENT_3D('',#8210,#6942,#6943);
#6435=AXIS2_PLACEMENT_3D('',#8213,#6946,#6947);
#6436=AXIS2_PLACEMENT_3D('',#8214,#6948,#6949);
#6437=AXIS2_PLACEMENT_3D('',#8215,#6950,#6951);
#6438=AXIS2_PLACEMENT_3D('',#8221,#6955,#6956);
#6439=AXIS2_PLACEMENT_3D('',#8227,#6960,#6961);
#6440=AXIS2_PLACEMENT_3D('',#8229,#6963,#6964);
#6441=AXIS2_PLACEMENT_3D('',#8231,#6966,#6967);
#6442=AXIS2_PLACEMENT_3D('',#8232,#6968,#6969);
#6443=AXIS2_PLACEMENT_3D('',#8238,#6973,#6974);
#6444=AXIS2_PLACEMENT_3D('',#8242,#6977,#6978);
#6445=AXIS2_PLACEMENT_3D('',#8246,#6981,#6982);
#6446=AXIS2_PLACEMENT_3D('',#8248,#6984,#6985);
#6447=AXIS2_PLACEMENT_3D('',#8249,#6986,#6987);
#6448=AXIS2_PLACEMENT_3D('',#8258,#6992,#6993);
#6449=AXIS2_PLACEMENT_3D('',#8267,#6998,#6999);
#6450=AXIS2_PLACEMENT_3D('',#8276,#7004,#7005);
#6451=AXIS2_PLACEMENT_3D('',#8285,#7010,#7011);
#6452=AXIS2_PLACEMENT_3D('',#8286,#7012,#7013);
#6453=AXIS2_PLACEMENT_3D('',#8291,#7015,#7016);
#6454=AXIS2_PLACEMENT_3D('',#8298,#7020,#7021);
#6455=AXIS2_PLACEMENT_3D('',#8299,#7022,#7023);
#6456=AXIS2_PLACEMENT_3D('',#8308,#7027,#7028);
#6457=AXIS2_PLACEMENT_3D('',#8311,#7030,#7031);
#6458=AXIS2_PLACEMENT_3D('',#8312,#7032,#7033);
#6459=AXIS2_PLACEMENT_3D('',#8321,#7037,#7038);
#6460=AXIS2_PLACEMENT_3D('',#8324,#7040,#7041);
#6461=AXIS2_PLACEMENT_3D('',#8325,#7042,#7043);
#6462=AXIS2_PLACEMENT_3D('',#8334,#7047,#7048);
#6463=AXIS2_PLACEMENT_3D('',#8337,#7050,#7051);
#6464=AXIS2_PLACEMENT_3D('',#8338,#7052,#7053);
#6465=AXIS2_PLACEMENT_3D('',#8343,#7055,#7056);
#6466=AXIS2_PLACEMENT_3D('',#8350,#7060,#7061);
#6467=AXIS2_PLACEMENT_3D('',#8351,#7062,#7063);
#6468=AXIS2_PLACEMENT_3D('',#8356,#7065,#7066);
#6469=AXIS2_PLACEMENT_3D('',#8363,#7070,#7071);
#6470=AXIS2_PLACEMENT_3D('',#8364,#7072,#7073);
#6471=AXIS2_PLACEMENT_3D('',#8369,#7075,#7076);
#6472=AXIS2_PLACEMENT_3D('',#8376,#7080,#7081);
#6473=AXIS2_PLACEMENT_3D('',#8377,#7082,#7083);
#6474=AXIS2_PLACEMENT_3D('',#8382,#7085,#7086);
#6475=AXIS2_PLACEMENT_3D('',#8389,#7090,#7091);
#6476=AXIS2_PLACEMENT_3D('',#8390,#7092,#7093);
#6477=AXIS2_PLACEMENT_3D('',#8399,#7097,#7098);
#6478=AXIS2_PLACEMENT_3D('',#8402,#7100,#7101);
#6479=AXIS2_PLACEMENT_3D('',#8403,#7102,#7103);
#6480=AXIS2_PLACEMENT_3D('',#8412,#7107,#7108);
#6481=AXIS2_PLACEMENT_3D('',#8415,#7110,#7111);
#6482=AXIS2_PLACEMENT_3D('',#8426,#7117,#7118);
#6483=AXIS2_PLACEMENT_3D('',#8427,#7119,#7120);
#6484=AXIS2_PLACEMENT_3D('',#8436,#7124,#7125);
#6485=AXIS2_PLACEMENT_3D('',#8439,#7127,#7128);
#6486=AXIS2_PLACEMENT_3D('',#8445,#7132,#7133);
#6487=AXIS2_PLACEMENT_3D('',#8449,#7136,#7137);
#6488=AXIS2_PLACEMENT_3D('',#8453,#7140,#7141);
#6489=AXIS2_PLACEMENT_3D('',#8455,#7143,#7144);
#6490=AXIS2_PLACEMENT_3D('',#8461,#7148,#7149);
#6491=AXIS2_PLACEMENT_3D('',#8465,#7152,#7153);
#6492=AXIS2_PLACEMENT_3D('',#8469,#7156,#7157);
#6493=AXIS2_PLACEMENT_3D('',#8471,#7159,#7160);
#6494=AXIS2_PLACEMENT_3D('',#8477,#7164,#7165);
#6495=AXIS2_PLACEMENT_3D('',#8481,#7168,#7169);
#6496=AXIS2_PLACEMENT_3D('',#8485,#7172,#7173);
#6497=AXIS2_PLACEMENT_3D('',#8487,#7175,#7176);
#6498=AXIS2_PLACEMENT_3D('',#8493,#7180,#7181);
#6499=AXIS2_PLACEMENT_3D('',#8497,#7184,#7185);
#6500=AXIS2_PLACEMENT_3D('',#8501,#7188,#7189);
#6501=AXIS2_PLACEMENT_3D('',#8503,#7191,#7192);
#6502=AXIS2_PLACEMENT_3D('',#8504,#7193,#7194);
#6503=AXIS2_PLACEMENT_3D('',#8513,#7198,#7199);
#6504=AXIS2_PLACEMENT_3D('',#8516,#7201,#7202);
#6505=AXIS2_PLACEMENT_3D('',#8517,#7203,#7204);
#6506=AXIS2_PLACEMENT_3D('',#8526,#7208,#7209);
#6507=AXIS2_PLACEMENT_3D('',#8529,#7211,#7212);
#6508=AXIS2_PLACEMENT_3D('',#8530,#7213,#7214);
#6509=AXIS2_PLACEMENT_3D('',#8535,#7216,#7217);
#6510=AXIS2_PLACEMENT_3D('',#8542,#7221,#7222);
#6511=AXIS2_PLACEMENT_3D('',#8543,#7223,#7224);
#6512=AXIS2_PLACEMENT_3D('',#8548,#7226,#7227);
#6513=AXIS2_PLACEMENT_3D('',#8555,#7231,#7232);
#6514=AXIS2_PLACEMENT_3D('',#8556,#7233,#7234);
#6515=AXIS2_PLACEMENT_3D('',#8561,#7236,#7237);
#6516=AXIS2_PLACEMENT_3D('',#8568,#7241,#7242);
#6517=AXIS2_PLACEMENT_3D('',#8569,#7243,#7244);
#6518=AXIS2_PLACEMENT_3D('',#8574,#7246,#7247);
#6519=AXIS2_PLACEMENT_3D('',#8581,#7251,#7252);
#6520=AXIS2_PLACEMENT_3D('',#8582,#7253,#7254);
#6521=AXIS2_PLACEMENT_3D('',#8591,#7258,#7259);
#6522=AXIS2_PLACEMENT_3D('',#8594,#7261,#7262);
#6523=AXIS2_PLACEMENT_3D('',#8595,#7263,#7264);
#6524=AXIS2_PLACEMENT_3D('',#8604,#7268,#7269);
#6525=AXIS2_PLACEMENT_3D('',#8607,#7271,#7272);
#6526=AXIS2_PLACEMENT_3D('',#8608,#7273,#7274);
#6527=AXIS2_PLACEMENT_3D('',#8613,#7276,#7277);
#6528=AXIS2_PLACEMENT_3D('',#8620,#7281,#7282);
#6529=AXIS2_PLACEMENT_3D('',#8626,#7286,#7287);
#6530=AXIS2_PLACEMENT_3D('',#8630,#7290,#7291);
#6531=AXIS2_PLACEMENT_3D('',#8634,#7294,#7295);
#6532=AXIS2_PLACEMENT_3D('',#8635,#7296,#7297);
#6533=AXIS2_PLACEMENT_3D('',#8638,#7299,#7300);
#6534=AXIS2_PLACEMENT_3D('',#8642,#7303,#7304);
#6535=AXIS2_PLACEMENT_3D('',#8643,#7305,#7306);
#6536=AXIS2_PLACEMENT_3D('',#8644,#7307,#7308);
#6537=AXIS2_PLACEMENT_3D('',#8650,#7312,#7313);
#6538=AXIS2_PLACEMENT_3D('',#8654,#7316,#7317);
#6539=AXIS2_PLACEMENT_3D('',#8658,#7320,#7321);
#6540=AXIS2_PLACEMENT_3D('',#8659,#7322,#7323);
#6541=AXIS2_PLACEMENT_3D('',#8662,#7325,#7326);
#6542=AXIS2_PLACEMENT_3D('',#8666,#7329,#7330);
#6543=AXIS2_PLACEMENT_3D('',#8667,#7331,#7332);
#6544=AXIS2_PLACEMENT_3D('',#8668,#7333,#7334);
#6545=AXIS2_PLACEMENT_3D('',#8674,#7338,#7339);
#6546=AXIS2_PLACEMENT_3D('',#8678,#7342,#7343);
#6547=AXIS2_PLACEMENT_3D('',#8679,#7344,#7345);
#6548=AXIS2_PLACEMENT_3D('',#8682,#7347,#7348);
#6549=AXIS2_PLACEMENT_3D('',#8686,#7351,#7352);
#6550=AXIS2_PLACEMENT_3D('',#8687,#7353,#7354);
#6551=AXIS2_PLACEMENT_3D('',#8690,#7356,#7357);
#6552=AXIS2_PLACEMENT_3D('',#8692,#7359,#7360);
#6553=AXIS2_PLACEMENT_3D('',#8698,#7364,#7365);
#6554=AXIS2_PLACEMENT_3D('',#8702,#7368,#7369);
#6555=AXIS2_PLACEMENT_3D('',#8706,#7372,#7373);
#6556=AXIS2_PLACEMENT_3D('',#8707,#7374,#7375);
#6557=AXIS2_PLACEMENT_3D('',#8710,#7377,#7378);
#6558=AXIS2_PLACEMENT_3D('',#8714,#7381,#7382);
#6559=AXIS2_PLACEMENT_3D('',#8715,#7383,#7384);
#6560=AXIS2_PLACEMENT_3D('',#8716,#7385,#7386);
#6561=AXIS2_PLACEMENT_3D('',#8717,#7387,#7388);
#6562=AXIS2_PLACEMENT_3D('',#8722,#7391,#7392);
#6563=AXIS2_PLACEMENT_3D('',#8726,#7395,#7396);
#6564=AXIS2_PLACEMENT_3D('',#8730,#7399,#7400);
#6565=AXIS2_PLACEMENT_3D('',#8734,#7403,#7404);
#6566=AXIS2_PLACEMENT_3D('',#8735,#7405,#7406);
#6567=AXIS2_PLACEMENT_3D('',#8738,#7408,#7409);
#6568=AXIS2_PLACEMENT_3D('',#8740,#7411,#7412);
#6569=AXIS2_PLACEMENT_3D('',#8741,#7413,#7414);
#6570=AXIS2_PLACEMENT_3D('',#8746,#7417,#7418);
#6571=AXIS2_PLACEMENT_3D('',#8750,#7421,#7422);
#6572=AXIS2_PLACEMENT_3D('',#8754,#7425,#7426);
#6573=AXIS2_PLACEMENT_3D('',#8758,#7429,#7430);
#6574=AXIS2_PLACEMENT_3D('',#8759,#7431,#7432);
#6575=AXIS2_PLACEMENT_3D('',#8762,#7434,#7435);
#6576=AXIS2_PLACEMENT_3D('',#8764,#7437,#7438);
#6577=AXIS2_PLACEMENT_3D('',#8765,#7439,#7440);
#6578=AXIS2_PLACEMENT_3D('',#8770,#7443,#7444);
#6579=AXIS2_PLACEMENT_3D('',#8774,#7447,#7448);
#6580=AXIS2_PLACEMENT_3D('',#8778,#7451,#7452);
#6581=AXIS2_PLACEMENT_3D('',#8782,#7455,#7456);
#6582=AXIS2_PLACEMENT_3D('',#8783,#7457,#7458);
#6583=AXIS2_PLACEMENT_3D('',#8786,#7460,#7461);
#6584=AXIS2_PLACEMENT_3D('',#8788,#7463,#7464);
#6585=AXIS2_PLACEMENT_3D('',#8794,#7468,#7469);
#6586=AXIS2_PLACEMENT_3D('',#8795,#7470,#7471);
#6587=AXIS2_PLACEMENT_3D('',#8798,#7473,#7474);
#6588=AXIS2_PLACEMENT_3D('',#8802,#7477,#7478);
#6589=AXIS2_PLACEMENT_3D('',#8806,#7481,#7482);
#6590=AXIS2_PLACEMENT_3D('',#8810,#7485,#7486);
#6591=AXIS2_PLACEMENT_3D('',#8811,#7487,#7488);
#6592=AXIS2_PLACEMENT_3D('',#8812,#7489,#7490);
#6593=AXIS2_PLACEMENT_3D('',#8813,#7491,#7492);
#6594=AXIS2_PLACEMENT_3D('',#8818,#7495,#7496);
#6595=AXIS2_PLACEMENT_3D('',#8822,#7499,#7500);
#6596=AXIS2_PLACEMENT_3D('',#8823,#7501,#7502);
#6597=AXIS2_PLACEMENT_3D('',#8826,#7504,#7505);
#6598=AXIS2_PLACEMENT_3D('',#8830,#7508,#7509);
#6599=AXIS2_PLACEMENT_3D('',#8834,#7512,#7513);
#6600=AXIS2_PLACEMENT_3D('',#8836,#7515,#7516);
#6601=AXIS2_PLACEMENT_3D('',#8842,#7520,#7521);
#6602=AXIS2_PLACEMENT_3D('',#8846,#7524,#7525);
#6603=AXIS2_PLACEMENT_3D('',#8847,#7526,#7527);
#6604=AXIS2_PLACEMENT_3D('',#8850,#7529,#7530);
#6605=AXIS2_PLACEMENT_3D('',#8854,#7533,#7534);
#6606=AXIS2_PLACEMENT_3D('',#8855,#7535,#7536);
#6607=AXIS2_PLACEMENT_3D('',#8858,#7538,#7539);
#6608=AXIS2_PLACEMENT_3D('',#8860,#7541,#7542);
#6609=AXIS2_PLACEMENT_3D('',#8866,#7546,#7547);
#6610=AXIS2_PLACEMENT_3D('',#8870,#7550,#7551);
#6611=AXIS2_PLACEMENT_3D('',#8874,#7554,#7555);
#6612=AXIS2_PLACEMENT_3D('',#8878,#7558,#7559);
#6613=AXIS2_PLACEMENT_3D('',#8880,#7561,#7562);
#6614=AXIS2_PLACEMENT_3D('',#8886,#7566,#7567);
#6615=AXIS2_PLACEMENT_3D('',#8890,#7570,#7571);
#6616=AXIS2_PLACEMENT_3D('',#8891,#7572,#7573);
#6617=AXIS2_PLACEMENT_3D('',#8894,#7575,#7576);
#6618=AXIS2_PLACEMENT_3D('',#8898,#7579,#7580);
#6619=AXIS2_PLACEMENT_3D('',#8899,#7581,#7582);
#6620=AXIS2_PLACEMENT_3D('',#8902,#7584,#7585);
#6621=AXIS2_PLACEMENT_3D('',#8904,#7587,#7588);
#6622=AXIS2_PLACEMENT_3D('',#8907,#7591,#7592);
#6623=AXIS2_PLACEMENT_3D('',#8913,#7596,#7597);
#6624=AXIS2_PLACEMENT_3D('',#8917,#7600,#7601);
#6625=AXIS2_PLACEMENT_3D('',#8918,#7602,#7603);
#6626=AXIS2_PLACEMENT_3D('',#8921,#7605,#7606);
#6627=AXIS2_PLACEMENT_3D('',#8925,#7609,#7610);
#6628=AXIS2_PLACEMENT_3D('',#8926,#7611,#7612);
#6629=AXIS2_PLACEMENT_3D('',#8929,#7614,#7615);
#6630=AXIS2_PLACEMENT_3D('',#8931,#7617,#7618);
#6631=AXIS2_PLACEMENT_3D('',#8937,#7622,#7623);
#6632=AXIS2_PLACEMENT_3D('',#8941,#7626,#7627);
#6633=AXIS2_PLACEMENT_3D('',#8942,#7628,#7629);
#6634=AXIS2_PLACEMENT_3D('',#8945,#7631,#7632);
#6635=AXIS2_PLACEMENT_3D('',#8949,#7635,#7636);
#6636=AXIS2_PLACEMENT_3D('',#8950,#7637,#7638);
#6637=AXIS2_PLACEMENT_3D('',#8953,#7640,#7641);
#6638=AXIS2_PLACEMENT_3D('',#8955,#7643,#7644);
#6639=AXIS2_PLACEMENT_3D('',#8961,#7648,#7649);
#6640=AXIS2_PLACEMENT_3D('',#8962,#7650,#7651);
#6641=AXIS2_PLACEMENT_3D('',#8965,#7653,#7654);
#6642=AXIS2_PLACEMENT_3D('',#8969,#7657,#7658);
#6643=AXIS2_PLACEMENT_3D('',#8973,#7661,#7662);
#6644=AXIS2_PLACEMENT_3D('',#8977,#7665,#7666);
#6645=AXIS2_PLACEMENT_3D('',#8978,#7667,#7668);
#6646=AXIS2_PLACEMENT_3D('',#8979,#7669,#7670);
#6647=AXIS2_PLACEMENT_3D('',#8985,#7674,#7675);
#6648=AXIS2_PLACEMENT_3D('',#8986,#7676,#7677);
#6649=AXIS2_PLACEMENT_3D('',#8989,#7679,#7680);
#6650=AXIS2_PLACEMENT_3D('',#8993,#7683,#7684);
#6651=AXIS2_PLACEMENT_3D('',#8997,#7687,#7688);
#6652=AXIS2_PLACEMENT_3D('',#9001,#7691,#7692);
#6653=AXIS2_PLACEMENT_3D('',#9002,#7693,#7694);
#6654=AXIS2_PLACEMENT_3D('',#9003,#7695,#7696);
#6655=AXIS2_PLACEMENT_3D('',#9004,#7697,#7698);
#6656=AXIS2_PLACEMENT_3D('',#9009,#7701,#7702);
#6657=AXIS2_PLACEMENT_3D('',#9013,#7705,#7706);
#6658=AXIS2_PLACEMENT_3D('',#9017,#7709,#7710);
#6659=AXIS2_PLACEMENT_3D('',#9021,#7713,#7714);
#6660=AXIS2_PLACEMENT_3D('',#9022,#7715,#7716);
#6661=AXIS2_PLACEMENT_3D('',#9025,#7718,#7719);
#6662=AXIS2_PLACEMENT_3D('',#9027,#7721,#7722);
#6663=AXIS2_PLACEMENT_3D('',#9033,#7726,#7727);
#6664=AXIS2_PLACEMENT_3D('',#9034,#7728,#7729);
#6665=AXIS2_PLACEMENT_3D('',#9037,#7731,#7732);
#6666=AXIS2_PLACEMENT_3D('',#9041,#7735,#7736);
#6667=AXIS2_PLACEMENT_3D('',#9045,#7739,#7740);
#6668=AXIS2_PLACEMENT_3D('',#9049,#7743,#7744);
#6669=AXIS2_PLACEMENT_3D('',#9050,#7745,#7746);
#6670=AXIS2_PLACEMENT_3D('',#9051,#7747,#7748);
#6671=AXIS2_PLACEMENT_3D('',#9057,#7752,#7753);
#6672=AXIS2_PLACEMENT_3D('',#9058,#7754,#7755);
#6673=AXIS2_PLACEMENT_3D('',#9061,#7757,#7758);
#6674=AXIS2_PLACEMENT_3D('',#9065,#7761,#7762);
#6675=AXIS2_PLACEMENT_3D('',#9069,#7765,#7766);
#6676=AXIS2_PLACEMENT_3D('',#9073,#7769,#7770);
#6677=AXIS2_PLACEMENT_3D('',#9074,#7771,#7772);
#6678=AXIS2_PLACEMENT_3D('',#9075,#7773,#7774);
#6679=AXIS2_PLACEMENT_3D('',#9081,#7778,#7779);
#6680=AXIS2_PLACEMENT_3D('',#9085,#7782,#7783);
#6681=AXIS2_PLACEMENT_3D('',#9089,#7786,#7787);
#6682=AXIS2_PLACEMENT_3D('',#9090,#7788,#7789);
#6683=AXIS2_PLACEMENT_3D('',#9093,#7791,#7792);
#6684=AXIS2_PLACEMENT_3D('',#9097,#7795,#7796);
#6685=AXIS2_PLACEMENT_3D('',#9098,#7797,#7798);
#6686=AXIS2_PLACEMENT_3D('',#9099,#7799,#7800);
#6687=AXIS2_PLACEMENT_3D('',#9100,#7801,#7802);
#6688=AXIS2_PLACEMENT_3D('',#9105,#7805,#7806);
#6689=AXIS2_PLACEMENT_3D('',#9109,#7809,#7810);
#6690=AXIS2_PLACEMENT_3D('',#9113,#7813,#7814);
#6691=AXIS2_PLACEMENT_3D('',#9117,#7817,#7818);
#6692=AXIS2_PLACEMENT_3D('',#9118,#7819,#7820);
#6693=AXIS2_PLACEMENT_3D('',#9121,#7822,#7823);
#6694=AXIS2_PLACEMENT_3D('',#9123,#7825,#7826);
#6695=AXIS2_PLACEMENT_3D('',#9132,#7831,#7832);
#6696=AXIS2_PLACEMENT_3D('',#9141,#7837,#7838);
#6697=AXIS2_PLACEMENT_3D('',#9150,#7843,#7844);
#6698=AXIS2_PLACEMENT_3D('',#9151,#7845,#7846);
#6699=AXIS2_PLACEMENT_3D('',#9154,#7848,#7849);
#6700=AXIS2_PLACEMENT_3D('',#9156,#7851,#7852);
#6701=AXIS2_PLACEMENT_3D('',#9162,#7856,#7857);
#6702=AXIS2_PLACEMENT_3D('',#9166,#7860,#7861);
#6703=AXIS2_PLACEMENT_3D('',#9170,#7864,#7865);
#6704=AXIS2_PLACEMENT_3D('',#9172,#7867,#7868);
#6705=AXIS2_PLACEMENT_3D('',#9178,#7872,#7873);
#6706=AXIS2_PLACEMENT_3D('',#9182,#7876,#7877);
#6707=AXIS2_PLACEMENT_3D('',#9186,#7880,#7881);
#6708=AXIS2_PLACEMENT_3D('',#9188,#7883,#7884);
#6709=AXIS2_PLACEMENT_3D('',#9194,#7888,#7889);
#6710=AXIS2_PLACEMENT_3D('',#9198,#7892,#7893);
#6711=AXIS2_PLACEMENT_3D('',#9202,#7896,#7897);
#6712=AXIS2_PLACEMENT_3D('',#9204,#7899,#7900);
#6713=AXIS2_PLACEMENT_3D('',#9213,#7905,#7906);
#6714=AXIS2_PLACEMENT_3D('',#9222,#7911,#7912);
#6715=AXIS2_PLACEMENT_3D('',#9225,#7915,#7916);
#6716=AXIS2_PLACEMENT_3D('',#9227,#7918,#7919);
#6717=AXIS2_PLACEMENT_3D('',#9229,#7921,#7922);
#6718=AXIS2_PLACEMENT_3D('',#9230,#7923,#7924);
#6719=AXIS2_PLACEMENT_3D('',#9236,#7928,#7929);
#6720=AXIS2_PLACEMENT_3D('',#9240,#7932,#7933);
#6721=AXIS2_PLACEMENT_3D('',#9244,#7936,#7937);
#6722=AXIS2_PLACEMENT_3D('',#9246,#7939,#7940);
#6723=AXIS2_PLACEMENT_3D('',#9247,#7941,#7942);
#6724=AXIS2_PLACEMENT_3D('',#9248,#7943,#7944);
#6725=AXIS2_PLACEMENT_3D('',#9250,#7945,#7946);
#6726=DIRECTION('',(0.,0.,1.));
#6727=DIRECTION('',(1.,0.,0.));
#6728=DIRECTION('',(-1.,0.,0.));
#6729=DIRECTION('',(0.,0.,1.));
#6730=DIRECTION('',(0.,0.,-1.));
#6731=DIRECTION('',(0.,-1.,0.));
#6732=DIRECTION('',(0.,0.,1.));
#6733=DIRECTION('',(0.,-1.,0.));
#6734=DIRECTION('',(0.,0.,-1.));
#6735=DIRECTION('',(-1.,0.,0.));
#6736=DIRECTION('',(1.,0.,0.));
#6737=DIRECTION('',(-1.,0.,0.));
#6738=DIRECTION('',(0.,-1.,0.));
#6739=DIRECTION('',(0.,0.,1.));
#6740=DIRECTION('',(1.,0.,0.));
#6741=DIRECTION('',(-1.,0.,0.));
#6742=DIRECTION('',(0.,-1.,0.));
#6743=DIRECTION('',(1.,0.,0.));
#6744=DIRECTION('',(0.,1.,0.));
#6745=DIRECTION('',(0.,0.,-1.));
#6746=DIRECTION('',(0.,0.,-1.));
#6747=DIRECTION('',(1.,0.,0.));
#6748=DIRECTION('',(0.,0.,-1.));
#6749=DIRECTION('',(0.,0.,1.));
#6750=DIRECTION('',(0.,-1.,0.));
#6751=DIRECTION('',(0.,0.,-1.));
#6752=DIRECTION('',(0.,0.,1.));
#6753=DIRECTION('',(-1.,0.,0.));
#6754=DIRECTION('',(0.,0.,-1.));
#6755=DIRECTION('',(1.,0.,0.));
#6756=DIRECTION('',(-1.,0.,0.));
#6757=DIRECTION('',(0.,0.,1.));
#6758=DIRECTION('',(1.,0.,0.));
#6759=DIRECTION('',(0.,0.,1.));
#6760=DIRECTION('',(1.,0.,0.));
#6761=DIRECTION('',(0.,0.,1.));
#6762=DIRECTION('',(-1.,0.,0.));
#6763=DIRECTION('',(0.,0.,-1.));
#6764=DIRECTION('',(-1.,0.,0.));
#6765=DIRECTION('',(0.,0.,-1.));
#6766=DIRECTION('',(-1.,0.,0.));
#6767=DIRECTION('',(0.,0.,-1.));
#6768=DIRECTION('',(-1.,0.,0.));
#6769=DIRECTION('',(0.,0.,1.));
#6770=DIRECTION('',(1.,0.,0.));
#6771=DIRECTION('',(0.,0.,1.));
#6772=DIRECTION('',(-1.,0.,0.));
#6773=DIRECTION('',(0.,0.,-1.));
#6774=DIRECTION('',(1.,0.,0.));
#6775=DIRECTION('',(0.,0.,1.));
#6776=DIRECTION('',(1.,0.,0.));
#6777=DIRECTION('',(0.,0.,-1.));
#6778=DIRECTION('',(0.,-1.,0.));
#6779=DIRECTION('',(0.,0.,-1.));
#6780=DIRECTION('',(0.,-1.,0.));
#6781=DIRECTION('',(0.,0.,1.));
#6782=DIRECTION('',(1.,0.,0.));
#6783=DIRECTION('',(1.,0.,0.));
#6784=DIRECTION('',(0.,-1.,0.));
#6785=DIRECTION('',(-1.,0.,0.));
#6786=DIRECTION('',(0.,0.,1.));
#6787=DIRECTION('',(0.,0.,1.));
#6788=DIRECTION('',(0.,-1.,0.));
#6789=DIRECTION('',(0.,0.,-1.));
#6790=DIRECTION('',(-1.,0.,0.));
#6791=DIRECTION('',(-1.,0.,0.));
#6792=DIRECTION('',(0.,1.,0.));
#6793=DIRECTION('',(0.,0.,-1.));
#6794=DIRECTION('',(0.,0.,-1.));
#6795=DIRECTION('',(-1.,0.,0.));
#6796=DIRECTION('',(0.,-1.,0.));
#6797=DIRECTION('',(-1.,0.,0.));
#6798=DIRECTION('',(0.,-1.,0.));
#6799=DIRECTION('',(0.,0.,1.));
#6800=DIRECTION('',(1.,0.,0.));
#6801=DIRECTION('',(0.,-1.,0.));
#6802=DIRECTION('',(1.,0.,0.));
#6803=DIRECTION('',(0.,-1.,0.));
#6804=DIRECTION('',(0.,1.,0.));
#6805=DIRECTION('',(0.,0.,-1.));
#6806=DIRECTION('',(0.,0.,-1.));
#6807=DIRECTION('',(0.,0.,1.));
#6808=DIRECTION('',(-1.,0.,0.));
#6809=DIRECTION('',(0.,0.,1.));
#6810=DIRECTION('',(1.,0.,0.));
#6811=DIRECTION('',(0.,0.,-1.));
#6812=DIRECTION('',(0.,1.,0.));
#6813=DIRECTION('',(0.,0.,-1.));
#6814=DIRECTION('',(0.,0.,-1.));
#6815=DIRECTION('',(-1.,0.,0.));
#6816=DIRECTION('',(0.,0.,1.));
#6817=DIRECTION('',(1.,0.,0.));
#6818=DIRECTION('',(0.,0.,1.));
#6819=DIRECTION('',(1.,0.,0.));
#6820=DIRECTION('',(0.,-1.,0.));
#6821=DIRECTION('',(0.,-1.,0.));
#6822=DIRECTION('',(-1.,0.,0.));
#6823=DIRECTION('',(0.,0.,1.));
#6824=DIRECTION('',(0.,-1.,0.));
#6825=DIRECTION('',(0.,0.,-1.));
#6826=DIRECTION('',(-1.,0.,0.));
#6827=DIRECTION('',(0.,-1.,0.));
#6828=DIRECTION('',(1.,0.,0.));
#6829=DIRECTION('',(0.,0.,-1.));
#6830=DIRECTION('',(0.,0.,1.));
#6831=DIRECTION('',(1.,0.,0.));
#6832=DIRECTION('',(0.,-1.,0.));
#6833=DIRECTION('',(1.,0.,0.));
#6834=DIRECTION('',(0.,-1.,0.));
#6835=DIRECTION('',(0.,0.,-1.));
#6836=DIRECTION('',(-1.,0.,0.));
#6837=DIRECTION('',(0.,-1.,0.));
#6838=DIRECTION('',(-1.,0.,0.));
#6839=DIRECTION('',(0.,-1.,0.));
#6840=DIRECTION('',(0.,1.,0.));
#6841=DIRECTION('',(0.,0.,-1.));
#6842=DIRECTION('',(0.,0.,-1.));
#6843=DIRECTION('',(0.,0.,1.));
#6844=DIRECTION('',(-1.,0.,0.));
#6845=DIRECTION('',(0.,0.,1.));
#6846=DIRECTION('',(1.,0.,0.));
#6847=DIRECTION('',(0.,0.,-1.));
#6848=DIRECTION('',(0.,1.,0.));
#6849=DIRECTION('',(0.,0.,-1.));
#6850=DIRECTION('',(0.,0.,-1.));
#6851=DIRECTION('',(-1.,0.,0.));
#6852=DIRECTION('',(0.,0.,1.));
#6853=DIRECTION('',(1.,0.,0.));
#6854=DIRECTION('',(0.,0.,-1.));
#6855=DIRECTION('',(-1.,0.,0.));
#6856=DIRECTION('',(0.,-1.,0.));
#6857=DIRECTION('',(0.,-1.,0.));
#6858=DIRECTION('',(-1.,0.,0.));
#6859=DIRECTION('',(0.,0.,1.));
#6860=DIRECTION('',(0.,-1.,0.));
#6861=DIRECTION('',(0.,0.,1.));
#6862=DIRECTION('',(1.,0.,0.));
#6863=DIRECTION('',(0.,-1.,0.));
#6864=DIRECTION('',(1.,0.,0.));
#6865=DIRECTION('',(0.,0.,-1.));
#6866=DIRECTION('',(1.,0.,0.));
#6867=DIRECTION('',(0.,0.,-1.));
#6868=DIRECTION('',(0.,0.,-1.));
#6869=DIRECTION('',(0.,1.,0.));
#6870=DIRECTION('',(0.,0.,-1.));
#6871=DIRECTION('',(0.,1.,0.));
#6872=DIRECTION('',(0.,0.,-1.));
#6873=DIRECTION('',(-1.,0.,0.));
#6874=DIRECTION('',(-1.,0.,0.));
#6875=DIRECTION('',(-1.,0.,0.));
#6876=DIRECTION('',(0.,1.,0.));
#6877=DIRECTION('',(-1.,0.,0.));
#6878=DIRECTION('',(0.,0.,1.));
#6879=DIRECTION('',(0.,0.,1.));
#6880=DIRECTION('',(0.,0.,1.));
#6881=DIRECTION('',(0.,1.,0.));
#6882=DIRECTION('',(0.,0.,1.));
#6883=DIRECTION('',(1.,0.,0.));
#6884=DIRECTION('',(1.,0.,0.));
#6885=DIRECTION('',(1.,0.,0.));
#6886=DIRECTION('',(0.,-1.,0.));
#6887=DIRECTION('',(0.,0.,-1.));
#6888=DIRECTION('',(0.,1.,0.));
#6889=DIRECTION('',(0.,0.,1.));
#6890=DIRECTION('',(1.,0.,0.));
#6891=DIRECTION('',(0.,0.,-1.));
#6892=DIRECTION('',(-1.,0.,0.));
#6893=DIRECTION('',(0.,0.,1.));
#6894=DIRECTION('',(0.,0.,-1.));
#6895=DIRECTION('',(-1.,0.,0.));
#6896=DIRECTION('',(0.,0.,1.));
#6897=DIRECTION('',(1.,0.,0.));
#6898=DIRECTION('',(0.,0.,-1.));
#6899=DIRECTION('',(-1.,0.,0.));
#6900=DIRECTION('',(0.,0.,1.));
#6901=DIRECTION('',(1.,0.,0.));
#6902=DIRECTION('',(1.,0.,0.));
#6903=DIRECTION('',(0.,0.,-1.));
#6904=DIRECTION('',(1.,0.,0.));
#6905=DIRECTION('',(0.,0.,-1.));
#6906=DIRECTION('',(0.,0.,-1.));
#6907=DIRECTION('',(-1.,0.,0.));
#6908=DIRECTION('',(0.,0.,1.));
#6909=DIRECTION('',(1.,0.,0.));
#6910=DIRECTION('',(-1.,0.,0.));
#6911=DIRECTION('',(0.,0.,1.));
#6912=DIRECTION('',(1.,0.,0.));
#6913=DIRECTION('',(0.,0.,-1.));
#6914=DIRECTION('',(1.,0.,0.));
#6915=DIRECTION('',(0.,0.,-1.));
#6916=DIRECTION('',(0.,1.,0.));
#6917=DIRECTION('',(0.,0.,-1.));
#6918=DIRECTION('',(0.,1.,0.));
#6919=DIRECTION('',(-1.,0.,0.));
#6920=DIRECTION('',(0.,0.,1.));
#6921=DIRECTION('',(0.,1.,0.));
#6922=DIRECTION('',(0.,0.,1.));
#6923=DIRECTION('',(0.,1.,0.));
#6924=DIRECTION('',(0.,-1.,0.));
#6925=DIRECTION('',(0.,0.,-1.));
#6926=DIRECTION('',(1.,0.,0.));
#6927=DIRECTION('',(-1.,0.,0.));
#6928=DIRECTION('',(0.,0.,1.));
#6929=DIRECTION('',(1.,0.,0.));
#6930=DIRECTION('',(0.,0.,-1.));
#6931=DIRECTION('',(-1.,0.,0.));
#6932=DIRECTION('',(1.,0.,0.));
#6933=DIRECTION('',(0.,0.,-1.));
#6934=DIRECTION('',(0.,1.,0.));
#6935=DIRECTION('',(0.,0.,-1.));
#6936=DIRECTION('',(0.,1.,0.));
#6937=DIRECTION('',(-1.,0.,0.));
#6938=DIRECTION('',(0.,0.,1.));
#6939=DIRECTION('',(0.,1.,0.));
#6940=DIRECTION('',(0.,0.,1.));
#6941=DIRECTION('',(0.,1.,0.));
#6942=DIRECTION('',(0.,-1.,0.));
#6943=DIRECTION('',(0.,0.,-1.));
#6944=DIRECTION('',(1.,0.,0.));
#6945=DIRECTION('',(-1.,0.,0.));
#6946=DIRECTION('',(0.,0.,-1.));
#6947=DIRECTION('',(-1.,0.,0.));
#6948=DIRECTION('',(0.,0.,1.));
#6949=DIRECTION('',(1.,0.,0.));
#6950=DIRECTION('',(1.,0.,0.));
#6951=DIRECTION('',(0.,0.,-1.));
#6952=DIRECTION('',(0.,1.,0.));
#6953=DIRECTION('',(0.,0.,-1.));
#6954=DIRECTION('',(0.,1.,0.));
#6955=DIRECTION('',(0.,-1.,0.));
#6956=DIRECTION('',(0.,0.,-1.));
#6957=DIRECTION('',(1.,0.,0.));
#6958=DIRECTION('',(0.,0.,1.));
#6959=DIRECTION('',(-1.,0.,0.));
#6960=DIRECTION('',(0.,0.,1.));
#6961=DIRECTION('',(1.,0.,0.));
#6962=DIRECTION('',(0.,1.,0.));
#6963=DIRECTION('',(0.,0.,-1.));
#6964=DIRECTION('',(-1.,0.,0.));
#6965=DIRECTION('',(0.,1.,0.));
#6966=DIRECTION('',(-1.,0.,0.));
#6967=DIRECTION('',(0.,0.,1.));
#6968=DIRECTION('',(1.,0.,0.));
#6969=DIRECTION('',(0.,0.,-1.));
#6970=DIRECTION('',(0.,1.,0.));
#6971=DIRECTION('',(0.,0.,-1.));
#6972=DIRECTION('',(0.,1.,0.));
#6973=DIRECTION('',(0.,0.,1.));
#6974=DIRECTION('',(1.,0.,0.));
#6975=DIRECTION('',(0.,1.,0.));
#6976=DIRECTION('',(1.,0.,0.));
#6977=DIRECTION('',(-1.,0.,0.));
#6978=DIRECTION('',(0.,0.,1.));
#6979=DIRECTION('',(0.,1.,0.));
#6980=DIRECTION('',(0.,0.,1.));
#6981=DIRECTION('',(0.,0.,-1.));
#6982=DIRECTION('',(-1.,0.,0.));
#6983=DIRECTION('',(-1.,0.,0.));
#6984=DIRECTION('',(0.,-1.,0.));
#6985=DIRECTION('',(0.,0.,-1.));
#6986=DIRECTION('',(-1.,0.,0.));
#6987=DIRECTION('',(0.,0.,1.));
#6988=DIRECTION('',(0.,-1.,0.));
#6989=DIRECTION('',(0.,1.07880813182637E-15,-1.));
#6990=DIRECTION('',(0.,1.,0.));
#6991=DIRECTION('',(0.,-1.07880813182637E-15,1.));
#6992=DIRECTION('',(-1.,0.,0.));
#6993=DIRECTION('',(0.,0.,1.));
#6994=DIRECTION('',(0.,-1.,0.));
#6995=DIRECTION('',(0.,1.07880813182637E-15,-1.));
#6996=DIRECTION('',(0.,1.,0.));
#6997=DIRECTION('',(0.,-1.07880813182637E-15,1.));
#6998=DIRECTION('',(-1.,0.,0.));
#6999=DIRECTION('',(0.,0.,1.));
#7000=DIRECTION('',(0.,-1.,0.));
#7001=DIRECTION('',(0.,1.07880813182637E-15,-1.));
#7002=DIRECTION('',(0.,1.,0.));
#7003=DIRECTION('',(0.,-1.07880813182637E-15,1.));
#7004=DIRECTION('',(-1.,0.,0.));
#7005=DIRECTION('',(0.,0.,1.));
#7006=DIRECTION('',(0.,-1.,0.));
#7007=DIRECTION('',(0.,1.07880813182637E-15,-1.));
#7008=DIRECTION('',(0.,1.,0.));
#7009=DIRECTION('',(0.,-1.07880813182637E-15,1.));
#7010=DIRECTION('',(0.,0.,1.));
#7011=DIRECTION('',(-1.,0.,0.));
#7012=DIRECTION('',(0.,0.,1.));
#7013=DIRECTION('',(1.,0.,0.));
#7014=DIRECTION('',(0.,1.,0.));
#7015=DIRECTION('',(0.,0.,1.));
#7016=DIRECTION('',(-1.,0.,0.));
#7017=DIRECTION('',(1.,1.21926319151588E-15,0.));
#7018=DIRECTION('',(0.,-1.,0.));
#7019=DIRECTION('',(-1.,0.,0.));
#7020=DIRECTION('',(0.,0.,1.));
#7021=DIRECTION('',(-1.,0.,0.));
#7022=DIRECTION('',(0.,0.,-1.));
#7023=DIRECTION('',(1.,0.,0.));
#7024=DIRECTION('',(-1.,0.,0.));
#7025=DIRECTION('',(0.,1.,0.));
#7026=DIRECTION('',(1.,-1.21926319151588E-15,0.));
#7027=DIRECTION('',(0.,0.,-1.));
#7028=DIRECTION('',(-1.,0.,0.));
#7029=DIRECTION('',(0.,-1.,0.));
#7030=DIRECTION('',(0.,0.,1.));
#7031=DIRECTION('',(1.,0.,0.));
#7032=DIRECTION('',(0.,0.,-1.));
#7033=DIRECTION('',(-1.,0.,0.));
#7034=DIRECTION('',(1.,0.,0.));
#7035=DIRECTION('',(0.,-1.,0.));
#7036=DIRECTION('',(-1.,1.21926319151588E-15,0.));
#7037=DIRECTION('',(0.,0.,-1.));
#7038=DIRECTION('',(1.,0.,0.));
#7039=DIRECTION('',(0.,1.,0.));
#7040=DIRECTION('',(0.,0.,1.));
#7041=DIRECTION('',(1.,0.,0.));
#7042=DIRECTION('',(0.,0.,-1.));
#7043=DIRECTION('',(-1.,0.,0.));
#7044=DIRECTION('',(1.,0.,0.));
#7045=DIRECTION('',(0.,-1.,0.));
#7046=DIRECTION('',(-1.,1.21926319151588E-15,0.));
#7047=DIRECTION('',(0.,0.,-1.));
#7048=DIRECTION('',(1.,0.,0.));
#7049=DIRECTION('',(0.,1.,0.));
#7050=DIRECTION('',(0.,0.,1.));
#7051=DIRECTION('',(1.,0.,0.));
#7052=DIRECTION('',(0.,0.,1.));
#7053=DIRECTION('',(-1.,0.,0.));
#7054=DIRECTION('',(0.,-1.,0.));
#7055=DIRECTION('',(0.,0.,1.));
#7056=DIRECTION('',(1.,0.,0.));
#7057=DIRECTION('',(-1.,-1.21926319151588E-15,0.));
#7058=DIRECTION('',(0.,1.,0.));
#7059=DIRECTION('',(1.,0.,0.));
#7060=DIRECTION('',(0.,0.,1.));
#7061=DIRECTION('',(1.,0.,0.));
#7062=DIRECTION('',(0.,0.,1.));
#7063=DIRECTION('',(-1.,0.,0.));
#7064=DIRECTION('',(0.,-1.,0.));
#7065=DIRECTION('',(0.,0.,1.));
#7066=DIRECTION('',(1.,0.,0.));
#7067=DIRECTION('',(-1.,-1.21926319151588E-15,0.));
#7068=DIRECTION('',(0.,1.,0.));
#7069=DIRECTION('',(1.,0.,0.));
#7070=DIRECTION('',(0.,0.,1.));
#7071=DIRECTION('',(1.,0.,0.));
#7072=DIRECTION('',(0.,0.,-1.));
#7073=DIRECTION('',(1.,0.,0.));
#7074=DIRECTION('',(1.,0.,0.));
#7075=DIRECTION('',(0.,0.,-1.));
#7076=DIRECTION('',(-1.,0.,0.));
#7077=DIRECTION('',(2.99085479541828E-16,-1.,0.));
#7078=DIRECTION('',(-1.,0.,0.));
#7079=DIRECTION('',(-3.14191218809578E-16,1.,0.));
#7080=DIRECTION('',(0.,0.,1.));
#7081=DIRECTION('',(1.,0.,0.));
#7082=DIRECTION('',(0.,0.,-1.));
#7083=DIRECTION('',(1.,0.,0.));
#7084=DIRECTION('',(1.,0.,0.));
#7085=DIRECTION('',(0.,0.,-1.));
#7086=DIRECTION('',(-1.,0.,0.));
#7087=DIRECTION('',(2.99085479541828E-16,-1.,0.));
#7088=DIRECTION('',(-1.,0.,0.));
#7089=DIRECTION('',(-3.14191218809578E-16,1.,0.));
#7090=DIRECTION('',(0.,0.,1.));
#7091=DIRECTION('',(-1.,0.,0.));
#7092=DIRECTION('',(0.,0.,1.));
#7093=DIRECTION('',(-1.,0.,0.));
#7094=DIRECTION('',(3.14191218809578E-16,1.,0.));
#7095=DIRECTION('',(1.,0.,0.));
#7096=DIRECTION('',(-2.99085479541828E-16,-1.,0.));
#7097=DIRECTION('',(0.,0.,1.));
#7098=DIRECTION('',(1.,0.,0.));
#7099=DIRECTION('',(-1.,0.,0.));
#7100=DIRECTION('',(0.,0.,1.));
#7101=DIRECTION('',(-1.,0.,0.));
#7102=DIRECTION('',(0.,0.,1.));
#7103=DIRECTION('',(-1.,0.,0.));
#7104=DIRECTION('',(3.14191218809578E-16,1.,0.));
#7105=DIRECTION('',(1.,0.,0.));
#7106=DIRECTION('',(-2.99085479541828E-16,-1.,0.));
#7107=DIRECTION('',(0.,0.,1.));
#7108=DIRECTION('',(1.,0.,0.));
#7109=DIRECTION('',(-1.,0.,0.));
#7110=DIRECTION('',(0.,0.,-1.));
#7111=DIRECTION('',(-1.,0.,0.));
#7112=DIRECTION('',(0.707106781186552,0.707106781186543,0.));
#7113=DIRECTION('',(1.,0.,0.));
#7114=DIRECTION('',(0.,-1.,0.));
#7115=DIRECTION('',(-1.,0.,0.));
#7116=DIRECTION('',(0.,1.,0.));
#7117=DIRECTION('',(0.,0.,1.));
#7118=DIRECTION('',(1.,0.,0.));
#7119=DIRECTION('',(0.,0.,1.));
#7120=DIRECTION('',(1.,0.,0.));
#7121=DIRECTION('',(-3.14191218809578E-16,-1.,0.));
#7122=DIRECTION('',(-1.,0.,0.));
#7123=DIRECTION('',(2.99085479541828E-16,1.,0.));
#7124=DIRECTION('',(0.,0.,1.));
#7125=DIRECTION('',(-1.,0.,0.));
#7126=DIRECTION('',(1.,0.,0.));
#7127=DIRECTION('',(0.,0.,1.));
#7128=DIRECTION('',(1.,0.,0.));
#7129=DIRECTION('',(0.,1.,0.));
#7130=DIRECTION('',(-1.,0.,0.));
#7131=DIRECTION('',(-1.,0.,0.));
#7132=DIRECTION('',(0.,-1.,-1.07880813182637E-15));
#7133=DIRECTION('',(0.,1.07880813182637E-15,-1.));
#7134=DIRECTION('',(0.,-1.07880813182637E-15,1.));
#7135=DIRECTION('',(-1.,0.,0.));
#7136=DIRECTION('',(0.,0.,-1.));
#7137=DIRECTION('',(-1.,0.,0.));
#7138=DIRECTION('',(0.,-1.,0.));
#7139=DIRECTION('',(-1.,0.,0.));
#7140=DIRECTION('',(0.,1.,1.07880813182637E-15));
#7141=DIRECTION('',(0.,-1.07880813182637E-15,1.));
#7142=DIRECTION('',(0.,1.07880813182637E-15,-1.));
#7143=DIRECTION('',(0.,0.,1.));
#7144=DIRECTION('',(1.,0.,0.));
#7145=DIRECTION('',(0.,1.,0.));
#7146=DIRECTION('',(-1.,0.,0.));
#7147=DIRECTION('',(-1.,0.,0.));
#7148=DIRECTION('',(0.,-1.,-1.07880813182637E-15));
#7149=DIRECTION('',(0.,1.07880813182637E-15,-1.));
#7150=DIRECTION('',(0.,-1.07880813182637E-15,1.));
#7151=DIRECTION('',(-1.,0.,0.));
#7152=DIRECTION('',(0.,0.,-1.));
#7153=DIRECTION('',(-1.,0.,0.));
#7154=DIRECTION('',(0.,-1.,0.));
#7155=DIRECTION('',(-1.,0.,0.));
#7156=DIRECTION('',(0.,1.,1.07880813182637E-15));
#7157=DIRECTION('',(0.,-1.07880813182637E-15,1.));
#7158=DIRECTION('',(0.,1.07880813182637E-15,-1.));
#7159=DIRECTION('',(0.,0.,1.));
#7160=DIRECTION('',(1.,0.,0.));
#7161=DIRECTION('',(0.,1.,0.));
#7162=DIRECTION('',(-1.,0.,0.));
#7163=DIRECTION('',(-1.,0.,0.));
#7164=DIRECTION('',(0.,-1.,-1.07880813182637E-15));
#7165=DIRECTION('',(0.,1.07880813182637E-15,-1.));
#7166=DIRECTION('',(0.,-1.07880813182637E-15,1.));
#7167=DIRECTION('',(-1.,0.,0.));
#7168=DIRECTION('',(0.,0.,-1.));
#7169=DIRECTION('',(-1.,0.,0.));
#7170=DIRECTION('',(0.,-1.,0.));
#7171=DIRECTION('',(-1.,0.,0.));
#7172=DIRECTION('',(0.,1.,1.07880813182637E-15));
#7173=DIRECTION('',(0.,-1.07880813182637E-15,1.));
#7174=DIRECTION('',(0.,1.07880813182637E-15,-1.));
#7175=DIRECTION('',(0.,0.,1.));
#7176=DIRECTION('',(1.,0.,0.));
#7177=DIRECTION('',(0.,1.,0.));
#7178=DIRECTION('',(-1.,0.,0.));
#7179=DIRECTION('',(-1.,0.,0.));
#7180=DIRECTION('',(0.,-1.,-1.07880813182637E-15));
#7181=DIRECTION('',(0.,1.07880813182637E-15,-1.));
#7182=DIRECTION('',(0.,-1.07880813182637E-15,1.));
#7183=DIRECTION('',(-1.,0.,0.));
#7184=DIRECTION('',(0.,0.,-1.));
#7185=DIRECTION('',(-1.,0.,0.));
#7186=DIRECTION('',(0.,-1.,0.));
#7187=DIRECTION('',(-1.,0.,0.));
#7188=DIRECTION('',(0.,1.,1.07880813182637E-15));
#7189=DIRECTION('',(0.,-1.07880813182637E-15,1.));
#7190=DIRECTION('',(0.,1.07880813182637E-15,-1.));
#7191=DIRECTION('',(0.,0.,1.));
#7192=DIRECTION('',(1.,0.,0.));
#7193=DIRECTION('',(0.,0.,1.));
#7194=DIRECTION('',(1.,0.,0.));
#7195=DIRECTION('',(-3.14191218809578E-16,-1.,0.));
#7196=DIRECTION('',(-1.,0.,0.));
#7197=DIRECTION('',(2.99085479541828E-16,1.,0.));
#7198=DIRECTION('',(0.,0.,1.));
#7199=DIRECTION('',(-1.,0.,0.));
#7200=DIRECTION('',(1.,0.,0.));
#7201=DIRECTION('',(0.,0.,1.));
#7202=DIRECTION('',(1.,0.,0.));
#7203=DIRECTION('',(0.,0.,1.));
#7204=DIRECTION('',(1.,0.,0.));
#7205=DIRECTION('',(-3.14191218809578E-16,-1.,0.));
#7206=DIRECTION('',(-1.,0.,0.));
#7207=DIRECTION('',(2.99085479541828E-16,1.,0.));
#7208=DIRECTION('',(0.,0.,1.));
#7209=DIRECTION('',(-1.,0.,0.));
#7210=DIRECTION('',(1.,0.,0.));
#7211=DIRECTION('',(0.,0.,1.));
#7212=DIRECTION('',(-1.,0.,0.));
#7213=DIRECTION('',(0.,0.,-1.));
#7214=DIRECTION('',(-1.,0.,0.));
#7215=DIRECTION('',(-1.,0.,0.));
#7216=DIRECTION('',(0.,0.,-1.));
#7217=DIRECTION('',(1.,0.,0.));
#7218=DIRECTION('',(-2.99085479541828E-16,1.,0.));
#7219=DIRECTION('',(1.,0.,0.));
#7220=DIRECTION('',(3.14191218809578E-16,-1.,0.));
#7221=DIRECTION('',(0.,0.,1.));
#7222=DIRECTION('',(-1.,0.,0.));
#7223=DIRECTION('',(0.,0.,-1.));
#7224=DIRECTION('',(-1.,0.,0.));
#7225=DIRECTION('',(-1.,0.,0.));
#7226=DIRECTION('',(0.,0.,-1.));
#7227=DIRECTION('',(1.,0.,0.));
#7228=DIRECTION('',(-2.99085479541828E-16,1.,0.));
#7229=DIRECTION('',(1.,0.,0.));
#7230=DIRECTION('',(3.14191218809578E-16,-1.,0.));
#7231=DIRECTION('',(0.,0.,1.));
#7232=DIRECTION('',(-1.,0.,0.));
#7233=DIRECTION('',(0.,0.,-1.));
#7234=DIRECTION('',(-1.,0.,0.));
#7235=DIRECTION('',(-1.,0.,0.));
#7236=DIRECTION('',(0.,0.,-1.));
#7237=DIRECTION('',(1.,0.,0.));
#7238=DIRECTION('',(-2.99085479541828E-16,1.,0.));
#7239=DIRECTION('',(1.,0.,0.));
#7240=DIRECTION('',(3.14191218809578E-16,-1.,0.));
#7241=DIRECTION('',(0.,0.,1.));
#7242=DIRECTION('',(1.,0.,0.));
#7243=DIRECTION('',(0.,0.,-1.));
#7244=DIRECTION('',(1.,0.,0.));
#7245=DIRECTION('',(1.,0.,0.));
#7246=DIRECTION('',(0.,0.,-1.));
#7247=DIRECTION('',(-1.,0.,0.));
#7248=DIRECTION('',(2.99085479541828E-16,-1.,0.));
#7249=DIRECTION('',(-1.,0.,0.));
#7250=DIRECTION('',(-3.14191218809578E-16,1.,0.));
#7251=DIRECTION('',(0.,0.,1.));
#7252=DIRECTION('',(-1.,0.,0.));
#7253=DIRECTION('',(0.,0.,1.));
#7254=DIRECTION('',(-1.,0.,0.));
#7255=DIRECTION('',(3.14191218809578E-16,1.,0.));
#7256=DIRECTION('',(1.,0.,0.));
#7257=DIRECTION('',(-2.99085479541828E-16,-1.,0.));
#7258=DIRECTION('',(0.,0.,1.));
#7259=DIRECTION('',(1.,0.,0.));
#7260=DIRECTION('',(-1.,0.,0.));
#7261=DIRECTION('',(0.,0.,1.));
#7262=DIRECTION('',(-1.,0.,0.));
#7263=DIRECTION('',(0.,0.,-1.));
#7264=DIRECTION('',(1.,0.,0.));
#7265=DIRECTION('',(-1.,0.,0.));
#7266=DIRECTION('',(0.,1.,0.));
#7267=DIRECTION('',(1.,-1.21926319151588E-15,0.));
#7268=DIRECTION('',(0.,0.,-1.));
#7269=DIRECTION('',(-1.,0.,0.));
#7270=DIRECTION('',(0.,-1.,0.));
#7271=DIRECTION('',(0.,0.,1.));
#7272=DIRECTION('',(-1.,0.,0.));
#7273=DIRECTION('',(0.,0.,1.));
#7274=DIRECTION('',(1.,0.,0.));
#7275=DIRECTION('',(0.,1.,0.));
#7276=DIRECTION('',(0.,0.,1.));
#7277=DIRECTION('',(-1.,0.,0.));
#7278=DIRECTION('',(1.,1.21926319151588E-15,0.));
#7279=DIRECTION('',(0.,-1.,0.));
#7280=DIRECTION('',(-1.,0.,0.));
#7281=DIRECTION('',(1.21926319151588E-15,-1.,0.));
#7282=DIRECTION('',(1.,1.21926319151588E-15,0.));
#7283=DIRECTION('',(1.,1.21926319151588E-15,0.));
#7284=DIRECTION('',(0.,0.,1.));
#7285=DIRECTION('',(0.,0.,1.));
#7286=DIRECTION('',(-1.,0.,0.));
#7287=DIRECTION('',(0.,0.,-1.));
#7288=DIRECTION('',(0.,-1.,0.));
#7289=DIRECTION('',(0.,0.,1.));
#7290=DIRECTION('',(0.,1.,0.));
#7291=DIRECTION('',(0.,0.,-1.));
#7292=DIRECTION('',(-1.,0.,0.));
#7293=DIRECTION('',(0.,0.,1.));
#7294=DIRECTION('',(0.,0.,1.));
#7295=DIRECTION('',(-1.,0.,0.));
#7296=DIRECTION('',(0.,0.,1.));
#7297=DIRECTION('',(1.,0.,0.));
#7298=DIRECTION('',(0.,0.,1.));
#7299=DIRECTION('',(1.,0.,0.));
#7300=DIRECTION('',(0.,0.,1.));
#7301=DIRECTION('',(0.,1.,0.));
#7302=DIRECTION('',(0.,0.,1.));
#7303=DIRECTION('',(0.,0.,1.));
#7304=DIRECTION('',(-1.,0.,0.));
#7305=DIRECTION('',(0.,0.,-1.));
#7306=DIRECTION('',(-1.,0.,0.));
#7307=DIRECTION('',(0.,-1.,0.));
#7308=DIRECTION('',(0.,0.,-1.));
#7309=DIRECTION('',(1.,0.,0.));
#7310=DIRECTION('',(0.,0.,1.));
#7311=DIRECTION('',(0.,0.,1.));
#7312=DIRECTION('',(-1.,0.,0.));
#7313=DIRECTION('',(0.,0.,-1.));
#7314=DIRECTION('',(0.,-1.,0.));
#7315=DIRECTION('',(0.,0.,1.));
#7316=DIRECTION('',(1.21926319151588E-15,1.,0.));
#7317=DIRECTION('',(1.,-1.21926319151588E-15,0.));
#7318=DIRECTION('',(-1.,1.21926319151588E-15,0.));
#7319=DIRECTION('',(0.,0.,1.));
#7320=DIRECTION('',(0.,0.,1.));
#7321=DIRECTION('',(-1.,0.,0.));
#7322=DIRECTION('',(0.,0.,1.));
#7323=DIRECTION('',(1.,0.,0.));
#7324=DIRECTION('',(0.,0.,1.));
#7325=DIRECTION('',(1.,0.,0.));
#7326=DIRECTION('',(0.,0.,1.));
#7327=DIRECTION('',(0.,1.,0.));
#7328=DIRECTION('',(0.,0.,1.));
#7329=DIRECTION('',(0.,0.,1.));
#7330=DIRECTION('',(-1.,0.,0.));
#7331=DIRECTION('',(0.,0.,1.));
#7332=DIRECTION('',(1.,0.,0.));
#7333=DIRECTION('',(1.,0.,0.));
#7334=DIRECTION('',(0.,0.,-1.));
#7335=DIRECTION('',(0.,1.,0.));
#7336=DIRECTION('',(0.,0.,1.));
#7337=DIRECTION('',(0.,0.,1.));
#7338=DIRECTION('',(-1.21926319151588E-15,-1.,0.));
#7339=DIRECTION('',(-1.,1.21926319151588E-15,0.));
#7340=DIRECTION('',(1.,-1.21926319151588E-15,0.));
#7341=DIRECTION('',(0.,0.,1.));
#7342=DIRECTION('',(0.,0.,1.));
#7343=DIRECTION('',(1.,0.,0.));
#7344=DIRECTION('',(0.,0.,1.));
#7345=DIRECTION('',(1.,0.,0.));
#7346=DIRECTION('',(0.,0.,1.));
#7347=DIRECTION('',(-1.,0.,0.));
#7348=DIRECTION('',(0.,0.,1.));
#7349=DIRECTION('',(0.,-1.,0.));
#7350=DIRECTION('',(0.,0.,1.));
#7351=DIRECTION('',(0.,0.,1.));
#7352=DIRECTION('',(1.,0.,0.));
#7353=DIRECTION('',(0.,0.,1.));
#7354=DIRECTION('',(1.,0.,0.));
#7355=DIRECTION('',(0.,0.,1.));
#7356=DIRECTION('',(0.,1.,0.));
#7357=DIRECTION('',(0.,0.,-1.));
#7358=DIRECTION('',(-1.,0.,0.));
#7359=DIRECTION('',(0.,1.,0.));
#7360=DIRECTION('',(0.,0.,-1.));
#7361=DIRECTION('',(-1.,0.,0.));
#7362=DIRECTION('',(0.,0.,1.));
#7363=DIRECTION('',(0.,0.,1.));
#7364=DIRECTION('',(1.,0.,0.));
#7365=DIRECTION('',(0.,0.,-1.));
#7366=DIRECTION('',(0.,1.,0.));
#7367=DIRECTION('',(0.,0.,1.));
#7368=DIRECTION('',(-1.21926319151588E-15,-1.,0.));
#7369=DIRECTION('',(-1.,1.21926319151588E-15,0.));
#7370=DIRECTION('',(1.,-1.21926319151588E-15,0.));
#7371=DIRECTION('',(0.,0.,1.));
#7372=DIRECTION('',(0.,0.,1.));
#7373=DIRECTION('',(1.,0.,0.));
#7374=DIRECTION('',(0.,0.,1.));
#7375=DIRECTION('',(1.,0.,0.));
#7376=DIRECTION('',(0.,0.,1.));
#7377=DIRECTION('',(-1.,0.,0.));
#7378=DIRECTION('',(0.,0.,1.));
#7379=DIRECTION('',(0.,-1.,0.));
#7380=DIRECTION('',(0.,0.,1.));
#7381=DIRECTION('',(0.,0.,1.));
#7382=DIRECTION('',(1.,0.,0.));
#7383=DIRECTION('',(0.,0.,1.));
#7384=DIRECTION('',(1.,0.,0.));
#7385=DIRECTION('',(0.,0.,1.));
#7386=DIRECTION('',(1.,0.,0.));
#7387=DIRECTION('',(0.,0.,1.));
#7388=DIRECTION('',(1.,0.,0.));
#7389=DIRECTION('',(0.,0.,1.));
#7390=DIRECTION('',(0.,0.,1.));
#7391=DIRECTION('',(-1.21926319151588E-15,1.,0.));
#7392=DIRECTION('',(-1.,-1.21926319151588E-15,0.));
#7393=DIRECTION('',(-1.,-1.21926319151588E-15,0.));
#7394=DIRECTION('',(0.,0.,1.));
#7395=DIRECTION('',(1.,0.,0.));
#7396=DIRECTION('',(0.,0.,-1.));
#7397=DIRECTION('',(0.,1.,0.));
#7398=DIRECTION('',(0.,0.,1.));
#7399=DIRECTION('',(0.,-1.,0.));
#7400=DIRECTION('',(0.,0.,-1.));
#7401=DIRECTION('',(1.,0.,0.));
#7402=DIRECTION('',(0.,0.,1.));
#7403=DIRECTION('',(0.,0.,1.));
#7404=DIRECTION('',(1.,0.,0.));
#7405=DIRECTION('',(0.,0.,1.));
#7406=DIRECTION('',(1.,0.,0.));
#7407=DIRECTION('',(0.,0.,1.));
#7408=DIRECTION('',(-1.,0.,0.));
#7409=DIRECTION('',(0.,0.,1.));
#7410=DIRECTION('',(0.,-1.,0.));
#7411=DIRECTION('',(0.,0.,1.));
#7412=DIRECTION('',(1.,0.,0.));
#7413=DIRECTION('',(0.,0.,1.));
#7414=DIRECTION('',(1.,0.,0.));
#7415=DIRECTION('',(0.,0.,1.));
#7416=DIRECTION('',(0.,0.,1.));
#7417=DIRECTION('',(-1.21926319151588E-15,1.,0.));
#7418=DIRECTION('',(-1.,-1.21926319151588E-15,0.));
#7419=DIRECTION('',(-1.,-1.21926319151588E-15,0.));
#7420=DIRECTION('',(0.,0.,1.));
#7421=DIRECTION('',(1.,0.,0.));
#7422=DIRECTION('',(0.,0.,-1.));
#7423=DIRECTION('',(0.,1.,0.));
#7424=DIRECTION('',(0.,0.,1.));
#7425=DIRECTION('',(0.,-1.,0.));
#7426=DIRECTION('',(0.,0.,-1.));
#7427=DIRECTION('',(1.,0.,0.));
#7428=DIRECTION('',(0.,0.,1.));
#7429=DIRECTION('',(0.,0.,1.));
#7430=DIRECTION('',(1.,0.,0.));
#7431=DIRECTION('',(0.,0.,1.));
#7432=DIRECTION('',(-1.,0.,0.));
#7433=DIRECTION('',(0.,0.,1.));
#7434=DIRECTION('',(-1.,0.,0.));
#7435=DIRECTION('',(0.,0.,1.));
#7436=DIRECTION('',(0.,-1.,0.));
#7437=DIRECTION('',(0.,0.,1.));
#7438=DIRECTION('',(1.,0.,0.));
#7439=DIRECTION('',(0.,0.,1.));
#7440=DIRECTION('',(1.,0.,0.));
#7441=DIRECTION('',(0.,0.,1.));
#7442=DIRECTION('',(0.,0.,1.));
#7443=DIRECTION('',(1.,2.99085479541828E-16,0.));
#7444=DIRECTION('',(2.99085479541828E-16,-1.,0.));
#7445=DIRECTION('',(-2.99085479541828E-16,1.,0.));
#7446=DIRECTION('',(0.,0.,1.));
#7447=DIRECTION('',(0.,-1.,0.));
#7448=DIRECTION('',(0.,0.,1.));
#7449=DIRECTION('',(1.,0.,0.));
#7450=DIRECTION('',(0.,0.,1.));
#7451=DIRECTION('',(-1.,-3.14191218809578E-16,0.));
#7452=DIRECTION('',(-3.14191218809578E-16,1.,0.));
#7453=DIRECTION('',(3.14191218809578E-16,-1.,0.));
#7454=DIRECTION('',(0.,0.,1.));
#7455=DIRECTION('',(0.,0.,1.));
#7456=DIRECTION('',(1.,0.,0.));
#7457=DIRECTION('',(0.,0.,1.));
#7458=DIRECTION('',(1.,0.,0.));
#7459=DIRECTION('',(0.,0.,1.));
#7460=DIRECTION('',(0.,1.,0.));
#7461=DIRECTION('',(0.,0.,-1.));
#7462=DIRECTION('',(-1.,0.,0.));
#7463=DIRECTION('',(0.,1.,0.));
#7464=DIRECTION('',(0.,0.,-1.));
#7465=DIRECTION('',(-1.,0.,0.));
#7466=DIRECTION('',(0.,0.,1.));
#7467=DIRECTION('',(0.,0.,1.));
#7468=DIRECTION('',(0.,0.,1.));
#7469=DIRECTION('',(1.,0.,0.));
#7470=DIRECTION('',(0.,0.,1.));
#7471=DIRECTION('',(1.,0.,0.));
#7472=DIRECTION('',(0.,0.,1.));
#7473=DIRECTION('',(1.,2.99085479541828E-16,0.));
#7474=DIRECTION('',(2.99085479541828E-16,-1.,0.));
#7475=DIRECTION('',(-2.99085479541828E-16,1.,0.));
#7476=DIRECTION('',(0.,0.,1.));
#7477=DIRECTION('',(0.,-1.,0.));
#7478=DIRECTION('',(0.,0.,1.));
#7479=DIRECTION('',(1.,0.,0.));
#7480=DIRECTION('',(0.,0.,1.));
#7481=DIRECTION('',(-1.,-3.14191218809578E-16,0.));
#7482=DIRECTION('',(-3.14191218809578E-16,1.,0.));
#7483=DIRECTION('',(3.14191218809578E-16,-1.,0.));
#7484=DIRECTION('',(0.,0.,1.));
#7485=DIRECTION('',(0.,0.,1.));
#7486=DIRECTION('',(1.,0.,0.));
#7487=DIRECTION('',(0.,0.,1.));
#7488=DIRECTION('',(1.,0.,0.));
#7489=DIRECTION('',(0.,0.,1.));
#7490=DIRECTION('',(-1.,0.,0.));
#7491=DIRECTION('',(0.,0.,1.));
#7492=DIRECTION('',(1.,0.,0.));
#7493=DIRECTION('',(0.,0.,1.));
#7494=DIRECTION('',(0.,0.,1.));
#7495=DIRECTION('',(0.,1.,0.));
#7496=DIRECTION('',(0.,0.,-1.));
#7497=DIRECTION('',(-1.,0.,0.));
#7498=DIRECTION('',(0.,0.,1.));
#7499=DIRECTION('',(0.,0.,1.));
#7500=DIRECTION('',(-1.,0.,0.));
#7501=DIRECTION('',(0.,0.,1.));
#7502=DIRECTION('',(1.,0.,0.));
#7503=DIRECTION('',(0.,0.,1.));
#7504=DIRECTION('',(1.,-3.14191218809578E-16,0.));
#7505=DIRECTION('',(3.14191218809578E-16,1.,0.));
#7506=DIRECTION('',(3.14191218809578E-16,1.,0.));
#7507=DIRECTION('',(0.,0.,1.));
#7508=DIRECTION('',(0.,-1.,0.));
#7509=DIRECTION('',(0.,0.,1.));
#7510=DIRECTION('',(1.,0.,0.));
#7511=DIRECTION('',(0.,0.,1.));
#7512=DIRECTION('',(-1.,2.99085479541828E-16,0.));
#7513=DIRECTION('',(-2.99085479541828E-16,-1.,0.));
#7514=DIRECTION('',(-2.99085479541828E-16,-1.,0.));
#7515=DIRECTION('',(0.,-1.,0.));
#7516=DIRECTION('',(0.,0.,1.));
#7517=DIRECTION('',(1.,0.,0.));
#7518=DIRECTION('',(0.,0.,1.));
#7519=DIRECTION('',(0.,0.,1.));
#7520=DIRECTION('',(-1.,2.99085479541828E-16,0.));
#7521=DIRECTION('',(-2.99085479541828E-16,-1.,0.));
#7522=DIRECTION('',(-2.99085479541828E-16,-1.,0.));
#7523=DIRECTION('',(0.,0.,1.));
#7524=DIRECTION('',(0.,0.,1.));
#7525=DIRECTION('',(-1.,0.,0.));
#7526=DIRECTION('',(0.,0.,1.));
#7527=DIRECTION('',(1.,0.,0.));
#7528=DIRECTION('',(0.,0.,1.));
#7529=DIRECTION('',(0.,1.,0.));
#7530=DIRECTION('',(0.,0.,-1.));
#7531=DIRECTION('',(-1.,0.,0.));
#7532=DIRECTION('',(0.,0.,1.));
#7533=DIRECTION('',(0.,0.,1.));
#7534=DIRECTION('',(-1.,0.,0.));
#7535=DIRECTION('',(0.,0.,1.));
#7536=DIRECTION('',(1.,0.,0.));
#7537=DIRECTION('',(0.,0.,1.));
#7538=DIRECTION('',(1.,-3.14191218809578E-16,0.));
#7539=DIRECTION('',(3.14191218809578E-16,1.,0.));
#7540=DIRECTION('',(3.14191218809578E-16,1.,0.));
#7541=DIRECTION('',(0.,-1.,0.));
#7542=DIRECTION('',(0.,0.,-1.));
#7543=DIRECTION('',(1.,0.,0.));
#7544=DIRECTION('',(0.,0.,1.));
#7545=DIRECTION('',(0.,0.,1.));
#7546=DIRECTION('',(-1.,0.,0.));
#7547=DIRECTION('',(0.,0.,1.));
#7548=DIRECTION('',(0.,-1.,0.));
#7549=DIRECTION('',(0.,0.,1.));
#7550=DIRECTION('',(0.,1.,0.));
#7551=DIRECTION('',(0.,0.,1.));
#7552=DIRECTION('',(-1.,0.,0.));
#7553=DIRECTION('',(0.,0.,1.));
#7554=DIRECTION('',(1.,0.,0.));
#7555=DIRECTION('',(0.,0.,-1.));
#7556=DIRECTION('',(0.,1.,0.));
#7557=DIRECTION('',(0.,0.,1.));
#7558=DIRECTION('',(0.707106781186543,-0.707106781186552,0.));
#7559=DIRECTION('',(0.707106781186552,0.707106781186543,0.));
#7560=DIRECTION('',(0.707106781186552,0.707106781186543,0.));
#7561=DIRECTION('',(0.,1.,0.));
#7562=DIRECTION('',(0.,0.,1.));
#7563=DIRECTION('',(-1.,0.,0.));
#7564=DIRECTION('',(0.,0.,1.));
#7565=DIRECTION('',(0.,0.,1.));
#7566=DIRECTION('',(1.,-2.99085479541828E-16,0.));
#7567=DIRECTION('',(2.99085479541828E-16,1.,0.));
#7568=DIRECTION('',(2.99085479541828E-16,1.,0.));
#7569=DIRECTION('',(0.,0.,1.));
#7570=DIRECTION('',(0.,0.,1.));
#7571=DIRECTION('',(1.,0.,0.));
#7572=DIRECTION('',(0.,0.,1.));
#7573=DIRECTION('',(-1.,0.,0.));
#7574=DIRECTION('',(0.,0.,1.));
#7575=DIRECTION('',(0.,-1.,0.));
#7576=DIRECTION('',(0.,0.,-1.));
#7577=DIRECTION('',(1.,0.,0.));
#7578=DIRECTION('',(0.,0.,1.));
#7579=DIRECTION('',(0.,0.,1.));
#7580=DIRECTION('',(1.,0.,0.));
#7581=DIRECTION('',(0.,0.,1.));
#7582=DIRECTION('',(1.,0.,0.));
#7583=DIRECTION('',(0.,0.,1.));
#7584=DIRECTION('',(-1.,3.14191218809578E-16,0.));
#7585=DIRECTION('',(-3.14191218809578E-16,-1.,0.));
#7586=DIRECTION('',(-3.14191218809578E-16,-1.,0.));
#7587=DIRECTION('',(-1.,0.,0.));
#7588=DIRECTION('',(0.,0.,1.));
#7589=DIRECTION('',(0.,1.,0.));
#7590=DIRECTION('',(0.,1.,0.));
#7591=DIRECTION('',(0.,1.,0.));
#7592=DIRECTION('',(0.,0.,1.));
#7593=DIRECTION('',(-1.,0.,0.));
#7594=DIRECTION('',(0.,0.,1.));
#7595=DIRECTION('',(0.,0.,1.));
#7596=DIRECTION('',(1.,-2.99085479541828E-16,0.));
#7597=DIRECTION('',(2.99085479541828E-16,1.,0.));
#7598=DIRECTION('',(2.99085479541828E-16,1.,0.));
#7599=DIRECTION('',(0.,0.,1.));
#7600=DIRECTION('',(0.,0.,1.));
#7601=DIRECTION('',(1.,0.,0.));
#7602=DIRECTION('',(0.,0.,1.));
#7603=DIRECTION('',(1.,0.,0.));
#7604=DIRECTION('',(0.,0.,1.));
#7605=DIRECTION('',(0.,-1.,0.));
#7606=DIRECTION('',(0.,0.,-1.));
#7607=DIRECTION('',(1.,0.,0.));
#7608=DIRECTION('',(0.,0.,1.));
#7609=DIRECTION('',(0.,0.,1.));
#7610=DIRECTION('',(1.,0.,0.));
#7611=DIRECTION('',(0.,0.,1.));
#7612=DIRECTION('',(1.,0.,0.));
#7613=DIRECTION('',(0.,0.,1.));
#7614=DIRECTION('',(-1.,3.14191218809578E-16,0.));
#7615=DIRECTION('',(-3.14191218809578E-16,-1.,0.));
#7616=DIRECTION('',(-3.14191218809578E-16,-1.,0.));
#7617=DIRECTION('',(0.,1.,0.));
#7618=DIRECTION('',(0.,0.,1.));
#7619=DIRECTION('',(-1.,0.,0.));
#7620=DIRECTION('',(0.,0.,1.));
#7621=DIRECTION('',(0.,0.,1.));
#7622=DIRECTION('',(1.,-2.99085479541828E-16,0.));
#7623=DIRECTION('',(2.99085479541828E-16,1.,0.));
#7624=DIRECTION('',(2.99085479541828E-16,1.,0.));
#7625=DIRECTION('',(0.,0.,1.));
#7626=DIRECTION('',(0.,0.,1.));
#7627=DIRECTION('',(1.,0.,0.));
#7628=DIRECTION('',(0.,0.,1.));
#7629=DIRECTION('',(1.,0.,0.));
#7630=DIRECTION('',(0.,0.,1.));
#7631=DIRECTION('',(0.,-1.,0.));
#7632=DIRECTION('',(0.,0.,-1.));
#7633=DIRECTION('',(1.,0.,0.));
#7634=DIRECTION('',(0.,0.,1.));
#7635=DIRECTION('',(0.,0.,1.));
#7636=DIRECTION('',(1.,0.,0.));
#7637=DIRECTION('',(0.,0.,1.));
#7638=DIRECTION('',(1.,0.,0.));
#7639=DIRECTION('',(0.,0.,1.));
#7640=DIRECTION('',(-1.,3.14191218809578E-16,0.));
#7641=DIRECTION('',(-3.14191218809578E-16,-1.,0.));
#7642=DIRECTION('',(-3.14191218809578E-16,-1.,0.));
#7643=DIRECTION('',(0.,-1.,0.));
#7644=DIRECTION('',(0.,0.,-1.));
#7645=DIRECTION('',(1.,0.,0.));
#7646=DIRECTION('',(0.,0.,1.));
#7647=DIRECTION('',(0.,0.,1.));
#7648=DIRECTION('',(0.,0.,1.));
#7649=DIRECTION('',(-1.,0.,0.));
#7650=DIRECTION('',(0.,0.,1.));
#7651=DIRECTION('',(1.,0.,0.));
#7652=DIRECTION('',(0.,0.,1.));
#7653=DIRECTION('',(-1.,-2.99085479541828E-16,0.));
#7654=DIRECTION('',(-2.99085479541828E-16,1.,0.));
#7655=DIRECTION('',(2.99085479541828E-16,-1.,0.));
#7656=DIRECTION('',(0.,0.,1.));
#7657=DIRECTION('',(0.,1.,0.));
#7658=DIRECTION('',(0.,0.,1.));
#7659=DIRECTION('',(-1.,0.,0.));
#7660=DIRECTION('',(0.,0.,1.));
#7661=DIRECTION('',(1.,3.14191218809578E-16,0.));
#7662=DIRECTION('',(3.14191218809578E-16,-1.,0.));
#7663=DIRECTION('',(-3.14191218809578E-16,1.,0.));
#7664=DIRECTION('',(0.,0.,1.));
#7665=DIRECTION('',(0.,0.,1.));
#7666=DIRECTION('',(-1.,0.,0.));
#7667=DIRECTION('',(0.,0.,1.));
#7668=DIRECTION('',(1.,0.,0.));
#7669=DIRECTION('',(0.,-1.,0.));
#7670=DIRECTION('',(0.,0.,-1.));
#7671=DIRECTION('',(1.,0.,0.));
#7672=DIRECTION('',(0.,0.,1.));
#7673=DIRECTION('',(0.,0.,1.));
#7674=DIRECTION('',(0.,0.,1.));
#7675=DIRECTION('',(-1.,0.,0.));
#7676=DIRECTION('',(0.,0.,1.));
#7677=DIRECTION('',(1.,0.,0.));
#7678=DIRECTION('',(0.,0.,1.));
#7679=DIRECTION('',(-1.,-2.99085479541828E-16,0.));
#7680=DIRECTION('',(-2.99085479541828E-16,1.,0.));
#7681=DIRECTION('',(2.99085479541828E-16,-1.,0.));
#7682=DIRECTION('',(0.,0.,1.));
#7683=DIRECTION('',(0.,1.,0.));
#7684=DIRECTION('',(0.,0.,1.));
#7685=DIRECTION('',(-1.,0.,0.));
#7686=DIRECTION('',(0.,0.,1.));
#7687=DIRECTION('',(1.,3.14191218809578E-16,0.));
#7688=DIRECTION('',(3.14191218809578E-16,-1.,0.));
#7689=DIRECTION('',(-3.14191218809578E-16,1.,0.));
#7690=DIRECTION('',(0.,0.,1.));
#7691=DIRECTION('',(0.,0.,1.));
#7692=DIRECTION('',(-1.,0.,0.));
#7693=DIRECTION('',(0.,0.,1.));
#7694=DIRECTION('',(1.,0.,0.));
#7695=DIRECTION('',(0.,0.,1.));
#7696=DIRECTION('',(-1.,0.,0.));
#7697=DIRECTION('',(0.,0.,1.));
#7698=DIRECTION('',(1.,0.,0.));
#7699=DIRECTION('',(0.,0.,1.));
#7700=DIRECTION('',(0.,0.,1.));
#7701=DIRECTION('',(-1.,-2.99085479541828E-16,0.));
#7702=DIRECTION('',(-2.99085479541828E-16,1.,0.));
#7703=DIRECTION('',(2.99085479541828E-16,-1.,0.));
#7704=DIRECTION('',(0.,0.,1.));
#7705=DIRECTION('',(0.,1.,0.));
#7706=DIRECTION('',(0.,0.,1.));
#7707=DIRECTION('',(-1.,0.,0.));
#7708=DIRECTION('',(0.,0.,1.));
#7709=DIRECTION('',(1.,3.14191218809578E-16,0.));
#7710=DIRECTION('',(3.14191218809578E-16,-1.,0.));
#7711=DIRECTION('',(-3.14191218809578E-16,1.,0.));
#7712=DIRECTION('',(0.,0.,1.));
#7713=DIRECTION('',(0.,0.,1.));
#7714=DIRECTION('',(-1.,0.,0.));
#7715=DIRECTION('',(0.,0.,1.));
#7716=DIRECTION('',(1.,0.,0.));
#7717=DIRECTION('',(0.,0.,1.));
#7718=DIRECTION('',(0.,-1.,0.));
#7719=DIRECTION('',(0.,0.,-1.));
#7720=DIRECTION('',(1.,0.,0.));
#7721=DIRECTION('',(0.,1.,0.));
#7722=DIRECTION('',(0.,0.,-1.));
#7723=DIRECTION('',(-1.,0.,0.));
#7724=DIRECTION('',(0.,0.,1.));
#7725=DIRECTION('',(0.,0.,1.));
#7726=DIRECTION('',(0.,0.,1.));
#7727=DIRECTION('',(1.,0.,0.));
#7728=DIRECTION('',(0.,0.,1.));
#7729=DIRECTION('',(1.,0.,0.));
#7730=DIRECTION('',(0.,0.,1.));
#7731=DIRECTION('',(1.,2.99085479541828E-16,0.));
#7732=DIRECTION('',(2.99085479541828E-16,-1.,0.));
#7733=DIRECTION('',(-2.99085479541828E-16,1.,0.));
#7734=DIRECTION('',(0.,0.,1.));
#7735=DIRECTION('',(0.,-1.,0.));
#7736=DIRECTION('',(0.,0.,1.));
#7737=DIRECTION('',(1.,0.,0.));
#7738=DIRECTION('',(0.,0.,1.));
#7739=DIRECTION('',(-1.,-3.14191218809578E-16,0.));
#7740=DIRECTION('',(-3.14191218809578E-16,1.,0.));
#7741=DIRECTION('',(3.14191218809578E-16,-1.,0.));
#7742=DIRECTION('',(0.,0.,1.));
#7743=DIRECTION('',(0.,0.,1.));
#7744=DIRECTION('',(1.,0.,0.));
#7745=DIRECTION('',(0.,0.,1.));
#7746=DIRECTION('',(1.,0.,0.));
#7747=DIRECTION('',(0.,1.,0.));
#7748=DIRECTION('',(0.,0.,-1.));
#7749=DIRECTION('',(1.,0.,0.));
#7750=DIRECTION('',(0.,0.,1.));
#7751=DIRECTION('',(0.,0.,1.));
#7752=DIRECTION('',(0.,0.,1.));
#7753=DIRECTION('',(-1.,0.,0.));
#7754=DIRECTION('',(0.,0.,1.));
#7755=DIRECTION('',(1.,0.,0.));
#7756=DIRECTION('',(0.,0.,1.));
#7757=DIRECTION('',(1.,-3.14191218809578E-16,0.));
#7758=DIRECTION('',(3.14191218809578E-16,1.,0.));
#7759=DIRECTION('',(3.14191218809578E-16,1.,0.));
#7760=DIRECTION('',(0.,0.,1.));
#7761=DIRECTION('',(0.,-1.,0.));
#7762=DIRECTION('',(0.,0.,1.));
#7763=DIRECTION('',(1.,0.,0.));
#7764=DIRECTION('',(0.,0.,1.));
#7765=DIRECTION('',(-1.,2.99085479541828E-16,0.));
#7766=DIRECTION('',(-2.99085479541828E-16,-1.,0.));
#7767=DIRECTION('',(-2.99085479541828E-16,-1.,0.));
#7768=DIRECTION('',(0.,0.,1.));
#7769=DIRECTION('',(0.,0.,1.));
#7770=DIRECTION('',(-1.,0.,0.));
#7771=DIRECTION('',(0.,0.,-1.));
#7772=DIRECTION('',(1.,0.,0.));
#7773=DIRECTION('',(0.,-1.,0.));
#7774=DIRECTION('',(0.,0.,-1.));
#7775=DIRECTION('',(1.,0.,0.));
#7776=DIRECTION('',(0.,0.,1.));
#7777=DIRECTION('',(0.,0.,1.));
#7778=DIRECTION('',(-1.,0.,0.));
#7779=DIRECTION('',(0.,0.,-1.));
#7780=DIRECTION('',(0.,-1.,0.));
#7781=DIRECTION('',(0.,0.,1.));
#7782=DIRECTION('',(1.21926319151588E-15,1.,0.));
#7783=DIRECTION('',(1.,-1.21926319151588E-15,0.));
#7784=DIRECTION('',(-1.,1.21926319151588E-15,0.));
#7785=DIRECTION('',(0.,0.,1.));
#7786=DIRECTION('',(0.,0.,1.));
#7787=DIRECTION('',(-1.,0.,0.));
#7788=DIRECTION('',(0.,0.,1.));
#7789=DIRECTION('',(1.,0.,0.));
#7790=DIRECTION('',(0.,0.,1.));
#7791=DIRECTION('',(1.,0.,0.));
#7792=DIRECTION('',(0.,0.,1.));
#7793=DIRECTION('',(0.,1.,0.));
#7794=DIRECTION('',(0.,0.,1.));
#7795=DIRECTION('',(0.,0.,1.));
#7796=DIRECTION('',(-1.,0.,0.));
#7797=DIRECTION('',(0.,0.,1.));
#7798=DIRECTION('',(1.,0.,0.));
#7799=DIRECTION('',(0.,0.,1.));
#7800=DIRECTION('',(-1.,0.,0.));
#7801=DIRECTION('',(0.,0.,1.));
#7802=DIRECTION('',(1.,0.,0.));
#7803=DIRECTION('',(0.,0.,1.));
#7804=DIRECTION('',(0.,0.,1.));
#7805=DIRECTION('',(1.21926319151588E-15,-1.,0.));
#7806=DIRECTION('',(1.,1.21926319151588E-15,0.));
#7807=DIRECTION('',(1.,1.21926319151588E-15,0.));
#7808=DIRECTION('',(0.,0.,1.));
#7809=DIRECTION('',(-1.,0.,0.));
#7810=DIRECTION('',(0.,0.,-1.));
#7811=DIRECTION('',(0.,-1.,0.));
#7812=DIRECTION('',(0.,0.,1.));
#7813=DIRECTION('',(0.,1.,0.));
#7814=DIRECTION('',(0.,0.,-1.));
#7815=DIRECTION('',(-1.,0.,0.));
#7816=DIRECTION('',(0.,0.,1.));
#7817=DIRECTION('',(0.,0.,1.));
#7818=DIRECTION('',(-1.,0.,0.));
#7819=DIRECTION('',(0.,0.,1.));
#7820=DIRECTION('',(1.,0.,0.));
#7821=DIRECTION('',(0.,0.,1.));
#7822=DIRECTION('',(1.,0.,0.));
#7823=DIRECTION('',(0.,0.,1.));
#7824=DIRECTION('',(0.,1.,0.));
#7825=DIRECTION('',(1.,0.,0.));
#7826=DIRECTION('',(0.,0.,1.));
#7827=DIRECTION('',(0.,-1.,0.));
#7828=DIRECTION('',(0.,-1.07880813182637E-15,1.));
#7829=DIRECTION('',(0.,1.,0.));
#7830=DIRECTION('',(0.,1.07880813182637E-15,-1.));
#7831=DIRECTION('',(1.,0.,0.));
#7832=DIRECTION('',(0.,0.,1.));
#7833=DIRECTION('',(0.,-1.,0.));
#7834=DIRECTION('',(0.,-1.07880813182637E-15,1.));
#7835=DIRECTION('',(0.,1.,0.));
#7836=DIRECTION('',(0.,1.07880813182637E-15,-1.));
#7837=DIRECTION('',(1.,0.,0.));
#7838=DIRECTION('',(0.,0.,1.));
#7839=DIRECTION('',(0.,-1.,0.));
#7840=DIRECTION('',(0.,-1.07880813182637E-15,1.));
#7841=DIRECTION('',(0.,1.,0.));
#7842=DIRECTION('',(0.,1.07880813182637E-15,-1.));
#7843=DIRECTION('',(0.,0.,1.));
#7844=DIRECTION('',(1.,0.,0.));
#7845=DIRECTION('',(0.,0.,-1.));
#7846=DIRECTION('',(1.,0.,0.));
#7847=DIRECTION('',(0.,-1.,0.));
#7848=DIRECTION('',(0.,0.,1.));
#7849=DIRECTION('',(1.,0.,0.));
#7850=DIRECTION('',(0.,-1.,0.));
#7851=DIRECTION('',(0.,-1.,-1.07880813182637E-15));
#7852=DIRECTION('',(0.,1.07880813182637E-15,-1.));
#7853=DIRECTION('',(0.,1.07880813182637E-15,-1.));
#7854=DIRECTION('',(1.,0.,0.));
#7855=DIRECTION('',(1.,0.,0.));
#7856=DIRECTION('',(0.,0.,1.));
#7857=DIRECTION('',(-1.,0.,0.));
#7858=DIRECTION('',(0.,-1.,0.));
#7859=DIRECTION('',(1.,0.,0.));
#7860=DIRECTION('',(0.,1.,1.07880813182637E-15));
#7861=DIRECTION('',(0.,-1.07880813182637E-15,1.));
#7862=DIRECTION('',(0.,-1.07880813182637E-15,1.));
#7863=DIRECTION('',(1.,0.,0.));
#7864=DIRECTION('',(0.,0.,-1.));
#7865=DIRECTION('',(1.,0.,0.));
#7866=DIRECTION('',(0.,1.,0.));
#7867=DIRECTION('',(0.,-1.,-1.07880813182637E-15));
#7868=DIRECTION('',(0.,1.07880813182637E-15,-1.));
#7869=DIRECTION('',(0.,1.07880813182637E-15,-1.));
#7870=DIRECTION('',(1.,0.,0.));
#7871=DIRECTION('',(1.,0.,0.));
#7872=DIRECTION('',(0.,0.,1.));
#7873=DIRECTION('',(-1.,0.,0.));
#7874=DIRECTION('',(0.,-1.,0.));
#7875=DIRECTION('',(1.,0.,0.));
#7876=DIRECTION('',(0.,1.,1.07880813182637E-15));
#7877=DIRECTION('',(0.,-1.07880813182637E-15,1.));
#7878=DIRECTION('',(0.,-1.07880813182637E-15,1.));
#7879=DIRECTION('',(1.,0.,0.));
#7880=DIRECTION('',(0.,0.,-1.));
#7881=DIRECTION('',(1.,0.,0.));
#7882=DIRECTION('',(0.,1.,0.));
#7883=DIRECTION('',(0.,0.,1.));
#7884=DIRECTION('',(-1.,0.,0.));
#7885=DIRECTION('',(0.,-1.,0.));
#7886=DIRECTION('',(1.,0.,0.));
#7887=DIRECTION('',(1.,0.,0.));
#7888=DIRECTION('',(0.,1.,1.07880813182637E-15));
#7889=DIRECTION('',(0.,-1.07880813182637E-15,1.));
#7890=DIRECTION('',(0.,-1.07880813182637E-15,1.));
#7891=DIRECTION('',(1.,0.,0.));
#7892=DIRECTION('',(0.,0.,-1.));
#7893=DIRECTION('',(1.,0.,0.));
#7894=DIRECTION('',(0.,1.,0.));
#7895=DIRECTION('',(1.,0.,0.));
#7896=DIRECTION('',(0.,-1.,-1.07880813182637E-15));
#7897=DIRECTION('',(0.,1.07880813182637E-15,-1.));
#7898=DIRECTION('',(0.,1.07880813182637E-15,-1.));
#7899=DIRECTION('',(1.,0.,0.));
#7900=DIRECTION('',(0.,0.,-1.));
#7901=DIRECTION('',(0.,1.,0.));
#7902=DIRECTION('',(0.,-1.07880813182637E-15,1.));
#7903=DIRECTION('',(0.,-1.,0.));
#7904=DIRECTION('',(0.,1.07880813182637E-15,-1.));
#7905=DIRECTION('',(1.,0.,0.));
#7906=DIRECTION('',(0.,0.,1.));
#7907=DIRECTION('',(0.,-1.,0.));
#7908=DIRECTION('',(0.,-1.07880813182637E-15,1.));
#7909=DIRECTION('',(0.,1.,0.));
#7910=DIRECTION('',(0.,1.07880813182637E-15,-1.));
#7911=DIRECTION('',(0.,1.,1.07880813182637E-15));
#7912=DIRECTION('',(0.,-1.07880813182637E-15,1.));
#7913=DIRECTION('',(1.,0.,0.));
#7914=DIRECTION('',(1.,0.,0.));
#7915=DIRECTION('',(0.,0.,1.));
#7916=DIRECTION('',(-1.,0.,0.));
#7917=DIRECTION('',(1.,0.,0.));
#7918=DIRECTION('',(0.,-1.,-1.07880813182637E-15));
#7919=DIRECTION('',(0.,1.07880813182637E-15,-1.));
#7920=DIRECTION('',(1.,0.,0.));
#7921=DIRECTION('',(0.,0.,-1.));
#7922=DIRECTION('',(1.,0.,0.));
#7923=DIRECTION('',(1.,0.,0.));
#7924=DIRECTION('',(0.,0.,-1.));
#7925=DIRECTION('',(0.,1.,0.));
#7926=DIRECTION('',(0.,0.,-1.));
#7927=DIRECTION('',(0.,1.,0.));
#7928=DIRECTION('',(0.,0.,1.));
#7929=DIRECTION('',(1.,0.,0.));
#7930=DIRECTION('',(0.,1.,0.));
#7931=DIRECTION('',(1.,0.,0.));
#7932=DIRECTION('',(-1.,0.,0.));
#7933=DIRECTION('',(0.,0.,1.));
#7934=DIRECTION('',(0.,1.,0.));
#7935=DIRECTION('',(0.,0.,1.));
#7936=DIRECTION('',(0.,0.,-1.));
#7937=DIRECTION('',(-1.,0.,0.));
#7938=DIRECTION('',(-1.,0.,0.));
#7939=DIRECTION('',(0.,-1.,0.));
#7940=DIRECTION('',(0.,0.,-1.));
#7941=DIRECTION('',(0.,0.,1.));
#7942=DIRECTION('',(1.,0.,0.));
#7943=DIRECTION('',(0.,0.,-1.));
#7944=DIRECTION('',(1.,0.,0.));
#7945=DIRECTION('',(0.,0.,-1.));
#7946=DIRECTION('',(-1.,0.,0.));
#7947=CARTESIAN_POINT('',(0.,0.,0.));
#7948=CARTESIAN_POINT('',(-0.15,1.501,0.1));
#7949=CARTESIAN_POINT('',(-0.15,1.5,0.85));
#7950=CARTESIAN_POINT('',(-0.15,1.5,0.2));
#7951=CARTESIAN_POINT('',(-0.15,1.5,0.0999999999999999));
#7952=CARTESIAN_POINT('',(-0.15,1.501,0.1));
#7953=CARTESIAN_POINT('',(-0.15,1.501,0.1));
#7954=CARTESIAN_POINT('',(-0.15,1.501,0.1));
#7955=CARTESIAN_POINT('',(-0.15,1.501,0.2));
#7956=CARTESIAN_POINT('',(-0.15,1.501,0.2));
#7957=CARTESIAN_POINT('',(-0.15,1.501,0.2));
#7958=CARTESIAN_POINT('',(2.,1.5,0.2));
#7959=CARTESIAN_POINT('',(-0.35,1.5,0.2));
#7960=CARTESIAN_POINT('',(-0.15,1.501,0.2));
#7961=CARTESIAN_POINT('',(-0.35,1.501,0.2));
#7962=CARTESIAN_POINT('',(-0.35,1.501,0.2));
#7963=CARTESIAN_POINT('',(-0.35,1.501,0.1));
#7964=CARTESIAN_POINT('',(2.,1.5,0.0999999999999999));
#7965=CARTESIAN_POINT('',(-0.35,1.5,0.0999999999999999));
#7966=CARTESIAN_POINT('',(-0.35,1.501,0.1));
#7967=CARTESIAN_POINT('',(-0.35,1.501,0.1));
#7968=CARTESIAN_POINT('',(-0.35,1.501,0.1));
#7969=CARTESIAN_POINT('',(1.,1.501,0.));
#7970=CARTESIAN_POINT('',(-0.35,1.501,0.1));
#7971=CARTESIAN_POINT('',(-0.35,1.501,0.1));
#7972=CARTESIAN_POINT('',(-0.35,1.5,0.85));
#7973=CARTESIAN_POINT('',(2.,1.5,0.85));
#7974=CARTESIAN_POINT('',(-1.35,1.5,0.85));
#7975=CARTESIAN_POINT('',(-1.35,1.5,0.0999999999999999));
#7976=CARTESIAN_POINT('',(-1.35,1.5,0.2));
#7977=CARTESIAN_POINT('',(2.,1.5,0.0999999999999999));
#7978=CARTESIAN_POINT('',(-1.15,1.5,0.1));
#7979=CARTESIAN_POINT('',(-1.15,1.5,0.85));
#7980=CARTESIAN_POINT('',(-1.15,1.5,0.2));
#7981=CARTESIAN_POINT('',(2.,1.5,0.2));
#7982=CARTESIAN_POINT('',(2.,1.5,0.0999999999999999));
#7983=CARTESIAN_POINT('',(0.85,1.5,0.0999999999999999));
#7984=CARTESIAN_POINT('',(0.65,1.5,0.0999999999999999));
#7985=CARTESIAN_POINT('',(0.85,1.5,0.85));
#7986=CARTESIAN_POINT('',(0.85,1.5,0.2));
#7987=CARTESIAN_POINT('',(2.,1.5,0.2));
#7988=CARTESIAN_POINT('',(0.65,1.5,0.2));
#7989=CARTESIAN_POINT('',(0.65,1.5,0.85));
#7990=CARTESIAN_POINT('',(2.,1.5,0.2));
#7991=CARTESIAN_POINT('',(-0.85,1.5,0.2));
#7992=CARTESIAN_POINT('',(-0.65,1.5,0.2));
#7993=CARTESIAN_POINT('',(-0.85,1.5,0.85));
#7994=CARTESIAN_POINT('',(-0.85,1.5,0.0999999999999999));
#7995=CARTESIAN_POINT('',(2.,1.5,0.0999999999999999));
#7996=CARTESIAN_POINT('',(-0.65,1.5,0.0999999999999999));
#7997=CARTESIAN_POINT('',(-0.65,1.5,0.85));
#7998=CARTESIAN_POINT('',(2.,1.5,0.));
#7999=CARTESIAN_POINT('',(2.,1.5,0.));
#8000=CARTESIAN_POINT('',(-2.,1.5,0.));
#8001=CARTESIAN_POINT('',(-2.,1.5,0.85));
#8002=CARTESIAN_POINT('',(-2.,1.5,0.85));
#8003=CARTESIAN_POINT('',(2.,1.5,0.85));
#8004=CARTESIAN_POINT('',(2.,1.5,0.85));
#8005=CARTESIAN_POINT('',(2.,1.5,0.85));
#8006=CARTESIAN_POINT('',(2.,1.5,0.0999999999999999));
#8007=CARTESIAN_POINT('',(0.35,1.5,0.0999999999999999));
#8008=CARTESIAN_POINT('',(0.15,1.5,0.0999999999999999));
#8009=CARTESIAN_POINT('',(0.35,1.5,0.85));
#8010=CARTESIAN_POINT('',(0.35,1.5,0.2));
#8011=CARTESIAN_POINT('',(2.,1.5,0.2));
#8012=CARTESIAN_POINT('',(0.15,1.5,0.2));
#8013=CARTESIAN_POINT('',(0.15,1.5,0.85));
#8014=CARTESIAN_POINT('',(2.,1.5,0.0999999999999999));
#8015=CARTESIAN_POINT('',(1.35,1.5,0.0999999999999999));
#8016=CARTESIAN_POINT('',(1.15,1.5,0.0999999999999999));
#8017=CARTESIAN_POINT('',(1.35,1.5,0.85));
#8018=CARTESIAN_POINT('',(1.35,1.5,0.2));
#8019=CARTESIAN_POINT('',(2.,1.5,0.2));
#8020=CARTESIAN_POINT('',(1.15,1.5,0.2));
#8021=CARTESIAN_POINT('',(1.15,1.5,0.85));
#8022=CARTESIAN_POINT('',(-1.35,1.501,0.1));
#8023=CARTESIAN_POINT('',(-1.35,1.501,0.2));
#8024=CARTESIAN_POINT('',(-1.35,1.501,0.2));
#8025=CARTESIAN_POINT('',(-1.35,1.501,0.1));
#8026=CARTESIAN_POINT('',(-1.35,1.501,0.1));
#8027=CARTESIAN_POINT('',(-1.35,1.501,0.1));
#8028=CARTESIAN_POINT('',(-1.35,1.501,0.1));
#8029=CARTESIAN_POINT('',(-1.35,1.501,0.1));
#8030=CARTESIAN_POINT('',(-1.15,1.501,0.1));
#8031=CARTESIAN_POINT('',(-1.15,1.501,0.1));
#8032=CARTESIAN_POINT('',(-1.15,1.501,0.1));
#8033=CARTESIAN_POINT('',(-1.15,1.501,0.1));
#8034=CARTESIAN_POINT('',(-1.15,1.501,0.2));
#8035=CARTESIAN_POINT('',(-1.15,1.501,0.2));
#8036=CARTESIAN_POINT('',(-1.15,1.501,0.2));
#8037=CARTESIAN_POINT('',(-1.15,1.501,0.2));
#8038=CARTESIAN_POINT('',(0.,1.501,0.));
#8039=CARTESIAN_POINT('',(0.85,1.501,0.2));
#8040=CARTESIAN_POINT('',(0.85,1.501,0.2));
#8041=CARTESIAN_POINT('',(0.85,1.501,0.2));
#8042=CARTESIAN_POINT('',(0.85,1.501,0.2));
#8043=CARTESIAN_POINT('',(0.65,1.501,0.2));
#8044=CARTESIAN_POINT('',(0.65,1.501,0.2));
#8045=CARTESIAN_POINT('',(0.65,1.501,0.1));
#8046=CARTESIAN_POINT('',(0.65,1.501,0.1));
#8047=CARTESIAN_POINT('',(0.65,1.501,0.1));
#8048=CARTESIAN_POINT('',(0.65,1.501,0.1));
#8049=CARTESIAN_POINT('',(0.85,1.501,0.1));
#8050=CARTESIAN_POINT('',(0.85,1.501,0.1));
#8051=CARTESIAN_POINT('',(2.,1.501,0.));
#8052=CARTESIAN_POINT('',(0.65,1.501,0.1));
#8053=CARTESIAN_POINT('',(0.85,1.501,0.1));
#8054=CARTESIAN_POINT('',(0.85,1.501,0.1));
#8055=CARTESIAN_POINT('',(0.65,1.501,0.1));
#8056=CARTESIAN_POINT('',(2.5,1.501,0.));
#8057=CARTESIAN_POINT('',(1.15,1.501,0.1));
#8058=CARTESIAN_POINT('',(1.15,1.501,0.2));
#8059=CARTESIAN_POINT('',(1.15,1.501,0.1));
#8060=CARTESIAN_POINT('',(1.35,1.501,0.2));
#8061=CARTESIAN_POINT('',(1.35,1.501,0.2));
#8062=CARTESIAN_POINT('',(1.35,1.501,0.1));
#8063=CARTESIAN_POINT('',(1.35,1.501,0.1));
#8064=CARTESIAN_POINT('',(1.15,1.501,0.1));
#8065=CARTESIAN_POINT('',(1.15,1.501,0.1));
#8066=CARTESIAN_POINT('',(1.15,1.501,0.1));
#8067=CARTESIAN_POINT('',(1.35,1.501,0.1));
#8068=CARTESIAN_POINT('',(1.35,1.501,0.1));
#8069=CARTESIAN_POINT('',(1.35,1.501,0.2));
#8070=CARTESIAN_POINT('',(1.35,1.501,0.2));
#8071=CARTESIAN_POINT('',(1.15,1.501,0.2));
#8072=CARTESIAN_POINT('',(1.15,1.501,0.1));
#8073=CARTESIAN_POINT('',(0.15,1.501,0.1));
#8074=CARTESIAN_POINT('',(0.15,1.501,0.1));
#8075=CARTESIAN_POINT('',(0.15,1.501,0.1));
#8076=CARTESIAN_POINT('',(0.15,1.501,0.1));
#8077=CARTESIAN_POINT('',(0.35,1.501,0.1));
#8078=CARTESIAN_POINT('',(0.35,1.501,0.1));
#8079=CARTESIAN_POINT('',(0.35,1.501,0.2));
#8080=CARTESIAN_POINT('',(0.35,1.501,0.2));
#8081=CARTESIAN_POINT('',(0.35,1.501,0.2));
#8082=CARTESIAN_POINT('',(0.35,1.501,0.2));
#8083=CARTESIAN_POINT('',(0.15,1.501,0.2));
#8084=CARTESIAN_POINT('',(0.15,1.501,0.2));
#8085=CARTESIAN_POINT('',(1.5,1.501,0.));
#8086=CARTESIAN_POINT('',(0.15,1.501,0.1));
#8087=CARTESIAN_POINT('',(0.35,1.501,0.1));
#8088=CARTESIAN_POINT('',(0.35,1.501,0.1));
#8089=CARTESIAN_POINT('',(0.15,1.501,0.1));
#8090=CARTESIAN_POINT('',(0.5,1.501,0.));
#8091=CARTESIAN_POINT('',(-0.85,1.501,0.1));
#8092=CARTESIAN_POINT('',(-0.85,1.501,0.2));
#8093=CARTESIAN_POINT('',(-0.85,1.501,0.1));
#8094=CARTESIAN_POINT('',(-0.65,1.501,0.2));
#8095=CARTESIAN_POINT('',(-0.65,1.501,0.2));
#8096=CARTESIAN_POINT('',(-0.65,1.501,0.1));
#8097=CARTESIAN_POINT('',(-0.65,1.501,0.1));
#8098=CARTESIAN_POINT('',(-0.85,1.501,0.1));
#8099=CARTESIAN_POINT('',(-0.65,1.501,0.2));
#8100=CARTESIAN_POINT('',(-0.65,1.501,0.2));
#8101=CARTESIAN_POINT('',(-0.85,1.501,0.2));
#8102=CARTESIAN_POINT('',(-0.65,1.501,0.1));
#8103=CARTESIAN_POINT('',(-0.65,1.501,0.1));
#8104=CARTESIAN_POINT('',(-0.85,1.501,0.1));
#8105=CARTESIAN_POINT('',(-0.85,1.501,0.1));
#8106=CARTESIAN_POINT('',(-0.85,1.501,0.1));
#8107=CARTESIAN_POINT('',(1.15,-1.501,0.1));
#8108=CARTESIAN_POINT('',(1.15,-1.5,0.85));
#8109=CARTESIAN_POINT('',(1.15,-1.5,0.2));
#8110=CARTESIAN_POINT('',(1.15,-1.5,0.0999999999999999));
#8111=CARTESIAN_POINT('',(1.15,-1.501,0.1));
#8112=CARTESIAN_POINT('',(1.15,-1.501,0.1));
#8113=CARTESIAN_POINT('',(1.15,-1.501,0.1));
#8114=CARTESIAN_POINT('',(1.15,-1.501,0.2));
#8115=CARTESIAN_POINT('',(1.15,-1.501,0.2));
#8116=CARTESIAN_POINT('',(1.35,-1.501,0.2));
#8117=CARTESIAN_POINT('',(-2.,-1.5,0.2));
#8118=CARTESIAN_POINT('',(1.35,-1.5,0.2));
#8119=CARTESIAN_POINT('',(1.35,-1.501,0.2));
#8120=CARTESIAN_POINT('',(1.35,-1.501,0.2));
#8121=CARTESIAN_POINT('',(1.35,-1.501,0.2));
#8122=CARTESIAN_POINT('',(1.35,-1.501,0.1));
#8123=CARTESIAN_POINT('',(1.35,-1.5,0.85));
#8124=CARTESIAN_POINT('',(1.35,-1.5,0.0999999999999999));
#8125=CARTESIAN_POINT('',(1.35,-1.501,0.1));
#8126=CARTESIAN_POINT('',(1.35,-1.501,0.1));
#8127=CARTESIAN_POINT('',(1.35,-1.501,0.1));
#8128=CARTESIAN_POINT('',(1.15,-1.501,0.1));
#8129=CARTESIAN_POINT('',(-2.,-1.5,0.0999999999999999));
#8130=CARTESIAN_POINT('',(1.15,-1.501,0.1));
#8131=CARTESIAN_POINT('',(2.5,-1.501,0.));
#8132=CARTESIAN_POINT('',(-2.,-1.5,0.85));
#8133=CARTESIAN_POINT('',(-1.5,-1.5,0.0999999999999999));
#8134=CARTESIAN_POINT('',(0.65,-1.5,0.0999999999999999));
#8135=CARTESIAN_POINT('',(0.85,-1.5,0.0999999999999999));
#8136=CARTESIAN_POINT('',(0.65,-1.5,0.85));
#8137=CARTESIAN_POINT('',(0.65,-1.5,0.2));
#8138=CARTESIAN_POINT('',(-2.,-1.5,0.2));
#8139=CARTESIAN_POINT('',(0.85,-1.5,0.2));
#8140=CARTESIAN_POINT('',(0.85,-1.5,0.85));
#8141=CARTESIAN_POINT('',(-0.35,-1.5,0.85));
#8142=CARTESIAN_POINT('',(-0.35,-1.5,0.2));
#8143=CARTESIAN_POINT('',(-0.35,-1.5,0.0999999999999999));
#8144=CARTESIAN_POINT('',(-2.,-1.5,0.2));
#8145=CARTESIAN_POINT('',(-0.15,-1.5,0.2));
#8146=CARTESIAN_POINT('',(-0.15,-1.5,0.85));
#8147=CARTESIAN_POINT('',(-0.15,-1.5,0.1));
#8148=CARTESIAN_POINT('',(-2.,-1.5,0.0999999999999999));
#8149=CARTESIAN_POINT('',(-1.35,-1.5,0.1));
#8150=CARTESIAN_POINT('',(-1.35,-1.5,0.2));
#8151=CARTESIAN_POINT('',(-1.35,-1.5,0.1));
#8152=CARTESIAN_POINT('',(-1.15,-1.5,0.2));
#8153=CARTESIAN_POINT('',(-1.15,-1.5,0.2));
#8154=CARTESIAN_POINT('',(-1.15,-1.5,0.1));
#8155=CARTESIAN_POINT('',(-1.15,-1.5,0.1));
#8156=CARTESIAN_POINT('',(-1.35,-1.5,0.1));
#8157=CARTESIAN_POINT('',(-2.,-1.5,0.));
#8158=CARTESIAN_POINT('',(-2.,-1.5,0.));
#8159=CARTESIAN_POINT('',(2.,-1.5,0.));
#8160=CARTESIAN_POINT('',(2.,-1.5,0.85));
#8161=CARTESIAN_POINT('',(2.,-1.5,0.85));
#8162=CARTESIAN_POINT('',(-2.,-1.5,0.85));
#8163=CARTESIAN_POINT('',(-2.,-1.5,0.85));
#8164=CARTESIAN_POINT('',(-2.,-1.5,0.85));
#8165=CARTESIAN_POINT('',(-0.85,-1.5,0.85));
#8166=CARTESIAN_POINT('',(-0.85,-1.5,0.2));
#8167=CARTESIAN_POINT('',(-0.85,-1.5,0.0999999999999999));
#8168=CARTESIAN_POINT('',(-2.,-1.5,0.2));
#8169=CARTESIAN_POINT('',(-0.65,-1.5,0.2));
#8170=CARTESIAN_POINT('',(-0.65,-1.5,0.85));
#8171=CARTESIAN_POINT('',(-0.65,-1.5,0.1));
#8172=CARTESIAN_POINT('',(-2.,-1.5,0.0999999999999999));
#8173=CARTESIAN_POINT('',(-1.5,-1.5,0.2));
#8174=CARTESIAN_POINT('',(0.35,-1.5,0.2));
#8175=CARTESIAN_POINT('',(0.15,-1.5,0.2));
#8176=CARTESIAN_POINT('',(0.35,-1.5,0.85));
#8177=CARTESIAN_POINT('',(0.35,-1.5,0.0999999999999999));
#8178=CARTESIAN_POINT('',(-2.,-1.5,0.0999999999999999));
#8179=CARTESIAN_POINT('',(0.15,-1.5,0.0999999999999999));
#8180=CARTESIAN_POINT('',(0.15,-1.5,0.85));
#8181=CARTESIAN_POINT('',(0.65,-1.501,0.1));
#8182=CARTESIAN_POINT('',(0.65,-1.501,0.1));
#8183=CARTESIAN_POINT('',(0.65,-1.501,0.1));
#8184=CARTESIAN_POINT('',(0.65,-1.501,0.1));
#8185=CARTESIAN_POINT('',(0.65,-1.501,0.2));
#8186=CARTESIAN_POINT('',(0.65,-1.501,0.2));
#8187=CARTESIAN_POINT('',(0.85,-1.501,0.1));
#8188=CARTESIAN_POINT('',(0.85,-1.501,0.2));
#8189=CARTESIAN_POINT('',(0.85,-1.501,0.2));
#8190=CARTESIAN_POINT('',(0.85,-1.501,0.1));
#8191=CARTESIAN_POINT('',(0.85,-1.501,0.1));
#8192=CARTESIAN_POINT('',(0.85,-1.501,0.1));
#8193=CARTESIAN_POINT('',(2.,-1.501,0.));
#8194=CARTESIAN_POINT('',(0.65,-1.501,0.1));
#8195=CARTESIAN_POINT('',(0.85,-1.501,0.2));
#8196=CARTESIAN_POINT('',(0.65,-1.501,0.1));
#8197=CARTESIAN_POINT('',(0.85,-1.501,0.2));
#8198=CARTESIAN_POINT('',(0.15,-1.501,0.1));
#8199=CARTESIAN_POINT('',(0.15,-1.501,0.1));
#8200=CARTESIAN_POINT('',(0.15,-1.501,0.1));
#8201=CARTESIAN_POINT('',(0.15,-1.501,0.1));
#8202=CARTESIAN_POINT('',(0.15,-1.501,0.2));
#8203=CARTESIAN_POINT('',(0.15,-1.501,0.2));
#8204=CARTESIAN_POINT('',(0.35,-1.501,0.1));
#8205=CARTESIAN_POINT('',(0.35,-1.501,0.2));
#8206=CARTESIAN_POINT('',(0.35,-1.501,0.2));
#8207=CARTESIAN_POINT('',(0.35,-1.501,0.1));
#8208=CARTESIAN_POINT('',(0.35,-1.501,0.1));
#8209=CARTESIAN_POINT('',(0.35,-1.501,0.1));
#8210=CARTESIAN_POINT('',(1.5,-1.501,0.));
#8211=CARTESIAN_POINT('',(0.15,-1.501,0.1));
#8212=CARTESIAN_POINT('',(0.35,-1.501,0.2));
#8213=CARTESIAN_POINT('',(0.35,-1.501,0.2));
#8214=CARTESIAN_POINT('',(0.15,-1.501,0.1));
#8215=CARTESIAN_POINT('',(-0.35,-1.501,0.1));
#8216=CARTESIAN_POINT('',(-0.35,-1.501,0.1));
#8217=CARTESIAN_POINT('',(-0.35,-1.501,0.1));
#8218=CARTESIAN_POINT('',(-0.35,-1.501,0.1));
#8219=CARTESIAN_POINT('',(-0.35,-1.501,0.2));
#8220=CARTESIAN_POINT('',(-0.35,-1.501,0.2));
#8221=CARTESIAN_POINT('',(1.,-1.501,0.));
#8222=CARTESIAN_POINT('',(-0.35,-1.501,0.1));
#8223=CARTESIAN_POINT('',(-0.15,-1.501,0.1));
#8224=CARTESIAN_POINT('',(-0.15,-1.501,0.1));
#8225=CARTESIAN_POINT('',(-0.15,-1.501,0.2));
#8226=CARTESIAN_POINT('',(-0.15,-1.501,0.2));
#8227=CARTESIAN_POINT('',(-0.35,-1.501,0.1));
#8228=CARTESIAN_POINT('',(-0.15,-1.501,0.1));
#8229=CARTESIAN_POINT('',(-0.15,-1.501,0.2));
#8230=CARTESIAN_POINT('',(-0.15,-1.501,0.2));
#8231=CARTESIAN_POINT('',(-0.15,-1.501,0.1));
#8232=CARTESIAN_POINT('',(-0.85,-1.501,0.1));
#8233=CARTESIAN_POINT('',(-0.85,-1.501,0.1));
#8234=CARTESIAN_POINT('',(-0.85,-1.501,0.1));
#8235=CARTESIAN_POINT('',(-0.85,-1.501,0.1));
#8236=CARTESIAN_POINT('',(-0.85,-1.501,0.2));
#8237=CARTESIAN_POINT('',(-0.85,-1.501,0.2));
#8238=CARTESIAN_POINT('',(-0.85,-1.501,0.1));
#8239=CARTESIAN_POINT('',(-0.65,-1.501,0.1));
#8240=CARTESIAN_POINT('',(-0.65,-1.501,0.1));
#8241=CARTESIAN_POINT('',(-0.85,-1.501,0.1));
#8242=CARTESIAN_POINT('',(-0.65,-1.501,0.1));
#8243=CARTESIAN_POINT('',(-0.65,-1.501,0.2));
#8244=CARTESIAN_POINT('',(-0.65,-1.501,0.2));
#8245=CARTESIAN_POINT('',(-0.65,-1.501,0.1));
#8246=CARTESIAN_POINT('',(-0.65,-1.501,0.2));
#8247=CARTESIAN_POINT('',(-0.65,-1.501,0.2));
#8248=CARTESIAN_POINT('',(0.5,-1.501,0.));
#8249=CARTESIAN_POINT('',(2.001,0.,0.));
#8250=CARTESIAN_POINT('',(2.001,-0.85,0.0995));
#8251=CARTESIAN_POINT('',(2.001,-0.65,0.0995));
#8252=CARTESIAN_POINT('',(2.001,-0.85,0.0995));
#8253=CARTESIAN_POINT('',(2.001,-0.65,0.0995));
#8254=CARTESIAN_POINT('',(2.001,-0.65,0.2));
#8255=CARTESIAN_POINT('',(2.001,-0.65,0.2));
#8256=CARTESIAN_POINT('',(2.001,-0.85,0.2));
#8257=CARTESIAN_POINT('',(2.001,-0.85,0.0995));
#8258=CARTESIAN_POINT('',(2.001,0.5,0.));
#8259=CARTESIAN_POINT('',(2.001,-0.35,0.0995));
#8260=CARTESIAN_POINT('',(2.001,-0.15,0.0995));
#8261=CARTESIAN_POINT('',(2.001,-0.35,0.0995));
#8262=CARTESIAN_POINT('',(2.001,-0.15,0.0995));
#8263=CARTESIAN_POINT('',(2.001,-0.15,0.2));
#8264=CARTESIAN_POINT('',(2.001,-0.15,0.2));
#8265=CARTESIAN_POINT('',(2.001,-0.35,0.2));
#8266=CARTESIAN_POINT('',(2.001,-0.35,0.0995));
#8267=CARTESIAN_POINT('',(2.001,1.,0.));
#8268=CARTESIAN_POINT('',(2.001,0.15,0.0995));
#8269=CARTESIAN_POINT('',(2.001,0.35,0.0995));
#8270=CARTESIAN_POINT('',(2.001,0.15,0.0995));
#8271=CARTESIAN_POINT('',(2.001,0.35,0.0995));
#8272=CARTESIAN_POINT('',(2.001,0.35,0.2));
#8273=CARTESIAN_POINT('',(2.001,0.35,0.2));
#8274=CARTESIAN_POINT('',(2.001,0.15,0.2));
#8275=CARTESIAN_POINT('',(2.001,0.15,0.0995));
#8276=CARTESIAN_POINT('',(2.001,1.5,0.));
#8277=CARTESIAN_POINT('',(2.001,0.65,0.0995));
#8278=CARTESIAN_POINT('',(2.001,0.85,0.0995));
#8279=CARTESIAN_POINT('',(2.001,0.65,0.0995));
#8280=CARTESIAN_POINT('',(2.001,0.85,0.0995));
#8281=CARTESIAN_POINT('',(2.001,0.85,0.2));
#8282=CARTESIAN_POINT('',(2.001,0.85,0.2));
#8283=CARTESIAN_POINT('',(2.001,0.65,0.2));
#8284=CARTESIAN_POINT('',(2.001,0.65,0.0995));
#8285=CARTESIAN_POINT('',(-1.7769889747493,0.753011025250696,-0.001));
#8286=CARTESIAN_POINT('',(-1.7769889747493,0.753011025250696,-0.001));
#8287=CARTESIAN_POINT('',(-1.68,0.753011025250696,-0.001));
#8288=CARTESIAN_POINT('',(-1.7769889747493,0.85,-0.001));
#8289=CARTESIAN_POINT('',(-1.68,0.75,-0.001));
#8290=CARTESIAN_POINT('',(-1.68,0.742154529698571,-0.001));
#8291=CARTESIAN_POINT('',(-1.77215452969857,0.742154529698571,-0.001));
#8292=CARTESIAN_POINT('',(-1.77215453069857,0.65,-0.001));
#8293=CARTESIAN_POINT('',(-1.77215453069857,0.65,-0.001));
#8294=CARTESIAN_POINT('',(-1.95,0.65,-0.001));
#8295=CARTESIAN_POINT('',(-1.95,0.75,-0.001));
#8296=CARTESIAN_POINT('',(-1.95,0.85,-0.001));
#8297=CARTESIAN_POINT('',(-1.7769889747493,0.85,-0.001));
#8298=CARTESIAN_POINT('',(-1.7769889747493,-0.253011025250696,-0.001));
#8299=CARTESIAN_POINT('',(-1.7769889747493,-0.253011025250696,-0.001));
#8300=CARTESIAN_POINT('',(-1.68,-0.253011025250696,-0.001));
#8301=CARTESIAN_POINT('',(-1.7769889747493,-0.35,-0.001));
#8302=CARTESIAN_POINT('',(-1.7769889747493,-0.35,-0.001));
#8303=CARTESIAN_POINT('',(-1.95,-0.35,-0.001));
#8304=CARTESIAN_POINT('',(-1.95,-0.25,-0.001));
#8305=CARTESIAN_POINT('',(-1.95,-0.15,-0.001));
#8306=CARTESIAN_POINT('',(-1.77215453069857,-0.15,-0.001));
#8307=CARTESIAN_POINT('',(-1.77215453069857,-0.15,-0.001));
#8308=CARTESIAN_POINT('',(-1.77215452969857,-0.242154529698571,-0.001));
#8309=CARTESIAN_POINT('',(-1.68,-0.242154529698571,-0.001));
#8310=CARTESIAN_POINT('',(-1.68,-0.25,-0.001));
#8311=CARTESIAN_POINT('',(1.7769889747493,0.253011025250696,-0.001));
#8312=CARTESIAN_POINT('',(1.7769889747493,0.253011025250696,-0.001));
#8313=CARTESIAN_POINT('',(1.68,0.253011025250696,-0.001));
#8314=CARTESIAN_POINT('',(1.7769889747493,0.35,-0.001));
#8315=CARTESIAN_POINT('',(1.7769889747493,0.35,-0.001));
#8316=CARTESIAN_POINT('',(1.95,0.35,-0.001));
#8317=CARTESIAN_POINT('',(1.95,0.25,-0.001));
#8318=CARTESIAN_POINT('',(1.95,0.15,-0.001));
#8319=CARTESIAN_POINT('',(1.77215453069857,0.15,-0.001));
#8320=CARTESIAN_POINT('',(1.77215453069857,0.15,-0.001));
#8321=CARTESIAN_POINT('',(1.77215452969857,0.242154529698571,-0.001));
#8322=CARTESIAN_POINT('',(1.68,0.242154529698571,-0.001));
#8323=CARTESIAN_POINT('',(1.68,0.25,-0.001));
#8324=CARTESIAN_POINT('',(1.7769889747493,0.753011025250696,-0.001));
#8325=CARTESIAN_POINT('',(1.7769889747493,0.753011025250696,-0.001));
#8326=CARTESIAN_POINT('',(1.68,0.753011025250696,-0.001));
#8327=CARTESIAN_POINT('',(1.7769889747493,0.85,-0.001));
#8328=CARTESIAN_POINT('',(1.7769889747493,0.85,-0.001));
#8329=CARTESIAN_POINT('',(1.95,0.85,-0.001));
#8330=CARTESIAN_POINT('',(1.95,0.75,-0.001));
#8331=CARTESIAN_POINT('',(1.95,0.65,-0.001));
#8332=CARTESIAN_POINT('',(1.77215453069857,0.65,-0.001));
#8333=CARTESIAN_POINT('',(1.77215453069857,0.65,-0.001));
#8334=CARTESIAN_POINT('',(1.77215452969857,0.742154529698571,-0.001));
#8335=CARTESIAN_POINT('',(1.68,0.742154529698571,-0.001));
#8336=CARTESIAN_POINT('',(1.68,0.75,-0.001));
#8337=CARTESIAN_POINT('',(1.7769889747493,-0.253011025250696,-0.001));
#8338=CARTESIAN_POINT('',(1.7769889747493,-0.253011025250696,-0.001));
#8339=CARTESIAN_POINT('',(1.68,-0.253011025250696,-0.001));
#8340=CARTESIAN_POINT('',(1.7769889747493,-0.35,-0.001));
#8341=CARTESIAN_POINT('',(1.68,-0.25,-0.001));
#8342=CARTESIAN_POINT('',(1.68,-0.242154529698571,-0.001));
#8343=CARTESIAN_POINT('',(1.77215452969857,-0.242154529698571,-0.001));
#8344=CARTESIAN_POINT('',(1.77215453069857,-0.15,-0.001));
#8345=CARTESIAN_POINT('',(1.77215453069857,-0.15,-0.001));
#8346=CARTESIAN_POINT('',(1.95,-0.15,-0.001));
#8347=CARTESIAN_POINT('',(1.95,-0.25,-0.001));
#8348=CARTESIAN_POINT('',(1.95,-0.35,-0.001));
#8349=CARTESIAN_POINT('',(1.7769889747493,-0.35,-0.001));
#8350=CARTESIAN_POINT('',(1.7769889747493,-0.753011025250696,-0.001));
#8351=CARTESIAN_POINT('',(1.7769889747493,-0.753011025250696,-0.001));
#8352=CARTESIAN_POINT('',(1.68,-0.753011025250696,-0.001));
#8353=CARTESIAN_POINT('',(1.7769889747493,-0.85,-0.001));
#8354=CARTESIAN_POINT('',(1.68,-0.75,-0.001));
#8355=CARTESIAN_POINT('',(1.68,-0.742154529698571,-0.001));
#8356=CARTESIAN_POINT('',(1.77215452969857,-0.742154529698571,-0.001));
#8357=CARTESIAN_POINT('',(1.77215453069857,-0.65,-0.001));
#8358=CARTESIAN_POINT('',(1.77215453069857,-0.65,-0.001));
#8359=CARTESIAN_POINT('',(1.95,-0.65,-0.001));
#8360=CARTESIAN_POINT('',(1.95,-0.75,-0.001));
#8361=CARTESIAN_POINT('',(1.95,-0.85,-0.001));
#8362=CARTESIAN_POINT('',(1.7769889747493,-0.85,-0.001));
#8363=CARTESIAN_POINT('',(0.24746141400874,-1.27746141400874,-0.001));
#8364=CARTESIAN_POINT('',(0.24746141400874,-1.27746141400874,-0.001));
#8365=CARTESIAN_POINT('',(0.15,-1.27746141400874,-0.001));
#8366=CARTESIAN_POINT('',(0.24746141400874,-1.18,-0.001));
#8367=CARTESIAN_POINT('',(0.24746141400874,-1.18,-0.001));
#8368=CARTESIAN_POINT('',(0.261252893678825,-1.18,-0.001));
#8369=CARTESIAN_POINT('',(0.261252893678825,-1.26874710632118,-0.001));
#8370=CARTESIAN_POINT('',(0.35,-1.26874710632118,-0.001));
#8371=CARTESIAN_POINT('',(0.35,-1.26874710632118,-0.001));
#8372=CARTESIAN_POINT('',(0.35,-1.45,-0.001));
#8373=CARTESIAN_POINT('',(0.25,-1.45,-0.001));
#8374=CARTESIAN_POINT('',(0.15,-1.45,-0.001));
#8375=CARTESIAN_POINT('',(0.15,-1.27746141400874,-0.001));
#8376=CARTESIAN_POINT('',(0.74746141400874,-1.27746141400874,-0.001));
#8377=CARTESIAN_POINT('',(0.74746141400874,-1.27746141400874,-0.001));
#8378=CARTESIAN_POINT('',(0.65,-1.27746141400874,-0.001));
#8379=CARTESIAN_POINT('',(0.74746141400874,-1.18,-0.001));
#8380=CARTESIAN_POINT('',(0.74746141400874,-1.18,-0.001));
#8381=CARTESIAN_POINT('',(0.761252893678825,-1.18,-0.001));
#8382=CARTESIAN_POINT('',(0.761252893678825,-1.26874710632118,-0.001));
#8383=CARTESIAN_POINT('',(0.85,-1.26874710632118,-0.001));
#8384=CARTESIAN_POINT('',(0.85,-1.26874710632118,-0.001));
#8385=CARTESIAN_POINT('',(0.85,-1.45,-0.001));
#8386=CARTESIAN_POINT('',(0.75,-1.45,-0.001));
#8387=CARTESIAN_POINT('',(0.65,-1.45,-0.001));
#8388=CARTESIAN_POINT('',(0.65,-1.27746141400874,-0.001));
#8389=CARTESIAN_POINT('',(-0.24746141400874,-1.27746141400874,-0.001));
#8390=CARTESIAN_POINT('',(-0.24746141400874,-1.27746141400874,-0.001));
#8391=CARTESIAN_POINT('',(-0.15,-1.27746141400874,-0.001));
#8392=CARTESIAN_POINT('',(-0.24746141400874,-1.18,-0.001));
#8393=CARTESIAN_POINT('',(-0.15,-1.27746141400874,-0.001));
#8394=CARTESIAN_POINT('',(-0.15,-1.45,-0.001));
#8395=CARTESIAN_POINT('',(-0.25,-1.45,-0.001));
#8396=CARTESIAN_POINT('',(-0.35,-1.45,-0.001));
#8397=CARTESIAN_POINT('',(-0.35,-1.26874710632118,-0.001));
#8398=CARTESIAN_POINT('',(-0.35,-1.26874710632118,-0.001));
#8399=CARTESIAN_POINT('',(-0.261252893678825,-1.26874710632118,-0.001));
#8400=CARTESIAN_POINT('',(-0.261252893678825,-1.18,-0.001));
#8401=CARTESIAN_POINT('',(-0.24746141400874,-1.18,-0.001));
#8402=CARTESIAN_POINT('',(-0.74746141400874,-1.27746141400874,-0.001));
#8403=CARTESIAN_POINT('',(-0.74746141400874,-1.27746141400874,-0.001));
#8404=CARTESIAN_POINT('',(-0.65,-1.27746141400874,-0.001));
#8405=CARTESIAN_POINT('',(-0.74746141400874,-1.18,-0.001));
#8406=CARTESIAN_POINT('',(-0.65,-1.27746141400874,-0.001));
#8407=CARTESIAN_POINT('',(-0.65,-1.45,-0.001));
#8408=CARTESIAN_POINT('',(-0.75,-1.45,-0.001));
#8409=CARTESIAN_POINT('',(-0.85,-1.45,-0.001));
#8410=CARTESIAN_POINT('',(-0.85,-1.26874710632118,-0.001));
#8411=CARTESIAN_POINT('',(-0.85,-1.26874710632118,-0.001));
#8412=CARTESIAN_POINT('',(-0.761252893678825,-1.26874710632118,-0.001));
#8413=CARTESIAN_POINT('',(-0.761252893678825,-1.18,-0.001));
#8414=CARTESIAN_POINT('',(-0.74746141400874,-1.18,-0.001));
#8415=CARTESIAN_POINT('',(0.,0.,-0.001));
#8416=CARTESIAN_POINT('',(-1.4,0.686820221411556,-0.001));
#8417=CARTESIAN_POINT('',(-1.4,0.686820221411556,-0.001));
#8418=CARTESIAN_POINT('',(-1.18682022141155,0.9,-0.001));
#8419=CARTESIAN_POINT('',(-1.18682022141155,0.9,-0.001));
#8420=CARTESIAN_POINT('',(1.4,0.9,-0.001));
#8421=CARTESIAN_POINT('',(1.4,0.9,-0.001));
#8422=CARTESIAN_POINT('',(1.4,-0.9,-0.001));
#8423=CARTESIAN_POINT('',(1.4,-0.9,-0.001));
#8424=CARTESIAN_POINT('',(-1.4,-0.9,-0.001));
#8425=CARTESIAN_POINT('',(-1.4,-0.9,-0.001));
#8426=CARTESIAN_POINT('',(0.24746141400874,1.27746141400874,-0.001));
#8427=CARTESIAN_POINT('',(0.24746141400874,1.27746141400874,-0.001));
#8428=CARTESIAN_POINT('',(0.15,1.27746141400874,-0.001));
#8429=CARTESIAN_POINT('',(0.24746141400874,1.18,-0.001));
#8430=CARTESIAN_POINT('',(0.15,1.27746141400874,-0.001));
#8431=CARTESIAN_POINT('',(0.15,1.45,-0.001));
#8432=CARTESIAN_POINT('',(0.25,1.45,-0.001));
#8433=CARTESIAN_POINT('',(0.35,1.45,-0.001));
#8434=CARTESIAN_POINT('',(0.35,1.26874710632118,-0.001));
#8435=CARTESIAN_POINT('',(0.35,1.26874710632118,-0.001));
#8436=CARTESIAN_POINT('',(0.261252893678825,1.26874710632118,-0.001));
#8437=CARTESIAN_POINT('',(0.261252893678825,1.18,-0.001));
#8438=CARTESIAN_POINT('',(0.24746141400874,1.18,-0.001));
#8439=CARTESIAN_POINT('',(2.001,-0.65,0.2));
#8440=CARTESIAN_POINT('',(2.,-0.65,0.2));
#8441=CARTESIAN_POINT('',(2.,-0.85,0.2));
#8442=CARTESIAN_POINT('',(2.,-0.65,0.2));
#8443=CARTESIAN_POINT('',(2.001,-0.85,0.2));
#8444=CARTESIAN_POINT('',(2.001,-0.65,0.2));
#8445=CARTESIAN_POINT('',(2.001,-0.85,0.0995));
#8446=CARTESIAN_POINT('',(2.,-0.85,0.0995));
#8447=CARTESIAN_POINT('',(2.,-0.85,0.0995));
#8448=CARTESIAN_POINT('',(2.001,-0.85,0.0995));
#8449=CARTESIAN_POINT('',(2.001,-0.85,0.0995));
#8450=CARTESIAN_POINT('',(2.,-0.85,0.0995));
#8451=CARTESIAN_POINT('',(2.,-0.65,0.0995));
#8452=CARTESIAN_POINT('',(2.001,-0.65,0.0995));
#8453=CARTESIAN_POINT('',(2.001,-0.65,0.0995));
#8454=CARTESIAN_POINT('',(2.,-0.65,0.0995));
#8455=CARTESIAN_POINT('',(2.001,-0.15,0.2));
#8456=CARTESIAN_POINT('',(2.,-1.5,0.2));
#8457=CARTESIAN_POINT('',(2.,-0.35,0.2));
#8458=CARTESIAN_POINT('',(2.,-0.15,0.2));
#8459=CARTESIAN_POINT('',(2.001,-0.35,0.2));
#8460=CARTESIAN_POINT('',(2.001,-0.15,0.2));
#8461=CARTESIAN_POINT('',(2.001,-0.35,0.0995));
#8462=CARTESIAN_POINT('',(2.,-0.350000000000001,0.850000000000001));
#8463=CARTESIAN_POINT('',(2.,-0.35,0.0995));
#8464=CARTESIAN_POINT('',(2.001,-0.35,0.0995));
#8465=CARTESIAN_POINT('',(2.001,-0.35,0.0995));
#8466=CARTESIAN_POINT('',(2.,-1.5,0.0995));
#8467=CARTESIAN_POINT('',(2.,-0.15,0.0995));
#8468=CARTESIAN_POINT('',(2.001,-0.15,0.0995));
#8469=CARTESIAN_POINT('',(2.001,-0.15,0.0995));
#8470=CARTESIAN_POINT('',(2.,-0.150000000000001,0.850000000000001));
#8471=CARTESIAN_POINT('',(2.001,0.35,0.2));
#8472=CARTESIAN_POINT('',(2.,-1.5,0.2));
#8473=CARTESIAN_POINT('',(2.,0.15,0.2));
#8474=CARTESIAN_POINT('',(2.,0.35,0.2));
#8475=CARTESIAN_POINT('',(2.001,0.15,0.2));
#8476=CARTESIAN_POINT('',(2.001,0.35,0.2));
#8477=CARTESIAN_POINT('',(2.001,0.15,0.0995));
#8478=CARTESIAN_POINT('',(2.,0.149999999999999,0.850000000000002));
#8479=CARTESIAN_POINT('',(2.,0.15,0.0995));
#8480=CARTESIAN_POINT('',(2.001,0.15,0.0995));
#8481=CARTESIAN_POINT('',(2.001,0.15,0.0995));
#8482=CARTESIAN_POINT('',(2.,-1.5,0.0995));
#8483=CARTESIAN_POINT('',(2.,0.35,0.0995));
#8484=CARTESIAN_POINT('',(2.001,0.35,0.0995));
#8485=CARTESIAN_POINT('',(2.001,0.35,0.0995));
#8486=CARTESIAN_POINT('',(2.,0.349999999999999,0.850000000000002));
#8487=CARTESIAN_POINT('',(2.001,0.85,0.2));
#8488=CARTESIAN_POINT('',(2.,-1.5,0.2));
#8489=CARTESIAN_POINT('',(2.,0.65,0.2));
#8490=CARTESIAN_POINT('',(2.,0.85,0.2));
#8491=CARTESIAN_POINT('',(2.001,0.65,0.2));
#8492=CARTESIAN_POINT('',(2.001,0.85,0.2));
#8493=CARTESIAN_POINT('',(2.001,0.65,0.0995));
#8494=CARTESIAN_POINT('',(2.,0.649999999999999,0.850000000000002));
#8495=CARTESIAN_POINT('',(2.,0.65,0.0995));
#8496=CARTESIAN_POINT('',(2.001,0.65,0.0995));
#8497=CARTESIAN_POINT('',(2.001,0.65,0.0995));
#8498=CARTESIAN_POINT('',(2.,-1.5,0.0995));
#8499=CARTESIAN_POINT('',(2.,0.85,0.0995));
#8500=CARTESIAN_POINT('',(2.001,0.85,0.0995));
#8501=CARTESIAN_POINT('',(2.001,0.85,0.0995));
#8502=CARTESIAN_POINT('',(2.,0.849999999999999,0.850000000000002));
#8503=CARTESIAN_POINT('',(0.74746141400874,1.27746141400874,-0.001));
#8504=CARTESIAN_POINT('',(0.74746141400874,1.27746141400874,-0.001));
#8505=CARTESIAN_POINT('',(0.65,1.27746141400874,-0.001));
#8506=CARTESIAN_POINT('',(0.74746141400874,1.18,-0.001));
#8507=CARTESIAN_POINT('',(0.65,1.27746141400874,-0.001));
#8508=CARTESIAN_POINT('',(0.65,1.45,-0.001));
#8509=CARTESIAN_POINT('',(0.75,1.45,-0.001));
#8510=CARTESIAN_POINT('',(0.85,1.45,-0.001));
#8511=CARTESIAN_POINT('',(0.85,1.26874710632118,-0.001));
#8512=CARTESIAN_POINT('',(0.85,1.26874710632118,-0.001));
#8513=CARTESIAN_POINT('',(0.761252893678825,1.26874710632118,-0.001));
#8514=CARTESIAN_POINT('',(0.761252893678825,1.18,-0.001));
#8515=CARTESIAN_POINT('',(0.74746141400874,1.18,-0.001));
#8516=CARTESIAN_POINT('',(1.24746141400874,1.27746141400874,-0.001));
#8517=CARTESIAN_POINT('',(1.24746141400874,1.27746141400874,-0.001));
#8518=CARTESIAN_POINT('',(1.15,1.27746141400874,-0.001));
#8519=CARTESIAN_POINT('',(1.24746141400874,1.18,-0.001));
#8520=CARTESIAN_POINT('',(1.15,1.27746141400874,-0.001));
#8521=CARTESIAN_POINT('',(1.15,1.45,-0.001));
#8522=CARTESIAN_POINT('',(1.25,1.45,-0.001));
#8523=CARTESIAN_POINT('',(1.35,1.45,-0.001));
#8524=CARTESIAN_POINT('',(1.35,1.26874710632118,-0.001));
#8525=CARTESIAN_POINT('',(1.35,1.26874710632118,-0.001));
#8526=CARTESIAN_POINT('',(1.26125289367882,1.26874710632118,-0.001));
#8527=CARTESIAN_POINT('',(1.26125289367882,1.18,-0.001));
#8528=CARTESIAN_POINT('',(1.24746141400874,1.18,-0.001));
#8529=CARTESIAN_POINT('',(-1.24746141400874,1.27746141400874,-0.001));
#8530=CARTESIAN_POINT('',(-1.24746141400874,1.27746141400874,-0.001));
#8531=CARTESIAN_POINT('',(-1.15,1.27746141400874,-0.001));
#8532=CARTESIAN_POINT('',(-1.24746141400874,1.18,-0.001));
#8533=CARTESIAN_POINT('',(-1.24746141400874,1.18,-0.001));
#8534=CARTESIAN_POINT('',(-1.26125289367882,1.18,-0.001));
#8535=CARTESIAN_POINT('',(-1.26125289367882,1.26874710632118,-0.001));
#8536=CARTESIAN_POINT('',(-1.35,1.26874710632118,-0.001));
#8537=CARTESIAN_POINT('',(-1.35,1.26874710632118,-0.001));
#8538=CARTESIAN_POINT('',(-1.35,1.45,-0.001));
#8539=CARTESIAN_POINT('',(-1.25,1.45,-0.001));
#8540=CARTESIAN_POINT('',(-1.15,1.45,-0.001));
#8541=CARTESIAN_POINT('',(-1.15,1.27746141400874,-0.001));
#8542=CARTESIAN_POINT('',(-0.74746141400874,1.27746141400874,-0.001));
#8543=CARTESIAN_POINT('',(-0.74746141400874,1.27746141400874,-0.001));
#8544=CARTESIAN_POINT('',(-0.65,1.27746141400874,-0.001));
#8545=CARTESIAN_POINT('',(-0.74746141400874,1.18,-0.001));
#8546=CARTESIAN_POINT('',(-0.74746141400874,1.18,-0.001));
#8547=CARTESIAN_POINT('',(-0.761252893678825,1.18,-0.001));
#8548=CARTESIAN_POINT('',(-0.761252893678825,1.26874710632118,-0.001));
#8549=CARTESIAN_POINT('',(-0.85,1.26874710632118,-0.001));
#8550=CARTESIAN_POINT('',(-0.85,1.26874710632118,-0.001));
#8551=CARTESIAN_POINT('',(-0.85,1.45,-0.001));
#8552=CARTESIAN_POINT('',(-0.75,1.45,-0.001));
#8553=CARTESIAN_POINT('',(-0.65,1.45,-0.001));
#8554=CARTESIAN_POINT('',(-0.65,1.27746141400874,-0.001));
#8555=CARTESIAN_POINT('',(-0.24746141400874,1.27746141400874,-0.001));
#8556=CARTESIAN_POINT('',(-0.24746141400874,1.27746141400874,-0.001));
#8557=CARTESIAN_POINT('',(-0.15,1.27746141400874,-0.001));
#8558=CARTESIAN_POINT('',(-0.24746141400874,1.18,-0.001));
#8559=CARTESIAN_POINT('',(-0.24746141400874,1.18,-0.001));
#8560=CARTESIAN_POINT('',(-0.261252893678825,1.18,-0.001));
#8561=CARTESIAN_POINT('',(-0.261252893678825,1.26874710632118,-0.001));
#8562=CARTESIAN_POINT('',(-0.35,1.26874710632118,-0.001));
#8563=CARTESIAN_POINT('',(-0.35,1.26874710632118,-0.001));
#8564=CARTESIAN_POINT('',(-0.35,1.45,-0.001));
#8565=CARTESIAN_POINT('',(-0.25,1.45,-0.001));
#8566=CARTESIAN_POINT('',(-0.15,1.45,-0.001));
#8567=CARTESIAN_POINT('',(-0.15,1.27746141400874,-0.001));
#8568=CARTESIAN_POINT('',(1.24746141400874,-1.27746141400874,-0.001));
#8569=CARTESIAN_POINT('',(1.24746141400874,-1.27746141400874,-0.001));
#8570=CARTESIAN_POINT('',(1.15,-1.27746141400874,-0.001));
#8571=CARTESIAN_POINT('',(1.24746141400874,-1.18,-0.001));
#8572=CARTESIAN_POINT('',(1.24746141400874,-1.18,-0.001));
#8573=CARTESIAN_POINT('',(1.26125289367882,-1.18,-0.001));
#8574=CARTESIAN_POINT('',(1.26125289367882,-1.26874710632118,-0.001));
#8575=CARTESIAN_POINT('',(1.35,-1.26874710632118,-0.001));
#8576=CARTESIAN_POINT('',(1.35,-1.26874710632118,-0.001));
#8577=CARTESIAN_POINT('',(1.35,-1.45,-0.001));
#8578=CARTESIAN_POINT('',(1.25,-1.45,-0.001));
#8579=CARTESIAN_POINT('',(1.15,-1.45,-0.001));
#8580=CARTESIAN_POINT('',(1.15,-1.27746141400874,-0.001));
#8581=CARTESIAN_POINT('',(-1.24746141400874,-1.27746141400874,-0.001));
#8582=CARTESIAN_POINT('',(-1.24746141400874,-1.27746141400874,-0.001));
#8583=CARTESIAN_POINT('',(-1.15,-1.27746141400874,-0.001));
#8584=CARTESIAN_POINT('',(-1.24746141400874,-1.18,-0.001));
#8585=CARTESIAN_POINT('',(-1.15,-1.27746141400874,-0.001));
#8586=CARTESIAN_POINT('',(-1.15,-1.45,-0.001));
#8587=CARTESIAN_POINT('',(-1.25,-1.45,-0.001));
#8588=CARTESIAN_POINT('',(-1.35,-1.45,-0.001));
#8589=CARTESIAN_POINT('',(-1.35,-1.26874710632118,-0.001));
#8590=CARTESIAN_POINT('',(-1.35,-1.26874710632118,-0.001));
#8591=CARTESIAN_POINT('',(-1.26125289367882,-1.26874710632118,-0.001));
#8592=CARTESIAN_POINT('',(-1.26125289367882,-1.18,-0.001));
#8593=CARTESIAN_POINT('',(-1.24746141400874,-1.18,-0.001));
#8594=CARTESIAN_POINT('',(-1.7769889747493,-0.753011025250696,-0.001));
#8595=CARTESIAN_POINT('',(-1.7769889747493,-0.753011025250696,-0.001));
#8596=CARTESIAN_POINT('',(-1.68,-0.753011025250696,-0.001));
#8597=CARTESIAN_POINT('',(-1.7769889747493,-0.85,-0.001));
#8598=CARTESIAN_POINT('',(-1.7769889747493,-0.85,-0.001));
#8599=CARTESIAN_POINT('',(-1.95,-0.85,-0.001));
#8600=CARTESIAN_POINT('',(-1.95,-0.75,-0.001));
#8601=CARTESIAN_POINT('',(-1.95,-0.65,-0.001));
#8602=CARTESIAN_POINT('',(-1.77215453069857,-0.65,-0.001));
#8603=CARTESIAN_POINT('',(-1.77215453069857,-0.65,-0.001));
#8604=CARTESIAN_POINT('',(-1.77215452969857,-0.742154529698571,-0.001));
#8605=CARTESIAN_POINT('',(-1.68,-0.742154529698571,-0.001));
#8606=CARTESIAN_POINT('',(-1.68,-0.75,-0.001));
#8607=CARTESIAN_POINT('',(-1.7769889747493,0.253011025250696,-0.001));
#8608=CARTESIAN_POINT('',(-1.7769889747493,0.253011025250696,-0.001));
#8609=CARTESIAN_POINT('',(-1.68,0.253011025250696,-0.001));
#8610=CARTESIAN_POINT('',(-1.7769889747493,0.35,-0.001));
#8611=CARTESIAN_POINT('',(-1.68,0.25,-0.001));
#8612=CARTESIAN_POINT('',(-1.68,0.242154529698571,-0.001));
#8613=CARTESIAN_POINT('',(-1.77215452969857,0.242154529698571,-0.001));
#8614=CARTESIAN_POINT('',(-1.77215453069857,0.15,-0.001));
#8615=CARTESIAN_POINT('',(-1.77215453069857,0.15,-0.001));
#8616=CARTESIAN_POINT('',(-1.95,0.15,-0.001));
#8617=CARTESIAN_POINT('',(-1.95,0.25,-0.001));
#8618=CARTESIAN_POINT('',(-1.95,0.35,-0.001));
#8619=CARTESIAN_POINT('',(-1.7769889747493,0.35,-0.001));
#8620=CARTESIAN_POINT('',(-1.77215453069857,0.65,-0.001));
#8621=CARTESIAN_POINT('',(-7.92521074485327E-16,0.650000000000002,0.));
#8622=CARTESIAN_POINT('',(-1.95,0.65,0.));
#8623=CARTESIAN_POINT('',(-1.77215453069857,0.65,0.));
#8624=CARTESIAN_POINT('',(-1.95,0.65,-0.001));
#8625=CARTESIAN_POINT('',(-1.77215453069857,0.65,-0.001));
#8626=CARTESIAN_POINT('',(-1.95,0.65,-0.001));
#8627=CARTESIAN_POINT('',(-1.95,0.,0.));
#8628=CARTESIAN_POINT('',(-1.95,0.85,0.));
#8629=CARTESIAN_POINT('',(-1.95,0.85,-0.001));
#8630=CARTESIAN_POINT('',(-1.7769889747493,0.85,-0.001));
#8631=CARTESIAN_POINT('',(0.,0.85,0.));
#8632=CARTESIAN_POINT('',(-1.7769889747493,0.85,0.));
#8633=CARTESIAN_POINT('',(-1.7769889747493,0.85,-0.001));
#8634=CARTESIAN_POINT('',(-1.7769889747493,0.753011025250696,-0.001));
#8635=CARTESIAN_POINT('',(-1.7769889747493,0.753011025250696,0.));
#8636=CARTESIAN_POINT('',(-1.68,0.753011025250696,0.));
#8637=CARTESIAN_POINT('',(-1.68,0.753011025250696,-0.001));
#8638=CARTESIAN_POINT('',(-1.68,0.75,-0.001));
#8639=CARTESIAN_POINT('',(-1.68,0.,0.));
#8640=CARTESIAN_POINT('',(-1.68,0.742154529698571,0.));
#8641=CARTESIAN_POINT('',(-1.68,0.742154529698571,-0.001));
#8642=CARTESIAN_POINT('',(-1.77215452969857,0.742154529698571,-0.001));
#8643=CARTESIAN_POINT('',(-1.77215452969857,0.742154529698571,0.));
#8644=CARTESIAN_POINT('',(-1.7769889747493,-0.35,-0.001));
#8645=CARTESIAN_POINT('',(0.,-0.35,0.));
#8646=CARTESIAN_POINT('',(-1.95,-0.35,0.));
#8647=CARTESIAN_POINT('',(-1.7769889747493,-0.35,0.));
#8648=CARTESIAN_POINT('',(-1.95,-0.35,-0.001));
#8649=CARTESIAN_POINT('',(-1.7769889747493,-0.35,-0.001));
#8650=CARTESIAN_POINT('',(-1.95,-0.15,-0.001));
#8651=CARTESIAN_POINT('',(-1.95,0.,0.));
#8652=CARTESIAN_POINT('',(-1.95,-0.15,0.));
#8653=CARTESIAN_POINT('',(-1.95,-0.15,-0.001));
#8654=CARTESIAN_POINT('',(-1.77215453069857,-0.15,-0.001));
#8655=CARTESIAN_POINT('',(-1.82889478727385E-16,-0.150000000000002,0.));
#8656=CARTESIAN_POINT('',(-1.77215453069857,-0.15,0.));
#8657=CARTESIAN_POINT('',(-1.77215453069857,-0.15,-0.001));
#8658=CARTESIAN_POINT('',(-1.77215452969857,-0.242154529698571,-0.001));
#8659=CARTESIAN_POINT('',(-1.77215452969857,-0.242154529698571,0.));
#8660=CARTESIAN_POINT('',(-1.68,-0.242154529698571,0.));
#8661=CARTESIAN_POINT('',(-1.68,-0.242154529698571,-0.001));
#8662=CARTESIAN_POINT('',(-1.68,-0.25,-0.001));
#8663=CARTESIAN_POINT('',(-1.68,0.,0.));
#8664=CARTESIAN_POINT('',(-1.68,-0.253011025250696,0.));
#8665=CARTESIAN_POINT('',(-1.68,-0.253011025250696,-0.001));
#8666=CARTESIAN_POINT('',(-1.7769889747493,-0.253011025250696,-0.001));
#8667=CARTESIAN_POINT('',(-1.7769889747493,-0.253011025250696,0.));
#8668=CARTESIAN_POINT('',(1.95,0.15,-0.001));
#8669=CARTESIAN_POINT('',(1.95,0.,0.));
#8670=CARTESIAN_POINT('',(1.95,0.15,0.));
#8671=CARTESIAN_POINT('',(1.95,0.35,0.));
#8672=CARTESIAN_POINT('',(1.95,0.15,-0.001));
#8673=CARTESIAN_POINT('',(1.95,0.35,-0.001));
#8674=CARTESIAN_POINT('',(1.77215453069857,0.15,-0.001));
#8675=CARTESIAN_POINT('',(1.82889478727385E-16,0.150000000000002,0.));
#8676=CARTESIAN_POINT('',(1.77215453069857,0.15,0.));
#8677=CARTESIAN_POINT('',(1.77215453069857,0.15,-0.001));
#8678=CARTESIAN_POINT('',(1.77215452969857,0.242154529698571,-0.001));
#8679=CARTESIAN_POINT('',(1.77215452969857,0.242154529698571,0.));
#8680=CARTESIAN_POINT('',(1.68,0.242154529698571,0.));
#8681=CARTESIAN_POINT('',(1.68,0.242154529698571,-0.001));
#8682=CARTESIAN_POINT('',(1.68,0.25,-0.001));
#8683=CARTESIAN_POINT('',(1.68,0.,0.));
#8684=CARTESIAN_POINT('',(1.68,0.253011025250696,0.));
#8685=CARTESIAN_POINT('',(1.68,0.253011025250696,-0.001));
#8686=CARTESIAN_POINT('',(1.7769889747493,0.253011025250696,-0.001));
#8687=CARTESIAN_POINT('',(1.7769889747493,0.253011025250696,0.));
#8688=CARTESIAN_POINT('',(1.7769889747493,0.35,0.));
#8689=CARTESIAN_POINT('',(1.7769889747493,0.35,-0.001));
#8690=CARTESIAN_POINT('',(1.7769889747493,0.35,-0.001));
#8691=CARTESIAN_POINT('',(0.,0.35,0.));
#8692=CARTESIAN_POINT('',(1.7769889747493,0.85,-0.001));
#8693=CARTESIAN_POINT('',(0.,0.85,0.));
#8694=CARTESIAN_POINT('',(1.95,0.85,0.));
#8695=CARTESIAN_POINT('',(1.7769889747493,0.85,0.));
#8696=CARTESIAN_POINT('',(1.95,0.85,-0.001));
#8697=CARTESIAN_POINT('',(1.7769889747493,0.85,-0.001));
#8698=CARTESIAN_POINT('',(1.95,0.65,-0.001));
#8699=CARTESIAN_POINT('',(1.95,0.,0.));
#8700=CARTESIAN_POINT('',(1.95,0.65,0.));
#8701=CARTESIAN_POINT('',(1.95,0.65,-0.001));
#8702=CARTESIAN_POINT('',(1.77215453069857,0.65,-0.001));
#8703=CARTESIAN_POINT('',(7.92521074485327E-16,0.650000000000002,0.));
#8704=CARTESIAN_POINT('',(1.77215453069857,0.65,0.));
#8705=CARTESIAN_POINT('',(1.77215453069857,0.65,-0.001));
#8706=CARTESIAN_POINT('',(1.77215452969857,0.742154529698571,-0.001));
#8707=CARTESIAN_POINT('',(1.77215452969857,0.742154529698571,0.));
#8708=CARTESIAN_POINT('',(1.68,0.742154529698571,0.));
#8709=CARTESIAN_POINT('',(1.68,0.742154529698571,-0.001));
#8710=CARTESIAN_POINT('',(1.68,0.75,-0.001));
#8711=CARTESIAN_POINT('',(1.68,0.,0.));
#8712=CARTESIAN_POINT('',(1.68,0.753011025250696,0.));
#8713=CARTESIAN_POINT('',(1.68,0.753011025250696,-0.001));
#8714=CARTESIAN_POINT('',(1.7769889747493,0.753011025250696,-0.001));
#8715=CARTESIAN_POINT('',(1.7769889747493,0.753011025250696,0.));
#8716=CARTESIAN_POINT('',(1.77215452969857,-0.242154529698571,-0.001));
#8717=CARTESIAN_POINT('',(1.77215452969857,-0.242154529698571,0.));
#8718=CARTESIAN_POINT('',(1.77215453069857,-0.15,0.));
#8719=CARTESIAN_POINT('',(1.68,-0.242154529698571,0.));
#8720=CARTESIAN_POINT('',(1.77215453069857,-0.15,-0.001));
#8721=CARTESIAN_POINT('',(1.68,-0.242154529698571,-0.001));
#8722=CARTESIAN_POINT('',(1.77215453069857,-0.15,-0.001));
#8723=CARTESIAN_POINT('',(1.82889478727385E-16,-0.150000000000002,0.));
#8724=CARTESIAN_POINT('',(1.95,-0.15,0.));
#8725=CARTESIAN_POINT('',(1.95,-0.15,-0.001));
#8726=CARTESIAN_POINT('',(1.95,-0.15,-0.001));
#8727=CARTESIAN_POINT('',(1.95,0.,0.));
#8728=CARTESIAN_POINT('',(1.95,-0.35,0.));
#8729=CARTESIAN_POINT('',(1.95,-0.35,-0.001));
#8730=CARTESIAN_POINT('',(1.7769889747493,-0.35,-0.001));
#8731=CARTESIAN_POINT('',(0.,-0.35,0.));
#8732=CARTESIAN_POINT('',(1.7769889747493,-0.35,0.));
#8733=CARTESIAN_POINT('',(1.7769889747493,-0.35,-0.001));
#8734=CARTESIAN_POINT('',(1.7769889747493,-0.253011025250696,-0.001));
#8735=CARTESIAN_POINT('',(1.7769889747493,-0.253011025250696,0.));
#8736=CARTESIAN_POINT('',(1.68,-0.253011025250696,0.));
#8737=CARTESIAN_POINT('',(1.68,-0.253011025250696,-0.001));
#8738=CARTESIAN_POINT('',(1.68,-0.25,-0.001));
#8739=CARTESIAN_POINT('',(1.68,0.,0.));
#8740=CARTESIAN_POINT('',(1.77215452969857,-0.742154529698571,-0.001));
#8741=CARTESIAN_POINT('',(1.77215452969857,-0.742154529698571,0.));
#8742=CARTESIAN_POINT('',(1.77215453069857,-0.65,0.));
#8743=CARTESIAN_POINT('',(1.68,-0.742154529698571,0.));
#8744=CARTESIAN_POINT('',(1.77215453069857,-0.65,-0.001));
#8745=CARTESIAN_POINT('',(1.68,-0.742154529698571,-0.001));
#8746=CARTESIAN_POINT('',(1.77215453069857,-0.65,-0.001));
#8747=CARTESIAN_POINT('',(1.77215453069857,-0.65,0.));
#8748=CARTESIAN_POINT('',(1.95,-0.65,0.));
#8749=CARTESIAN_POINT('',(1.95,-0.65,-0.001));
#8750=CARTESIAN_POINT('',(1.95,-0.65,-0.001));
#8751=CARTESIAN_POINT('',(1.95,-0.65,0.));
#8752=CARTESIAN_POINT('',(1.95,-0.85,0.));
#8753=CARTESIAN_POINT('',(1.95,-0.85,-0.001));
#8754=CARTESIAN_POINT('',(1.7769889747493,-0.85,-0.001));
#8755=CARTESIAN_POINT('',(1.7769889747493,-0.85,0.));
#8756=CARTESIAN_POINT('',(1.7769889747493,-0.85,0.));
#8757=CARTESIAN_POINT('',(1.7769889747493,-0.85,-0.001));
#8758=CARTESIAN_POINT('',(1.7769889747493,-0.753011025250696,-0.001));
#8759=CARTESIAN_POINT('',(1.7769889747493,-0.753011025250696,0.));
#8760=CARTESIAN_POINT('',(1.68,-0.753011025250696,0.));
#8761=CARTESIAN_POINT('',(1.68,-0.753011025250696,-0.001));
#8762=CARTESIAN_POINT('',(1.68,-0.75,-0.001));
#8763=CARTESIAN_POINT('',(1.68,-0.75,0.));
#8764=CARTESIAN_POINT('',(0.261252893678825,-1.26874710632118,-0.001));
#8765=CARTESIAN_POINT('',(0.261252893678825,-1.26874710632118,0.));
#8766=CARTESIAN_POINT('',(0.35,-1.26874710632118,0.));
#8767=CARTESIAN_POINT('',(0.261252893678825,-1.18,0.));
#8768=CARTESIAN_POINT('',(0.35,-1.26874710632118,-0.001));
#8769=CARTESIAN_POINT('',(0.261252893678825,-1.18,-0.001));
#8770=CARTESIAN_POINT('',(0.35,-1.26874710632118,-0.001));
#8771=CARTESIAN_POINT('',(0.35,1.0467991783964E-16,0.));
#8772=CARTESIAN_POINT('',(0.35,-1.45,0.));
#8773=CARTESIAN_POINT('',(0.35,-1.45,-0.001));
#8774=CARTESIAN_POINT('',(0.15,-1.45,-0.001));
#8775=CARTESIAN_POINT('',(0.,-1.45,0.));
#8776=CARTESIAN_POINT('',(0.15,-1.45,0.));
#8777=CARTESIAN_POINT('',(0.15,-1.45,-0.001));
#8778=CARTESIAN_POINT('',(0.15,-1.27746141400874,-0.001));
#8779=CARTESIAN_POINT('',(0.15,4.71286828214366E-17,0.));
#8780=CARTESIAN_POINT('',(0.15,-1.27746141400874,0.));
#8781=CARTESIAN_POINT('',(0.15,-1.27746141400874,-0.001));
#8782=CARTESIAN_POINT('',(0.24746141400874,-1.27746141400874,-0.001));
#8783=CARTESIAN_POINT('',(0.24746141400874,-1.27746141400874,0.));
#8784=CARTESIAN_POINT('',(0.24746141400874,-1.18,0.));
#8785=CARTESIAN_POINT('',(0.24746141400874,-1.18,-0.001));
#8786=CARTESIAN_POINT('',(0.25,-1.18,-0.001));
#8787=CARTESIAN_POINT('',(0.,-1.18,0.));
#8788=CARTESIAN_POINT('',(0.75,-1.18,-0.001));
#8789=CARTESIAN_POINT('',(0.,-1.18,0.));
#8790=CARTESIAN_POINT('',(0.761252893678825,-1.18,0.));
#8791=CARTESIAN_POINT('',(0.74746141400874,-1.18,0.));
#8792=CARTESIAN_POINT('',(0.761252893678825,-1.18,-0.001));
#8793=CARTESIAN_POINT('',(0.74746141400874,-1.18,-0.001));
#8794=CARTESIAN_POINT('',(0.761252893678825,-1.26874710632118,-0.001));
#8795=CARTESIAN_POINT('',(0.761252893678825,-1.26874710632118,0.));
#8796=CARTESIAN_POINT('',(0.85,-1.26874710632118,0.));
#8797=CARTESIAN_POINT('',(0.85,-1.26874710632118,-0.001));
#8798=CARTESIAN_POINT('',(0.85,-1.26874710632118,-0.001));
#8799=CARTESIAN_POINT('',(0.85,2.54222657610554E-16,0.));
#8800=CARTESIAN_POINT('',(0.85,-1.45,0.));
#8801=CARTESIAN_POINT('',(0.85,-1.45,-0.001));
#8802=CARTESIAN_POINT('',(0.65,-1.45,-0.001));
#8803=CARTESIAN_POINT('',(0.,-1.45,0.));
#8804=CARTESIAN_POINT('',(0.65,-1.45,0.));
#8805=CARTESIAN_POINT('',(0.65,-1.45,-0.001));
#8806=CARTESIAN_POINT('',(0.65,-1.27746141400874,-0.001));
#8807=CARTESIAN_POINT('',(0.65,2.04224292226226E-16,0.));
#8808=CARTESIAN_POINT('',(0.65,-1.27746141400874,0.));
#8809=CARTESIAN_POINT('',(0.65,-1.27746141400874,-0.001));
#8810=CARTESIAN_POINT('',(0.74746141400874,-1.27746141400874,-0.001));
#8811=CARTESIAN_POINT('',(0.74746141400874,-1.27746141400874,0.));
#8812=CARTESIAN_POINT('',(-0.261252893678825,-1.26874710632118,-0.001));
#8813=CARTESIAN_POINT('',(-0.261252893678825,-1.26874710632118,0.));
#8814=CARTESIAN_POINT('',(-0.261252893678825,-1.18,0.));
#8815=CARTESIAN_POINT('',(-0.35,-1.26874710632118,0.));
#8816=CARTESIAN_POINT('',(-0.261252893678825,-1.18,-0.001));
#8817=CARTESIAN_POINT('',(-0.35,-1.26874710632118,-0.001));
#8818=CARTESIAN_POINT('',(-0.25,-1.18,-0.001));
#8819=CARTESIAN_POINT('',(0.,-1.18,0.));
#8820=CARTESIAN_POINT('',(-0.24746141400874,-1.18,0.));
#8821=CARTESIAN_POINT('',(-0.24746141400874,-1.18,-0.001));
#8822=CARTESIAN_POINT('',(-0.24746141400874,-1.27746141400874,-0.001));
#8823=CARTESIAN_POINT('',(-0.24746141400874,-1.27746141400874,0.));
#8824=CARTESIAN_POINT('',(-0.15,-1.27746141400874,0.));
#8825=CARTESIAN_POINT('',(-0.15,-1.27746141400874,-0.001));
#8826=CARTESIAN_POINT('',(-0.15,-1.27746141400874,-0.001));
#8827=CARTESIAN_POINT('',(-0.15,4.71286828214366E-17,0.));
#8828=CARTESIAN_POINT('',(-0.15,-1.45,0.));
#8829=CARTESIAN_POINT('',(-0.15,-1.45,-0.001));
#8830=CARTESIAN_POINT('',(-0.15,-1.45,-0.001));
#8831=CARTESIAN_POINT('',(0.,-1.45,0.));
#8832=CARTESIAN_POINT('',(-0.35,-1.45,0.));
#8833=CARTESIAN_POINT('',(-0.35,-1.45,-0.001));
#8834=CARTESIAN_POINT('',(-0.35,-1.26874710632118,-0.001));
#8835=CARTESIAN_POINT('',(-0.35,1.0467991783964E-16,0.));
#8836=CARTESIAN_POINT('',(-0.65,-1.45,-0.001));
#8837=CARTESIAN_POINT('',(0.,-1.45,0.));
#8838=CARTESIAN_POINT('',(-0.85,-1.45,0.));
#8839=CARTESIAN_POINT('',(-0.65,-1.45,0.));
#8840=CARTESIAN_POINT('',(-0.85,-1.45,-0.001));
#8841=CARTESIAN_POINT('',(-0.65,-1.45,-0.001));
#8842=CARTESIAN_POINT('',(-0.85,-1.26874710632118,-0.001));
#8843=CARTESIAN_POINT('',(-0.85,2.54222657610554E-16,0.));
#8844=CARTESIAN_POINT('',(-0.85,-1.26874710632118,0.));
#8845=CARTESIAN_POINT('',(-0.85,-1.26874710632118,-0.001));
#8846=CARTESIAN_POINT('',(-0.761252893678825,-1.26874710632118,-0.001));
#8847=CARTESIAN_POINT('',(-0.761252893678825,-1.26874710632118,0.));
#8848=CARTESIAN_POINT('',(-0.761252893678825,-1.18,0.));
#8849=CARTESIAN_POINT('',(-0.761252893678825,-1.18,-0.001));
#8850=CARTESIAN_POINT('',(-0.75,-1.18,-0.001));
#8851=CARTESIAN_POINT('',(0.,-1.18,0.));
#8852=CARTESIAN_POINT('',(-0.74746141400874,-1.18,0.));
#8853=CARTESIAN_POINT('',(-0.74746141400874,-1.18,-0.001));
#8854=CARTESIAN_POINT('',(-0.74746141400874,-1.27746141400874,-0.001));
#8855=CARTESIAN_POINT('',(-0.74746141400874,-1.27746141400874,0.));
#8856=CARTESIAN_POINT('',(-0.65,-1.27746141400874,0.));
#8857=CARTESIAN_POINT('',(-0.65,-1.27746141400874,-0.001));
#8858=CARTESIAN_POINT('',(-0.65,-1.27746141400874,-0.001));
#8859=CARTESIAN_POINT('',(-0.65,2.04224292226226E-16,0.));
#8860=CARTESIAN_POINT('',(-1.18682022141155,0.9,-0.001));
#8861=CARTESIAN_POINT('',(-1.18682022141155,0.9,0.));
#8862=CARTESIAN_POINT('',(-1.18682022141155,0.9,0.));
#8863=CARTESIAN_POINT('',(1.4,0.9,0.));
#8864=CARTESIAN_POINT('',(1.4,0.9,-0.001));
#8865=CARTESIAN_POINT('',(-1.18682022141155,0.9,-0.001));
#8866=CARTESIAN_POINT('',(1.4,0.9,-0.001));
#8867=CARTESIAN_POINT('',(1.4,0.9,0.));
#8868=CARTESIAN_POINT('',(1.4,-0.9,0.));
#8869=CARTESIAN_POINT('',(1.4,-0.9,-0.001));
#8870=CARTESIAN_POINT('',(1.4,-0.9,-0.001));
#8871=CARTESIAN_POINT('',(1.4,-0.9,0.));
#8872=CARTESIAN_POINT('',(-1.4,-0.9,0.));
#8873=CARTESIAN_POINT('',(-1.4,-0.9,-0.001));
#8874=CARTESIAN_POINT('',(-1.4,-0.9,-0.001));
#8875=CARTESIAN_POINT('',(-1.4,-0.9,0.));
#8876=CARTESIAN_POINT('',(-1.4,0.686820221411556,0.));
#8877=CARTESIAN_POINT('',(-1.4,0.686820221411556,-0.001));
#8878=CARTESIAN_POINT('',(-1.4,0.686820221411556,-0.001));
#8879=CARTESIAN_POINT('',(-1.4,0.686820221411556,0.));
#8880=CARTESIAN_POINT('',(0.15,1.45,-0.001));
#8881=CARTESIAN_POINT('',(0.15,1.45,0.));
#8882=CARTESIAN_POINT('',(0.35,1.45,0.));
#8883=CARTESIAN_POINT('',(0.15,1.45,0.));
#8884=CARTESIAN_POINT('',(0.35,1.45,-0.001));
#8885=CARTESIAN_POINT('',(0.15,1.45,-0.001));
#8886=CARTESIAN_POINT('',(0.35,1.26874710632118,-0.001));
#8887=CARTESIAN_POINT('',(0.35,1.26874710632118,0.));
#8888=CARTESIAN_POINT('',(0.35,1.26874710632118,0.));
#8889=CARTESIAN_POINT('',(0.35,1.26874710632118,-0.001));
#8890=CARTESIAN_POINT('',(0.261252893678825,1.26874710632118,-0.001));
#8891=CARTESIAN_POINT('',(0.261252893678825,1.26874710632118,0.));
#8892=CARTESIAN_POINT('',(0.261252893678825,1.18,0.));
#8893=CARTESIAN_POINT('',(0.261252893678825,1.18,-0.001));
#8894=CARTESIAN_POINT('',(0.25,1.18,-0.001));
#8895=CARTESIAN_POINT('',(0.25,1.18,0.));
#8896=CARTESIAN_POINT('',(0.24746141400874,1.18,0.));
#8897=CARTESIAN_POINT('',(0.24746141400874,1.18,-0.001));
#8898=CARTESIAN_POINT('',(0.24746141400874,1.27746141400874,-0.001));
#8899=CARTESIAN_POINT('',(0.24746141400874,1.27746141400874,0.));
#8900=CARTESIAN_POINT('',(0.15,1.27746141400874,0.));
#8901=CARTESIAN_POINT('',(0.15,1.27746141400874,-0.001));
#8902=CARTESIAN_POINT('',(0.15,1.27746141400874,-0.001));
#8903=CARTESIAN_POINT('',(0.15,1.27746141400874,0.));
#8904=CARTESIAN_POINT('',(2.,-1.5,0.85));
#8905=CARTESIAN_POINT('',(2.,-1.5,0.));
#8906=CARTESIAN_POINT('',(2.,-1.5,0.85));
#8907=CARTESIAN_POINT('',(0.65,1.45,-0.001));
#8908=CARTESIAN_POINT('',(0.,1.45,0.));
#8909=CARTESIAN_POINT('',(0.85,1.45,0.));
#8910=CARTESIAN_POINT('',(0.65,1.45,0.));
#8911=CARTESIAN_POINT('',(0.85,1.45,-0.001));
#8912=CARTESIAN_POINT('',(0.65,1.45,-0.001));
#8913=CARTESIAN_POINT('',(0.85,1.26874710632118,-0.001));
#8914=CARTESIAN_POINT('',(0.85,-2.54222657610554E-16,0.));
#8915=CARTESIAN_POINT('',(0.85,1.26874710632118,0.));
#8916=CARTESIAN_POINT('',(0.85,1.26874710632118,-0.001));
#8917=CARTESIAN_POINT('',(0.761252893678825,1.26874710632118,-0.001));
#8918=CARTESIAN_POINT('',(0.761252893678825,1.26874710632118,0.));
#8919=CARTESIAN_POINT('',(0.761252893678825,1.18,0.));
#8920=CARTESIAN_POINT('',(0.761252893678825,1.18,-0.001));
#8921=CARTESIAN_POINT('',(0.75,1.18,-0.001));
#8922=CARTESIAN_POINT('',(0.,1.18,0.));
#8923=CARTESIAN_POINT('',(0.74746141400874,1.18,0.));
#8924=CARTESIAN_POINT('',(0.74746141400874,1.18,-0.001));
#8925=CARTESIAN_POINT('',(0.74746141400874,1.27746141400874,-0.001));
#8926=CARTESIAN_POINT('',(0.74746141400874,1.27746141400874,0.));
#8927=CARTESIAN_POINT('',(0.65,1.27746141400874,0.));
#8928=CARTESIAN_POINT('',(0.65,1.27746141400874,-0.001));
#8929=CARTESIAN_POINT('',(0.65,1.27746141400874,-0.001));
#8930=CARTESIAN_POINT('',(0.65,-2.04224292226226E-16,0.));
#8931=CARTESIAN_POINT('',(1.15,1.45,-0.001));
#8932=CARTESIAN_POINT('',(0.,1.45,0.));
#8933=CARTESIAN_POINT('',(1.35,1.45,0.));
#8934=CARTESIAN_POINT('',(1.15,1.45,0.));
#8935=CARTESIAN_POINT('',(1.35,1.45,-0.001));
#8936=CARTESIAN_POINT('',(1.15,1.45,-0.001));
#8937=CARTESIAN_POINT('',(1.35,1.26874710632118,-0.001));
#8938=CARTESIAN_POINT('',(1.35,-4.03765397381468E-16,0.));
#8939=CARTESIAN_POINT('',(1.35,1.26874710632118,0.));
#8940=CARTESIAN_POINT('',(1.35,1.26874710632118,-0.001));
#8941=CARTESIAN_POINT('',(1.26125289367882,1.26874710632118,-0.001));
#8942=CARTESIAN_POINT('',(1.26125289367882,1.26874710632118,0.));
#8943=CARTESIAN_POINT('',(1.26125289367882,1.18,0.));
#8944=CARTESIAN_POINT('',(1.26125289367882,1.18,-0.001));
#8945=CARTESIAN_POINT('',(1.25,1.18,-0.001));
#8946=CARTESIAN_POINT('',(0.,1.18,0.));
#8947=CARTESIAN_POINT('',(1.24746141400874,1.18,0.));
#8948=CARTESIAN_POINT('',(1.24746141400874,1.18,-0.001));
#8949=CARTESIAN_POINT('',(1.24746141400874,1.27746141400874,-0.001));
#8950=CARTESIAN_POINT('',(1.24746141400874,1.27746141400874,0.));
#8951=CARTESIAN_POINT('',(1.15,1.27746141400874,0.));
#8952=CARTESIAN_POINT('',(1.15,1.27746141400874,-0.001));
#8953=CARTESIAN_POINT('',(1.15,1.27746141400874,-0.001));
#8954=CARTESIAN_POINT('',(1.15,-3.61319901631015E-16,0.));
#8955=CARTESIAN_POINT('',(-1.25,1.18,-0.001));
#8956=CARTESIAN_POINT('',(0.,1.18,0.));
#8957=CARTESIAN_POINT('',(-1.26125289367882,1.18,0.));
#8958=CARTESIAN_POINT('',(-1.24746141400874,1.18,0.));
#8959=CARTESIAN_POINT('',(-1.26125289367882,1.18,-0.001));
#8960=CARTESIAN_POINT('',(-1.24746141400874,1.18,-0.001));
#8961=CARTESIAN_POINT('',(-1.26125289367882,1.26874710632118,-0.001));
#8962=CARTESIAN_POINT('',(-1.26125289367882,1.26874710632118,0.));
#8963=CARTESIAN_POINT('',(-1.35,1.26874710632118,0.));
#8964=CARTESIAN_POINT('',(-1.35,1.26874710632118,-0.001));
#8965=CARTESIAN_POINT('',(-1.35,1.26874710632118,-0.001));
#8966=CARTESIAN_POINT('',(-1.35,-4.03765397381468E-16,0.));
#8967=CARTESIAN_POINT('',(-1.35,1.45,0.));
#8968=CARTESIAN_POINT('',(-1.35,1.45,-0.001));
#8969=CARTESIAN_POINT('',(-1.15,1.45,-0.001));
#8970=CARTESIAN_POINT('',(0.,1.45,0.));
#8971=CARTESIAN_POINT('',(-1.15,1.45,0.));
#8972=CARTESIAN_POINT('',(-1.15,1.45,-0.001));
#8973=CARTESIAN_POINT('',(-1.15,1.27746141400874,-0.001));
#8974=CARTESIAN_POINT('',(-1.15,-3.61319901631015E-16,0.));
#8975=CARTESIAN_POINT('',(-1.15,1.27746141400874,0.));
#8976=CARTESIAN_POINT('',(-1.15,1.27746141400874,-0.001));
#8977=CARTESIAN_POINT('',(-1.24746141400874,1.27746141400874,-0.001));
#8978=CARTESIAN_POINT('',(-1.24746141400874,1.27746141400874,0.));
#8979=CARTESIAN_POINT('',(-0.75,1.18,-0.001));
#8980=CARTESIAN_POINT('',(0.,1.18,0.));
#8981=CARTESIAN_POINT('',(-0.761252893678825,1.18,0.));
#8982=CARTESIAN_POINT('',(-0.74746141400874,1.18,0.));
#8983=CARTESIAN_POINT('',(-0.761252893678825,1.18,-0.001));
#8984=CARTESIAN_POINT('',(-0.74746141400874,1.18,-0.001));
#8985=CARTESIAN_POINT('',(-0.761252893678825,1.26874710632118,-0.001));
#8986=CARTESIAN_POINT('',(-0.761252893678825,1.26874710632118,0.));
#8987=CARTESIAN_POINT('',(-0.85,1.26874710632118,0.));
#8988=CARTESIAN_POINT('',(-0.85,1.26874710632118,-0.001));
#8989=CARTESIAN_POINT('',(-0.85,1.26874710632118,-0.001));
#8990=CARTESIAN_POINT('',(-0.85,-2.54222657610554E-16,0.));
#8991=CARTESIAN_POINT('',(-0.85,1.45,0.));
#8992=CARTESIAN_POINT('',(-0.85,1.45,-0.001));
#8993=CARTESIAN_POINT('',(-0.65,1.45,-0.001));
#8994=CARTESIAN_POINT('',(0.,1.45,0.));
#8995=CARTESIAN_POINT('',(-0.65,1.45,0.));
#8996=CARTESIAN_POINT('',(-0.65,1.45,-0.001));
#8997=CARTESIAN_POINT('',(-0.65,1.27746141400874,-0.001));
#8998=CARTESIAN_POINT('',(-0.65,-2.04224292226226E-16,0.));
#8999=CARTESIAN_POINT('',(-0.65,1.27746141400874,0.));
#9000=CARTESIAN_POINT('',(-0.65,1.27746141400874,-0.001));
#9001=CARTESIAN_POINT('',(-0.74746141400874,1.27746141400874,-0.001));
#9002=CARTESIAN_POINT('',(-0.74746141400874,1.27746141400874,0.));
#9003=CARTESIAN_POINT('',(-0.261252893678825,1.26874710632118,-0.001));
#9004=CARTESIAN_POINT('',(-0.261252893678825,1.26874710632118,0.));
#9005=CARTESIAN_POINT('',(-0.35,1.26874710632118,0.));
#9006=CARTESIAN_POINT('',(-0.261252893678825,1.18,0.));
#9007=CARTESIAN_POINT('',(-0.35,1.26874710632118,-0.001));
#9008=CARTESIAN_POINT('',(-0.261252893678825,1.18,-0.001));
#9009=CARTESIAN_POINT('',(-0.35,1.26874710632118,-0.001));
#9010=CARTESIAN_POINT('',(-0.35,-1.0467991783964E-16,0.));
#9011=CARTESIAN_POINT('',(-0.35,1.45,0.));
#9012=CARTESIAN_POINT('',(-0.35,1.45,-0.001));
#9013=CARTESIAN_POINT('',(-0.15,1.45,-0.001));
#9014=CARTESIAN_POINT('',(0.,1.45,0.));
#9015=CARTESIAN_POINT('',(-0.15,1.45,0.));
#9016=CARTESIAN_POINT('',(-0.15,1.45,-0.001));
#9017=CARTESIAN_POINT('',(-0.15,1.27746141400874,-0.001));
#9018=CARTESIAN_POINT('',(-0.15,-4.71286828214366E-17,0.));
#9019=CARTESIAN_POINT('',(-0.15,1.27746141400874,0.));
#9020=CARTESIAN_POINT('',(-0.15,1.27746141400874,-0.001));
#9021=CARTESIAN_POINT('',(-0.24746141400874,1.27746141400874,-0.001));
#9022=CARTESIAN_POINT('',(-0.24746141400874,1.27746141400874,0.));
#9023=CARTESIAN_POINT('',(-0.24746141400874,1.18,0.));
#9024=CARTESIAN_POINT('',(-0.24746141400874,1.18,-0.001));
#9025=CARTESIAN_POINT('',(-0.25,1.18,-0.001));
#9026=CARTESIAN_POINT('',(0.,1.18,0.));
#9027=CARTESIAN_POINT('',(1.25,-1.18,-0.001));
#9028=CARTESIAN_POINT('',(0.,-1.18,0.));
#9029=CARTESIAN_POINT('',(1.26125289367882,-1.18,0.));
#9030=CARTESIAN_POINT('',(1.24746141400874,-1.18,0.));
#9031=CARTESIAN_POINT('',(1.26125289367882,-1.18,-0.001));
#9032=CARTESIAN_POINT('',(1.24746141400874,-1.18,-0.001));
#9033=CARTESIAN_POINT('',(1.26125289367882,-1.26874710632118,-0.001));
#9034=CARTESIAN_POINT('',(1.26125289367882,-1.26874710632118,0.));
#9035=CARTESIAN_POINT('',(1.35,-1.26874710632118,0.));
#9036=CARTESIAN_POINT('',(1.35,-1.26874710632118,-0.001));
#9037=CARTESIAN_POINT('',(1.35,-1.26874710632118,-0.001));
#9038=CARTESIAN_POINT('',(1.35,4.03765397381468E-16,0.));
#9039=CARTESIAN_POINT('',(1.35,-1.45,0.));
#9040=CARTESIAN_POINT('',(1.35,-1.45,-0.001));
#9041=CARTESIAN_POINT('',(1.15,-1.45,-0.001));
#9042=CARTESIAN_POINT('',(0.,-1.45,0.));
#9043=CARTESIAN_POINT('',(1.15,-1.45,0.));
#9044=CARTESIAN_POINT('',(1.15,-1.45,-0.001));
#9045=CARTESIAN_POINT('',(1.15,-1.27746141400874,-0.001));
#9046=CARTESIAN_POINT('',(1.15,3.61319901631015E-16,0.));
#9047=CARTESIAN_POINT('',(1.15,-1.27746141400874,0.));
#9048=CARTESIAN_POINT('',(1.15,-1.27746141400874,-0.001));
#9049=CARTESIAN_POINT('',(1.24746141400874,-1.27746141400874,-0.001));
#9050=CARTESIAN_POINT('',(1.24746141400874,-1.27746141400874,0.));
#9051=CARTESIAN_POINT('',(-1.25,-1.18,-0.001));
#9052=CARTESIAN_POINT('',(0.,-1.18,0.));
#9053=CARTESIAN_POINT('',(-1.26125289367882,-1.18,0.));
#9054=CARTESIAN_POINT('',(-1.24746141400874,-1.18,0.));
#9055=CARTESIAN_POINT('',(-1.24746141400874,-1.18,-0.001));
#9056=CARTESIAN_POINT('',(-1.26125289367882,-1.18,-0.001));
#9057=CARTESIAN_POINT('',(-1.24746141400874,-1.27746141400874,-0.001));
#9058=CARTESIAN_POINT('',(-1.24746141400874,-1.27746141400874,0.));
#9059=CARTESIAN_POINT('',(-1.15,-1.27746141400874,0.));
#9060=CARTESIAN_POINT('',(-1.15,-1.27746141400874,-0.001));
#9061=CARTESIAN_POINT('',(-1.15,-1.27746141400874,-0.001));
#9062=CARTESIAN_POINT('',(-1.15,3.61319901631015E-16,0.));
#9063=CARTESIAN_POINT('',(-1.15,-1.45,0.));
#9064=CARTESIAN_POINT('',(-1.15,-1.45,-0.001));
#9065=CARTESIAN_POINT('',(-1.15,-1.45,-0.001));
#9066=CARTESIAN_POINT('',(0.,-1.45,0.));
#9067=CARTESIAN_POINT('',(-1.35,-1.45,0.));
#9068=CARTESIAN_POINT('',(-1.35,-1.45,-0.001));
#9069=CARTESIAN_POINT('',(-1.35,-1.26874710632118,-0.001));
#9070=CARTESIAN_POINT('',(-1.35,4.03765397381468E-16,0.));
#9071=CARTESIAN_POINT('',(-1.35,-1.26874710632118,0.));
#9072=CARTESIAN_POINT('',(-1.35,-1.26874710632118,-0.001));
#9073=CARTESIAN_POINT('',(-1.26125289367882,-1.26874710632118,-0.001));
#9074=CARTESIAN_POINT('',(-1.26125289367882,-1.26874710632118,0.));
#9075=CARTESIAN_POINT('',(-1.7769889747493,-0.85,-0.001));
#9076=CARTESIAN_POINT('',(0.,-0.85,0.));
#9077=CARTESIAN_POINT('',(-1.95,-0.85,0.));
#9078=CARTESIAN_POINT('',(-1.7769889747493,-0.85,0.));
#9079=CARTESIAN_POINT('',(-1.95,-0.85,-0.001));
#9080=CARTESIAN_POINT('',(-1.7769889747493,-0.85,-0.001));
#9081=CARTESIAN_POINT('',(-1.95,-0.65,-0.001));
#9082=CARTESIAN_POINT('',(-1.95,0.,0.));
#9083=CARTESIAN_POINT('',(-1.95,-0.65,0.));
#9084=CARTESIAN_POINT('',(-1.95,-0.65,-0.001));
#9085=CARTESIAN_POINT('',(-1.77215453069857,-0.65,-0.001));
#9086=CARTESIAN_POINT('',(-7.92521074485327E-16,-0.650000000000002,0.));
#9087=CARTESIAN_POINT('',(-1.77215453069857,-0.65,0.));
#9088=CARTESIAN_POINT('',(-1.77215453069857,-0.65,-0.001));
#9089=CARTESIAN_POINT('',(-1.77215452969857,-0.742154529698571,-0.001));
#9090=CARTESIAN_POINT('',(-1.77215452969857,-0.742154529698571,0.));
#9091=CARTESIAN_POINT('',(-1.68,-0.742154529698571,0.));
#9092=CARTESIAN_POINT('',(-1.68,-0.742154529698571,-0.001));
#9093=CARTESIAN_POINT('',(-1.68,-0.75,-0.001));
#9094=CARTESIAN_POINT('',(-1.68,0.,0.));
#9095=CARTESIAN_POINT('',(-1.68,-0.753011025250696,0.));
#9096=CARTESIAN_POINT('',(-1.68,-0.753011025250696,-0.001));
#9097=CARTESIAN_POINT('',(-1.7769889747493,-0.753011025250696,-0.001));
#9098=CARTESIAN_POINT('',(-1.7769889747493,-0.753011025250696,0.));
#9099=CARTESIAN_POINT('',(-1.77215452969857,0.242154529698571,-0.001));
#9100=CARTESIAN_POINT('',(-1.77215452969857,0.242154529698571,0.));
#9101=CARTESIAN_POINT('',(-1.77215453069857,0.15,0.));
#9102=CARTESIAN_POINT('',(-1.68,0.242154529698571,0.));
#9103=CARTESIAN_POINT('',(-1.77215453069857,0.15,-0.001));
#9104=CARTESIAN_POINT('',(-1.68,0.242154529698571,-0.001));
#9105=CARTESIAN_POINT('',(-1.77215453069857,0.15,-0.001));
#9106=CARTESIAN_POINT('',(-1.82889478727385E-16,0.150000000000002,0.));
#9107=CARTESIAN_POINT('',(-1.95,0.15,0.));
#9108=CARTESIAN_POINT('',(-1.95,0.15,-0.001));
#9109=CARTESIAN_POINT('',(-1.95,0.15,-0.001));
#9110=CARTESIAN_POINT('',(-1.95,0.,0.));
#9111=CARTESIAN_POINT('',(-1.95,0.35,0.));
#9112=CARTESIAN_POINT('',(-1.95,0.35,-0.001));
#9113=CARTESIAN_POINT('',(-1.7769889747493,0.35,-0.001));
#9114=CARTESIAN_POINT('',(0.,0.35,0.));
#9115=CARTESIAN_POINT('',(-1.7769889747493,0.35,0.));
#9116=CARTESIAN_POINT('',(-1.7769889747493,0.35,-0.001));
#9117=CARTESIAN_POINT('',(-1.7769889747493,0.253011025250696,-0.001));
#9118=CARTESIAN_POINT('',(-1.7769889747493,0.253011025250696,0.));
#9119=CARTESIAN_POINT('',(-1.68,0.253011025250696,0.));
#9120=CARTESIAN_POINT('',(-1.68,0.253011025250696,-0.001));
#9121=CARTESIAN_POINT('',(-1.68,0.25,-0.001));
#9122=CARTESIAN_POINT('',(-1.68,0.,0.));
#9123=CARTESIAN_POINT('',(-2.001,1.,0.));
#9124=CARTESIAN_POINT('',(-2.001,0.15,0.0995));
#9125=CARTESIAN_POINT('',(-2.001,0.35,0.0995));
#9126=CARTESIAN_POINT('',(-2.001,0.15,0.0995));
#9127=CARTESIAN_POINT('',(-2.001,0.15,0.0995));
#9128=CARTESIAN_POINT('',(-2.001,0.15,0.2));
#9129=CARTESIAN_POINT('',(-2.001,0.35,0.2));
#9130=CARTESIAN_POINT('',(-2.001,0.35,0.2));
#9131=CARTESIAN_POINT('',(-2.001,0.35,0.0995));
#9132=CARTESIAN_POINT('',(-2.001,0.5,0.));
#9133=CARTESIAN_POINT('',(-2.001,-0.35,0.0995));
#9134=CARTESIAN_POINT('',(-2.001,-0.15,0.0995));
#9135=CARTESIAN_POINT('',(-2.001,-0.35,0.0995));
#9136=CARTESIAN_POINT('',(-2.001,-0.35,0.0995));
#9137=CARTESIAN_POINT('',(-2.001,-0.35,0.2));
#9138=CARTESIAN_POINT('',(-2.001,-0.15,0.2));
#9139=CARTESIAN_POINT('',(-2.001,-0.15,0.2));
#9140=CARTESIAN_POINT('',(-2.001,-0.15,0.0995));
#9141=CARTESIAN_POINT('',(-2.001,1.5,0.));
#9142=CARTESIAN_POINT('',(-2.001,0.65,0.0995));
#9143=CARTESIAN_POINT('',(-2.001,0.85,0.0995));
#9144=CARTESIAN_POINT('',(-2.001,0.65,0.0995));
#9145=CARTESIAN_POINT('',(-2.001,0.65,0.0995));
#9146=CARTESIAN_POINT('',(-2.001,0.65,0.2));
#9147=CARTESIAN_POINT('',(-2.001,0.85,0.2));
#9148=CARTESIAN_POINT('',(-2.001,0.85,0.2));
#9149=CARTESIAN_POINT('',(-2.001,0.85,0.0995));
#9150=CARTESIAN_POINT('',(0.,0.,0.85));
#9151=CARTESIAN_POINT('',(-1.6492574443652,1.17771636546059,0.85));
#9152=CARTESIAN_POINT('',(-1.49316313519814,1.17771636546059,0.85));
#9153=CARTESIAN_POINT('',(-2.,1.5,0.85));
#9154=CARTESIAN_POINT('',(0.,0.,0.));
#9155=CARTESIAN_POINT('',(-2.,1.5,0.));
#9156=CARTESIAN_POINT('',(-2.001,0.15,0.0995));
#9157=CARTESIAN_POINT('',(-2.,0.149999999999999,0.849999999999999));
#9158=CARTESIAN_POINT('',(-2.,0.15,0.2));
#9159=CARTESIAN_POINT('',(-2.,0.15,0.0995));
#9160=CARTESIAN_POINT('',(-2.001,0.15,0.2));
#9161=CARTESIAN_POINT('',(-2.001,0.15,0.0995));
#9162=CARTESIAN_POINT('',(-2.001,0.35,0.2));
#9163=CARTESIAN_POINT('',(-2.,1.5,0.2));
#9164=CARTESIAN_POINT('',(-2.,0.35,0.2));
#9165=CARTESIAN_POINT('',(-2.001,0.35,0.2));
#9166=CARTESIAN_POINT('',(-2.001,0.35,0.0995));
#9167=CARTESIAN_POINT('',(-2.,0.349999999999999,0.849999999999999));
#9168=CARTESIAN_POINT('',(-2.,0.35,0.0995));
#9169=CARTESIAN_POINT('',(-2.001,0.35,0.0995));
#9170=CARTESIAN_POINT('',(-2.001,0.15,0.0995));
#9171=CARTESIAN_POINT('',(-2.,1.5,0.0995));
#9172=CARTESIAN_POINT('',(-2.001,-0.35,0.0995));
#9173=CARTESIAN_POINT('',(-2.,-0.350000000000001,0.849999999999998));
#9174=CARTESIAN_POINT('',(-2.,-0.35,0.2));
#9175=CARTESIAN_POINT('',(-2.,-0.35,0.0995));
#9176=CARTESIAN_POINT('',(-2.001,-0.35,0.2));
#9177=CARTESIAN_POINT('',(-2.001,-0.35,0.0995));
#9178=CARTESIAN_POINT('',(-2.001,-0.15,0.2));
#9179=CARTESIAN_POINT('',(-2.,1.5,0.2));
#9180=CARTESIAN_POINT('',(-2.,-0.15,0.2));
#9181=CARTESIAN_POINT('',(-2.001,-0.15,0.2));
#9182=CARTESIAN_POINT('',(-2.001,-0.15,0.0995));
#9183=CARTESIAN_POINT('',(-2.,-0.150000000000001,0.849999999999998));
#9184=CARTESIAN_POINT('',(-2.,-0.15,0.0995));
#9185=CARTESIAN_POINT('',(-2.001,-0.15,0.0995));
#9186=CARTESIAN_POINT('',(-2.001,-0.35,0.0995));
#9187=CARTESIAN_POINT('',(-2.,1.5,0.0995));
#9188=CARTESIAN_POINT('',(-2.001,0.85,0.2));
#9189=CARTESIAN_POINT('',(-2.,1.5,0.2));
#9190=CARTESIAN_POINT('',(-2.,0.85,0.2));
#9191=CARTESIAN_POINT('',(-2.,0.65,0.2));
#9192=CARTESIAN_POINT('',(-2.001,0.85,0.2));
#9193=CARTESIAN_POINT('',(-2.001,0.65,0.2));
#9194=CARTESIAN_POINT('',(-2.001,0.85,0.0995));
#9195=CARTESIAN_POINT('',(-2.,0.849999999999999,0.849999999999999));
#9196=CARTESIAN_POINT('',(-2.,0.85,0.0995));
#9197=CARTESIAN_POINT('',(-2.001,0.85,0.0995));
#9198=CARTESIAN_POINT('',(-2.001,0.65,0.0995));
#9199=CARTESIAN_POINT('',(-2.,1.5,0.0995));
#9200=CARTESIAN_POINT('',(-2.,0.65,0.0995));
#9201=CARTESIAN_POINT('',(-2.001,0.65,0.0995));
#9202=CARTESIAN_POINT('',(-2.001,0.65,0.0995));
#9203=CARTESIAN_POINT('',(-2.,0.649999999999999,0.849999999999999));
#9204=CARTESIAN_POINT('',(-2.,1.5,0.85));
#9205=CARTESIAN_POINT('',(-2.,1.5,0.0995));
#9206=CARTESIAN_POINT('',(-2.,-0.85,0.0995));
#9207=CARTESIAN_POINT('',(-2.,-0.65,0.0995));
#9208=CARTESIAN_POINT('',(-2.,-0.650000000000001,0.849999999999998));
#9209=CARTESIAN_POINT('',(-2.,-0.65,0.2));
#9210=CARTESIAN_POINT('',(-2.,1.5,0.2));
#9211=CARTESIAN_POINT('',(-2.,-0.85,0.2));
#9212=CARTESIAN_POINT('',(-2.,-0.850000000000001,0.849999999999997));
#9213=CARTESIAN_POINT('',(-2.001,0.,0.));
#9214=CARTESIAN_POINT('',(-2.001,-0.85,0.0995));
#9215=CARTESIAN_POINT('',(-2.001,-0.65,0.0995));
#9216=CARTESIAN_POINT('',(-2.001,-0.85,0.0995));
#9217=CARTESIAN_POINT('',(-2.001,-0.85,0.0995));
#9218=CARTESIAN_POINT('',(-2.001,-0.85,0.2));
#9219=CARTESIAN_POINT('',(-2.001,-0.65,0.2));
#9220=CARTESIAN_POINT('',(-2.001,-0.65,0.2));
#9221=CARTESIAN_POINT('',(-2.001,-0.65,0.0995));
#9222=CARTESIAN_POINT('',(-2.001,-0.65,0.0995));
#9223=CARTESIAN_POINT('',(-2.001,-0.65,0.0995));
#9224=CARTESIAN_POINT('',(-2.001,-0.65,0.2));
#9225=CARTESIAN_POINT('',(-2.001,-0.65,0.2));
#9226=CARTESIAN_POINT('',(-2.001,-0.85,0.2));
#9227=CARTESIAN_POINT('',(-2.001,-0.85,0.0995));
#9228=CARTESIAN_POINT('',(-2.001,-0.85,0.0995));
#9229=CARTESIAN_POINT('',(-2.001,-0.85,0.0995));
#9230=CARTESIAN_POINT('',(-1.35,-1.501,0.1));
#9231=CARTESIAN_POINT('',(-1.35,-1.501,0.1));
#9232=CARTESIAN_POINT('',(-1.35,-1.501,0.1));
#9233=CARTESIAN_POINT('',(-1.35,-1.501,0.1));
#9234=CARTESIAN_POINT('',(-1.35,-1.501,0.2));
#9235=CARTESIAN_POINT('',(-1.35,-1.501,0.2));
#9236=CARTESIAN_POINT('',(-1.35,-1.501,0.1));
#9237=CARTESIAN_POINT('',(-1.15,-1.501,0.1));
#9238=CARTESIAN_POINT('',(-1.15,-1.501,0.1));
#9239=CARTESIAN_POINT('',(-1.35,-1.501,0.1));
#9240=CARTESIAN_POINT('',(-1.15,-1.501,0.1));
#9241=CARTESIAN_POINT('',(-1.15,-1.501,0.2));
#9242=CARTESIAN_POINT('',(-1.15,-1.501,0.2));
#9243=CARTESIAN_POINT('',(-1.15,-1.501,0.1));
#9244=CARTESIAN_POINT('',(-1.15,-1.501,0.2));
#9245=CARTESIAN_POINT('',(-1.15,-1.501,0.2));
#9246=CARTESIAN_POINT('',(0.,-1.501,0.));
#9247=CARTESIAN_POINT('',(-1.6492574443652,1.17771636546059,0.836328714153861));
#9248=CARTESIAN_POINT('',(-1.6492574443652,1.17771636546059,0.836328714153861));
#9249=CARTESIAN_POINT('',(-1.49316313519814,1.17771636546059,0.836328714153861));
#9250=CARTESIAN_POINT('',(-1.6492574443652,1.17771636546059,0.836328714153861));
#9251=MECHANICAL_DESIGN_GEOMETRIC_PRESENTATION_REPRESENTATION('',(#4351,
#4352,#4353,#4354,#4355,#4356,#4357,#4358,#4359,#4360,#4361,#4362,#4363,
#4364,#4365,#4366,#4367,#4368,#4369,#4370,#4371,#4372,#4373,#4374,#4375,
#4376,#4377,#4378,#4379,#4380,#4381,#4382,#4383,#4384,#4385,#4386,#4387,
#4388,#4389,#4390,#4391,#4392,#4393,#4394,#4395,#4396,#4397,#4398,#4399,
#4400,#4401,#4402,#4403,#4404,#4405,#4406,#4407,#4408,#4409,#4410,#4411,
#4412,#4413,#4414,#4415,#4416,#4417,#4418,#4419,#4420,#4421,#4422,#4423,
#4424,#4425,#4426,#4427,#4428,#4429,#4430,#4431,#4432,#4433,#4434,#4435,
#4436,#4437,#4438,#4439,#4440,#4441,#4442,#4443,#4444,#4445,#4446,#4447,
#4448,#4449,#4450,#4451,#4452,#4453,#4454,#4455,#4456,#4457,#4458,#4459,
#4460,#4461,#4462,#4463,#4464,#4465,#4466,#4467,#4468,#4469,#4470,#4471,
#4472,#4473,#4474,#4475,#4476,#4477,#4478,#4479,#4480,#4481,#4482,#4483,
#4484,#4485,#4486,#4487,#4488,#4489,#4490,#4491,#4492,#4493,#4494,#4495,
#4496,#4497,#4498,#4499,#4500,#4501,#4502,#4503,#4504,#4505,#4506,#4507,
#4508,#4509,#4510,#4511,#4512,#4513,#4514,#4515,#4516,#4517,#4518,#4519,
#4520,#4521,#4522,#4523,#4524,#4525,#4526,#4527,#4528,#4529,#4530,#4531,
#4532,#4533,#4534,#4535,#4536,#4537,#4538,#4539,#4540,#4541,#4542,#4543,
#4544,#4545,#4546,#4547,#4548,#4549,#4550,#4551,#4552,#4553,#4554,#4555,
#4556,#4557,#4558,#4559,#4560,#4561,#4562,#4563,#4564,#4565,#4566,#4567,
#4568,#4569,#4570,#4571,#4572,#4573,#4574,#4575,#4576,#4577,#4578,#4579,
#4580,#4581,#4582,#4583,#4584,#4585,#4586,#4587,#4588,#4589,#4590,#4591,
#4592,#4593,#4594,#4595,#4596,#4597,#4598,#4599,#4600,#4601,#4602,#4603,
#4604),#9252);
#9252=(
GEOMETRIC_REPRESENTATION_CONTEXT(3)
GLOBAL_UNCERTAINTY_ASSIGNED_CONTEXT((#9253))
GLOBAL_UNIT_ASSIGNED_CONTEXT((#9256,#9255,#9254))
REPRESENTATION_CONTEXT('QPA0001','TOP_LEVEL_ASSEMBLY_PART')
);
#9253=UNCERTAINTY_MEASURE_WITH_UNIT(LENGTH_MEASURE(0.005),#9256,
'DISTANCE_ACCURACY_VALUE','Maximum Tolerance applied to model');
#9254=(
NAMED_UNIT(*)
SI_UNIT($,.STERADIAN.)
SOLID_ANGLE_UNIT()
);
#9255=(
NAMED_UNIT(*)
PLANE_ANGLE_UNIT()
SI_UNIT($,.RADIAN.)
);
#9256=(
LENGTH_UNIT()
NAMED_UNIT(*)
SI_UNIT(.MILLI.,.METRE.)
);
#9257=PRODUCT_DEFINITION_SHAPE('','',#9258);
#9258=PRODUCT_DEFINITION('','',#9260,#9259);
#9259=PRODUCT_DEFINITION_CONTEXT('',#9266,'design');
#9260=PRODUCT_DEFINITION_FORMATION_WITH_SPECIFIED_SOURCE('','',#9262,
 .NOT_KNOWN.);
#9261=PRODUCT_RELATED_PRODUCT_CATEGORY('','',(#9262));
#9262=PRODUCT('QPA0001','QPA0001','QPA0001',(#9264));
#9263=PRODUCT_CATEGORY('','');
#9264=PRODUCT_CONTEXT('',#9266,'mechanical');
#9265=APPLICATION_PROTOCOL_DEFINITION('international standard',
'automotive_design',2010,#9266);
#9266=APPLICATION_CONTEXT(
'core data for automotive mechanical design processes');
ENDSEC;
END-ISO-10303-21;
